participant_code,city,weekend_number_global,property_slug,clutter_treatment,clutter_high,cue_recognition,nasa_tlx_mental,nasa_tlx_physical,nasa_tlx_temporal,nasa_tlx_performance,nasa_tlx_effort,nasa_tlx_frustration,visual_complexity,whole_experiment_time_seconds,choice_task_time_seconds,gender,age,student_status,household_structure,paris_resident,booking_familiarity,belief_thumb_quality,noticed_decoy_checkmark,noticed_decoy_badge,accommodation_preference_open,choice_process_open,belief_thumb_meaning_open,thumb_use_open,feedback_open,failed_comprehension_prize,failed_comprehension_choice_city_weekend,failed_comprehension_no_cancellation,preference_consistency,cued_choice_preference_consistency,n_hotels_in_choice_set,property_page_visits_number,decision_time_seconds,decision_time_imputed,loading_time_seconds,cued_weekend,listing_chosen,listing_clicked,listing_n_clicks,time_on_listing_page_seconds,cluster,cued_listing,checkin,choice_set,would_be_cued,is_substitute_listing,replaced_property_slug
synth0001,arcachon,1,c6x3ovh9dvr1ed78xwzffbcubje69i2lt,N,FALSE,0,25,28,76,80,0,25,4,3603,3130.786999940872,Femme,66,Étudiant,J'habite seul,1,3,4,0,0,distance depuis la mer ou le centre-ville ou une grande ville; distance depuis la gare/aéroport; le prix.,"Pour choisir les logements sur le site, j'ai procédé en sélectionnant d'abord par ordre de priorité. Pour les villes dont le centre ville ne m'intéressait pas, j'ai choisi de prioriser mes choix en fonction de la distance de la plage, des équipements du logement et de l'accessibilité des transports. Pour le cas général, j'ai d'abord priorisé les options possibles dans le logement et j'ai privilégié les hôtels : pas de ménage, restauration possible et équipements de type climatisation disponibles.",que c est ok j aime ou je prefere,je n'ai pas fait attention,expérience intéressante,0,0,0,NA,NA,9,9,321.23101392760873,FALSE,147.58107461361215,TRUE,FALSE,FALSE,0,NA,2,FALSE,2026-10-02,choice_set_1,FALSE,FALSE,NA
synth0001,arcachon,1,82p-1e1brxreu99r0ms5p2qiuh2amneipz62y5qnf-p4735f,N,FALSE,0,25,28,76,80,0,25,4,3603,3130.786999940872,Femme,66,Étudiant,J'habite seul,1,3,4,0,0,distance depuis la mer ou le centre-ville ou une grande ville; distance depuis la gare/aéroport; le prix.,"Pour choisir les logements sur le site, j'ai procédé en sélectionnant d'abord par ordre de priorité. Pour les villes dont le centre ville ne m'intéressait pas, j'ai choisi de prioriser mes choix en fonction de la distance de la plage, des équipements du logement et de l'accessibilité des transports. Pour le cas général, j'ai d'abord priorisé les options possibles dans le logement et j'ai privilégié les hôtels : pas de ménage, restauration possible et équipements de type climatisation disponibles.",que c est ok j aime ou je prefere,je n'ai pas fait attention,expérience intéressante,0,0,0,NA,NA,9,9,321.23101392760873,FALSE,147.58107461361215,TRUE,FALSE,FALSE,0,NA,1,FALSE,2026-10-02,choice_set_1,TRUE,FALSE,NA
synth0001,arcachon,1,4fto7wlzabx7y1n7b450j1-je8nn16-8z45q039tkqi,N,FALSE,0,25,28,76,80,0,25,4,3603,3130.786999940872,Femme,66,Étudiant,J'habite seul,1,3,4,0,0,distance depuis la mer ou le centre-ville ou une grande ville; distance depuis la gare/aéroport; le prix.,"Pour choisir les logements sur le site, j'ai procédé en sélectionnant d'abord par ordre de priorité. Pour les villes dont le centre ville ne m'intéressait pas, j'ai choisi de prioriser mes choix en fonction de la distance de la plage, des équipements du logement et de l'accessibilité des transports. Pour le cas général, j'ai d'abord priorisé les options possibles dans le logement et j'ai privilégié les hôtels : pas de ménage, restauration possible et équipements de type climatisation disponibles.",que c est ok j aime ou je prefere,je n'ai pas fait attention,expérience intéressante,0,0,0,NA,NA,9,9,321.23101392760873,FALSE,147.58107461361215,TRUE,FALSE,FALSE,0,NA,1,FALSE,2026-10-02,choice_set_1,FALSE,FALSE,NA
synth0001,arcachon,1,4aq61b4hpc-mla34-f,N,FALSE,0,25,28,76,80,0,25,4,3603,3130.786999940872,Femme,66,Étudiant,J'habite seul,1,3,4,0,0,distance depuis la mer ou le centre-ville ou une grande ville; distance depuis la gare/aéroport; le prix.,"Pour choisir les logements sur le site, j'ai procédé en sélectionnant d'abord par ordre de priorité. Pour les villes dont le centre ville ne m'intéressait pas, j'ai choisi de prioriser mes choix en fonction de la distance de la plage, des équipements du logement et de l'accessibilité des transports. Pour le cas général, j'ai d'abord priorisé les options possibles dans le logement et j'ai privilégié les hôtels : pas de ménage, restauration possible et équipements de type climatisation disponibles.",que c est ok j aime ou je prefere,je n'ai pas fait attention,expérience intéressante,0,0,0,NA,NA,9,9,321.23101392760873,FALSE,147.58107461361215,TRUE,TRUE,TRUE,7,101.84085052809678,1,TRUE,2026-10-02,choice_set_1,FALSE,FALSE,NA
synth0001,arcachon,1,ycr1o2typx6vzt,N,FALSE,0,25,28,76,80,0,25,4,3603,3130.786999940872,Femme,66,Étudiant,J'habite seul,1,3,4,0,0,distance depuis la mer ou le centre-ville ou une grande ville; distance depuis la gare/aéroport; le prix.,"Pour choisir les logements sur le site, j'ai procédé en sélectionnant d'abord par ordre de priorité. Pour les villes dont le centre ville ne m'intéressait pas, j'ai choisi de prioriser mes choix en fonction de la distance de la plage, des équipements du logement et de l'accessibilité des transports. Pour le cas général, j'ai d'abord priorisé les options possibles dans le logement et j'ai privilégié les hôtels : pas de ménage, restauration possible et équipements de type climatisation disponibles.",que c est ok j aime ou je prefere,je n'ai pas fait attention,expérience intéressante,0,0,0,NA,NA,9,9,321.23101392760873,FALSE,147.58107461361215,TRUE,FALSE,TRUE,7,92.56968999630772,2,FALSE,2026-10-02,choice_set_1,FALSE,FALSE,NA
synth0001,arcachon,1,-ou7yank1r79tog03evtk1iwzks1u9vy3uufjxgnljy-b87040,N,FALSE,0,25,28,76,80,0,25,4,3603,3130.786999940872,Femme,66,Étudiant,J'habite seul,1,3,4,0,0,distance depuis la mer ou le centre-ville ou une grande ville; distance depuis la gare/aéroport; le prix.,"Pour choisir les logements sur le site, j'ai procédé en sélectionnant d'abord par ordre de priorité. Pour les villes dont le centre ville ne m'intéressait pas, j'ai choisi de prioriser mes choix en fonction de la distance de la plage, des équipements du logement et de l'accessibilité des transports. Pour le cas général, j'ai d'abord priorisé les options possibles dans le logement et j'ai privilégié les hôtels : pas de ménage, restauration possible et équipements de type climatisation disponibles.",que c est ok j aime ou je prefere,je n'ai pas fait attention,expérience intéressante,0,0,0,NA,NA,9,9,321.23101392760873,FALSE,147.58107461361215,TRUE,FALSE,FALSE,0,NA,2,FALSE,2026-10-02,choice_set_1,TRUE,FALSE,NA
synth0001,arcachon,1,xutk6n16295vge45rm3b1c62tijg1ryjisocvt7wq,N,FALSE,0,25,28,76,80,0,25,4,3603,3130.786999940872,Femme,66,Étudiant,J'habite seul,1,3,4,0,0,distance depuis la mer ou le centre-ville ou une grande ville; distance depuis la gare/aéroport; le prix.,"Pour choisir les logements sur le site, j'ai procédé en sélectionnant d'abord par ordre de priorité. Pour les villes dont le centre ville ne m'intéressait pas, j'ai choisi de prioriser mes choix en fonction de la distance de la plage, des équipements du logement et de l'accessibilité des transports. Pour le cas général, j'ai d'abord priorisé les options possibles dans le logement et j'ai privilégié les hôtels : pas de ménage, restauration possible et équipements de type climatisation disponibles.",que c est ok j aime ou je prefere,je n'ai pas fait attention,expérience intéressante,0,0,0,NA,NA,9,9,321.23101392760873,FALSE,147.58107461361215,TRUE,FALSE,FALSE,0,NA,3,FALSE,2026-10-02,choice_set_1,TRUE,FALSE,NA
synth0001,arcachon,1,q3j-j7dyz6vsfy3ybikf4ena,N,FALSE,0,25,28,76,80,0,25,4,3603,3130.786999940872,Femme,66,Étudiant,J'habite seul,1,3,4,0,0,distance depuis la mer ou le centre-ville ou une grande ville; distance depuis la gare/aéroport; le prix.,"Pour choisir les logements sur le site, j'ai procédé en sélectionnant d'abord par ordre de priorité. Pour les villes dont le centre ville ne m'intéressait pas, j'ai choisi de prioriser mes choix en fonction de la distance de la plage, des équipements du logement et de l'accessibilité des transports. Pour le cas général, j'ai d'abord priorisé les options possibles dans le logement et j'ai privilégié les hôtels : pas de ménage, restauration possible et équipements de type climatisation disponibles.",que c est ok j aime ou je prefere,je n'ai pas fait attention,expérience intéressante,0,0,0,NA,NA,9,9,321.23101392760873,FALSE,147.58107461361215,TRUE,FALSE,FALSE,0,NA,3,FALSE,2026-10-02,choice_set_1,FALSE,FALSE,NA
synth0001,arcachon,1,lvadcet7w9ti0c4,N,FALSE,0,25,28,76,80,0,25,4,3603,3130.786999940872,Femme,66,Étudiant,J'habite seul,1,3,4,0,0,distance depuis la mer ou le centre-ville ou une grande ville; distance depuis la gare/aéroport; le prix.,"Pour choisir les logements sur le site, j'ai procédé en sélectionnant d'abord par ordre de priorité. Pour les villes dont le centre ville ne m'intéressait pas, j'ai choisi de prioriser mes choix en fonction de la distance de la plage, des équipements du logement et de l'accessibilité des transports. Pour le cas général, j'ai d'abord priorisé les options possibles dans le logement et j'ai privilégié les hôtels : pas de ménage, restauration possible et équipements de type climatisation disponibles.",que c est ok j aime ou je prefere,je n'ai pas fait attention,expérience intéressante,0,0,0,NA,NA,9,9,321.23101392760873,FALSE,147.58107461361215,TRUE,FALSE,FALSE,0,NA,3,FALSE,2026-10-02,choice_set_1,FALSE,FALSE,NA
synth0001,arcachon,2,y1owsjmakzjoqh9fj0tyxppc5ucjugs2x2387uz6fwru6knb81p,N,FALSE,0,25,28,76,80,0,25,4,3603,3130.786999940872,Femme,66,Étudiant,J'habite seul,1,3,4,0,0,distance depuis la mer ou le centre-ville ou une grande ville; distance depuis la gare/aéroport; le prix.,"Pour choisir les logements sur le site, j'ai procédé en sélectionnant d'abord par ordre de priorité. Pour les villes dont le centre ville ne m'intéressait pas, j'ai choisi de prioriser mes choix en fonction de la distance de la plage, des équipements du logement et de l'accessibilité des transports. Pour le cas général, j'ai d'abord priorisé les options possibles dans le logement et j'ai privilégié les hôtels : pas de ménage, restauration possible et équipements de type climatisation disponibles.",que c est ok j aime ou je prefere,je n'ai pas fait attention,expérience intéressante,0,0,0,NA,NA,9,7,113.21158868842758,FALSE,64.64652022044174,TRUE,FALSE,TRUE,3,264.1877739247866,2,FALSE,2026-10-23,choice_set_2,FALSE,FALSE,NA
synth0001,arcachon,2,h4-wjk0w6vodj,N,FALSE,0,25,28,76,80,0,25,4,3603,3130.786999940872,Femme,66,Étudiant,J'habite seul,1,3,4,0,0,distance depuis la mer ou le centre-ville ou une grande ville; distance depuis la gare/aéroport; le prix.,"Pour choisir les logements sur le site, j'ai procédé en sélectionnant d'abord par ordre de priorité. Pour les villes dont le centre ville ne m'intéressait pas, j'ai choisi de prioriser mes choix en fonction de la distance de la plage, des équipements du logement et de l'accessibilité des transports. Pour le cas général, j'ai d'abord priorisé les options possibles dans le logement et j'ai privilégié les hôtels : pas de ménage, restauration possible et équipements de type climatisation disponibles.",que c est ok j aime ou je prefere,je n'ai pas fait attention,expérience intéressante,0,0,0,NA,NA,9,7,113.21158868842758,FALSE,64.64652022044174,TRUE,FALSE,FALSE,0,NA,3,TRUE,2026-10-23,choice_set_2,FALSE,FALSE,NA
synth0001,arcachon,2,18th5ckmrue4trchsjol857amgkkm-7o-n-z,N,FALSE,0,25,28,76,80,0,25,4,3603,3130.786999940872,Femme,66,Étudiant,J'habite seul,1,3,4,0,0,distance depuis la mer ou le centre-ville ou une grande ville; distance depuis la gare/aéroport; le prix.,"Pour choisir les logements sur le site, j'ai procédé en sélectionnant d'abord par ordre de priorité. Pour les villes dont le centre ville ne m'intéressait pas, j'ai choisi de prioriser mes choix en fonction de la distance de la plage, des équipements du logement et de l'accessibilité des transports. Pour le cas général, j'ai d'abord priorisé les options possibles dans le logement et j'ai privilégié les hôtels : pas de ménage, restauration possible et équipements de type climatisation disponibles.",que c est ok j aime ou je prefere,je n'ai pas fait attention,expérience intéressante,0,0,0,NA,NA,9,7,113.21158868842758,FALSE,64.64652022044174,TRUE,FALSE,FALSE,0,NA,3,FALSE,2026-10-23,choice_set_2,TRUE,FALSE,NA
synth0001,arcachon,2,rq7l38tzyht16u7elcrah3t7usrx27vdw,N,FALSE,0,25,28,76,80,0,25,4,3603,3130.786999940872,Femme,66,Étudiant,J'habite seul,1,3,4,0,0,distance depuis la mer ou le centre-ville ou une grande ville; distance depuis la gare/aéroport; le prix.,"Pour choisir les logements sur le site, j'ai procédé en sélectionnant d'abord par ordre de priorité. Pour les villes dont le centre ville ne m'intéressait pas, j'ai choisi de prioriser mes choix en fonction de la distance de la plage, des équipements du logement et de l'accessibilité des transports. Pour le cas général, j'ai d'abord priorisé les options possibles dans le logement et j'ai privilégié les hôtels : pas de ménage, restauration possible et équipements de type climatisation disponibles.",que c est ok j aime ou je prefere,je n'ai pas fait attention,expérience intéressante,0,0,0,NA,NA,9,7,113.21158868842758,FALSE,64.64652022044174,TRUE,FALSE,FALSE,0,NA,2,FALSE,2026-10-23,choice_set_2,TRUE,FALSE,NA
synth0001,arcachon,2,tisuq7gda1q9702zu8m791j506an5153-78x7x1r3vzt43hy8,N,FALSE,0,25,28,76,80,0,25,4,3603,3130.786999940872,Femme,66,Étudiant,J'habite seul,1,3,4,0,0,distance depuis la mer ou le centre-ville ou une grande ville; distance depuis la gare/aéroport; le prix.,"Pour choisir les logements sur le site, j'ai procédé en sélectionnant d'abord par ordre de priorité. Pour les villes dont le centre ville ne m'intéressait pas, j'ai choisi de prioriser mes choix en fonction de la distance de la plage, des équipements du logement et de l'accessibilité des transports. Pour le cas général, j'ai d'abord priorisé les options possibles dans le logement et j'ai privilégié les hôtels : pas de ménage, restauration possible et équipements de type climatisation disponibles.",que c est ok j aime ou je prefere,je n'ai pas fait attention,expérience intéressante,0,0,0,NA,NA,9,7,113.21158868842758,FALSE,64.64652022044174,TRUE,FALSE,FALSE,0,NA,1,FALSE,2026-10-23,choice_set_2,FALSE,FALSE,NA
synth0001,arcachon,2,d16ftni14xfvkirs6k67-a3rdognj8gexeu,N,FALSE,0,25,28,76,80,0,25,4,3603,3130.786999940872,Femme,66,Étudiant,J'habite seul,1,3,4,0,0,distance depuis la mer ou le centre-ville ou une grande ville; distance depuis la gare/aéroport; le prix.,"Pour choisir les logements sur le site, j'ai procédé en sélectionnant d'abord par ordre de priorité. Pour les villes dont le centre ville ne m'intéressait pas, j'ai choisi de prioriser mes choix en fonction de la distance de la plage, des équipements du logement et de l'accessibilité des transports. Pour le cas général, j'ai d'abord priorisé les options possibles dans le logement et j'ai privilégié les hôtels : pas de ménage, restauration possible et équipements de type climatisation disponibles.",que c est ok j aime ou je prefere,je n'ai pas fait attention,expérience intéressante,0,0,0,NA,NA,9,7,113.21158868842758,FALSE,64.64652022044174,TRUE,FALSE,TRUE,2,226.4033474563621,3,FALSE,2026-10-23,choice_set_2,FALSE,FALSE,NA
synth0001,arcachon,2,020q7tzlxx3v3j,N,FALSE,0,25,28,76,80,0,25,4,3603,3130.786999940872,Femme,66,Étudiant,J'habite seul,1,3,4,0,0,distance depuis la mer ou le centre-ville ou une grande ville; distance depuis la gare/aéroport; le prix.,"Pour choisir les logements sur le site, j'ai procédé en sélectionnant d'abord par ordre de priorité. Pour les villes dont le centre ville ne m'intéressait pas, j'ai choisi de prioriser mes choix en fonction de la distance de la plage, des équipements du logement et de l'accessibilité des transports. Pour le cas général, j'ai d'abord priorisé les options possibles dans le logement et j'ai privilégié les hôtels : pas de ménage, restauration possible et équipements de type climatisation disponibles.",que c est ok j aime ou je prefere,je n'ai pas fait attention,expérience intéressante,0,0,0,NA,NA,9,7,113.21158868842758,FALSE,64.64652022044174,TRUE,TRUE,TRUE,1,93.1841754168272,1,FALSE,2026-10-23,choice_set_2,TRUE,FALSE,NA
synth0001,arcachon,2,b9hnq-qp5ycniixc986-vd20hlixc,N,FALSE,0,25,28,76,80,0,25,4,3603,3130.786999940872,Femme,66,Étudiant,J'habite seul,1,3,4,0,0,distance depuis la mer ou le centre-ville ou une grande ville; distance depuis la gare/aéroport; le prix.,"Pour choisir les logements sur le site, j'ai procédé en sélectionnant d'abord par ordre de priorité. Pour les villes dont le centre ville ne m'intéressait pas, j'ai choisi de prioriser mes choix en fonction de la distance de la plage, des équipements du logement et de l'accessibilité des transports. Pour le cas général, j'ai d'abord priorisé les options possibles dans le logement et j'ai privilégié les hôtels : pas de ménage, restauration possible et équipements de type climatisation disponibles.",que c est ok j aime ou je prefere,je n'ai pas fait attention,expérience intéressante,0,0,0,NA,NA,9,7,113.21158868842758,FALSE,64.64652022044174,TRUE,FALSE,FALSE,0,NA,2,FALSE,2026-10-23,choice_set_2,FALSE,FALSE,NA
synth0001,arcachon,2,g0w5ot80sbv-6dr-8yn0jwjuf1h4zx-,N,FALSE,0,25,28,76,80,0,25,4,3603,3130.786999940872,Femme,66,Étudiant,J'habite seul,1,3,4,0,0,distance depuis la mer ou le centre-ville ou une grande ville; distance depuis la gare/aéroport; le prix.,"Pour choisir les logements sur le site, j'ai procédé en sélectionnant d'abord par ordre de priorité. Pour les villes dont le centre ville ne m'intéressait pas, j'ai choisi de prioriser mes choix en fonction de la distance de la plage, des équipements du logement et de l'accessibilité des transports. Pour le cas général, j'ai d'abord priorisé les options possibles dans le logement et j'ai privilégié les hôtels : pas de ménage, restauration possible et équipements de type climatisation disponibles.",que c est ok j aime ou je prefere,je n'ai pas fait attention,expérience intéressante,0,0,0,NA,NA,9,7,113.21158868842758,FALSE,64.64652022044174,TRUE,FALSE,FALSE,0,NA,1,FALSE,2026-10-23,choice_set_2,FALSE,FALSE,NA
synth0001,arcachon,3,rcefpm6jn7pqbow0c7c-v6cnpj0hwi8773y3i-,N,FALSE,0,25,28,76,80,0,25,4,3603,3130.786999940872,Femme,66,Étudiant,J'habite seul,1,3,4,0,0,distance depuis la mer ou le centre-ville ou une grande ville; distance depuis la gare/aéroport; le prix.,"Pour choisir les logements sur le site, j'ai procédé en sélectionnant d'abord par ordre de priorité. Pour les villes dont le centre ville ne m'intéressait pas, j'ai choisi de prioriser mes choix en fonction de la distance de la plage, des équipements du logement et de l'accessibilité des transports. Pour le cas général, j'ai d'abord priorisé les options possibles dans le logement et j'ai privilégié les hôtels : pas de ménage, restauration possible et équipements de type climatisation disponibles.",que c est ok j aime ou je prefere,je n'ai pas fait attention,expérience intéressante,0,0,0,NA,NA,9,10,416.81339544965886,FALSE,106.7504030095879,FALSE,FALSE,TRUE,1,294.3245036411099,1,FALSE,2026-10-02,choice_set_3,TRUE,FALSE,NA
synth0001,arcachon,3,7cqxkht1w6spjjsmw-a7w9lfqatzs-cst4n76vgj3yj,N,FALSE,0,25,28,76,80,0,25,4,3603,3130.786999940872,Femme,66,Étudiant,J'habite seul,1,3,4,0,0,distance depuis la mer ou le centre-ville ou une grande ville; distance depuis la gare/aéroport; le prix.,"Pour choisir les logements sur le site, j'ai procédé en sélectionnant d'abord par ordre de priorité. Pour les villes dont le centre ville ne m'intéressait pas, j'ai choisi de prioriser mes choix en fonction de la distance de la plage, des équipements du logement et de l'accessibilité des transports. Pour le cas général, j'ai d'abord priorisé les options possibles dans le logement et j'ai privilégié les hôtels : pas de ménage, restauration possible et équipements de type climatisation disponibles.",que c est ok j aime ou je prefere,je n'ai pas fait attention,expérience intéressante,0,0,0,NA,NA,9,10,416.81339544965886,FALSE,106.7504030095879,FALSE,FALSE,FALSE,0,NA,2,FALSE,2026-10-02,choice_set_3,FALSE,FALSE,NA
synth0001,arcachon,3,siv0hsgzphwup420jtrphu-wb6141i6q,N,FALSE,0,25,28,76,80,0,25,4,3603,3130.786999940872,Femme,66,Étudiant,J'habite seul,1,3,4,0,0,distance depuis la mer ou le centre-ville ou une grande ville; distance depuis la gare/aéroport; le prix.,"Pour choisir les logements sur le site, j'ai procédé en sélectionnant d'abord par ordre de priorité. Pour les villes dont le centre ville ne m'intéressait pas, j'ai choisi de prioriser mes choix en fonction de la distance de la plage, des équipements du logement et de l'accessibilité des transports. Pour le cas général, j'ai d'abord priorisé les options possibles dans le logement et j'ai privilégié les hôtels : pas de ménage, restauration possible et équipements de type climatisation disponibles.",que c est ok j aime ou je prefere,je n'ai pas fait attention,expérience intéressante,0,0,0,NA,NA,9,10,416.81339544965886,FALSE,106.7504030095879,FALSE,TRUE,TRUE,13,133.5399652342312,2,FALSE,2026-10-02,choice_set_3,TRUE,FALSE,NA
synth0001,arcachon,3,k10pnw-sg6xohf763--00qqz30smrjc1uj6kmg,N,FALSE,0,25,28,76,80,0,25,4,3603,3130.786999940872,Femme,66,Étudiant,J'habite seul,1,3,4,0,0,distance depuis la mer ou le centre-ville ou une grande ville; distance depuis la gare/aéroport; le prix.,"Pour choisir les logements sur le site, j'ai procédé en sélectionnant d'abord par ordre de priorité. Pour les villes dont le centre ville ne m'intéressait pas, j'ai choisi de prioriser mes choix en fonction de la distance de la plage, des équipements du logement et de l'accessibilité des transports. Pour le cas général, j'ai d'abord priorisé les options possibles dans le logement et j'ai privilégié les hôtels : pas de ménage, restauration possible et équipements de type climatisation disponibles.",que c est ok j aime ou je prefere,je n'ai pas fait attention,expérience intéressante,0,0,0,NA,NA,9,10,416.81339544965886,FALSE,106.7504030095879,FALSE,FALSE,FALSE,0,NA,1,FALSE,2026-10-02,choice_set_3,FALSE,FALSE,NA
synth0001,arcachon,3,netwscbj18xqjywm0-qyi1sm6lass-w04vmnthnbn,N,FALSE,0,25,28,76,80,0,25,4,3603,3130.786999940872,Femme,66,Étudiant,J'habite seul,1,3,4,0,0,distance depuis la mer ou le centre-ville ou une grande ville; distance depuis la gare/aéroport; le prix.,"Pour choisir les logements sur le site, j'ai procédé en sélectionnant d'abord par ordre de priorité. Pour les villes dont le centre ville ne m'intéressait pas, j'ai choisi de prioriser mes choix en fonction de la distance de la plage, des équipements du logement et de l'accessibilité des transports. Pour le cas général, j'ai d'abord priorisé les options possibles dans le logement et j'ai privilégié les hôtels : pas de ménage, restauration possible et équipements de type climatisation disponibles.",que c est ok j aime ou je prefere,je n'ai pas fait attention,expérience intéressante,0,0,0,NA,NA,9,10,416.81339544965886,FALSE,106.7504030095879,FALSE,FALSE,FALSE,0,NA,3,FALSE,2026-10-02,choice_set_3,TRUE,FALSE,NA
synth0001,arcachon,3,jb5c7113jyslr4rihh8hjj7ktb4yj59owxy,N,FALSE,0,25,28,76,80,0,25,4,3603,3130.786999940872,Femme,66,Étudiant,J'habite seul,1,3,4,0,0,distance depuis la mer ou le centre-ville ou une grande ville; distance depuis la gare/aéroport; le prix.,"Pour choisir les logements sur le site, j'ai procédé en sélectionnant d'abord par ordre de priorité. Pour les villes dont le centre ville ne m'intéressait pas, j'ai choisi de prioriser mes choix en fonction de la distance de la plage, des équipements du logement et de l'accessibilité des transports. Pour le cas général, j'ai d'abord priorisé les options possibles dans le logement et j'ai privilégié les hôtels : pas de ménage, restauration possible et équipements de type climatisation disponibles.",que c est ok j aime ou je prefere,je n'ai pas fait attention,expérience intéressante,0,0,0,NA,NA,9,10,416.81339544965886,FALSE,106.7504030095879,FALSE,FALSE,FALSE,0,NA,3,FALSE,2026-10-02,choice_set_3,FALSE,FALSE,NA
synth0001,arcachon,3,7esweuq8j17vexloz61wnlrg,N,FALSE,0,25,28,76,80,0,25,4,3603,3130.786999940872,Femme,66,Étudiant,J'habite seul,1,3,4,0,0,distance depuis la mer ou le centre-ville ou une grande ville; distance depuis la gare/aéroport; le prix.,"Pour choisir les logements sur le site, j'ai procédé en sélectionnant d'abord par ordre de priorité. Pour les villes dont le centre ville ne m'intéressait pas, j'ai choisi de prioriser mes choix en fonction de la distance de la plage, des équipements du logement et de l'accessibilité des transports. Pour le cas général, j'ai d'abord priorisé les options possibles dans le logement et j'ai privilégié les hôtels : pas de ménage, restauration possible et équipements de type climatisation disponibles.",que c est ok j aime ou je prefere,je n'ai pas fait attention,expérience intéressante,0,0,0,NA,NA,9,10,416.81339544965886,FALSE,106.7504030095879,FALSE,FALSE,FALSE,0,NA,2,FALSE,2026-10-02,choice_set_3,FALSE,FALSE,NA
synth0001,arcachon,3,fsbhxu6y1y6fs9uaa,N,FALSE,0,25,28,76,80,0,25,4,3603,3130.786999940872,Femme,66,Étudiant,J'habite seul,1,3,4,0,0,distance depuis la mer ou le centre-ville ou une grande ville; distance depuis la gare/aéroport; le prix.,"Pour choisir les logements sur le site, j'ai procédé en sélectionnant d'abord par ordre de priorité. Pour les villes dont le centre ville ne m'intéressait pas, j'ai choisi de prioriser mes choix en fonction de la distance de la plage, des équipements du logement et de l'accessibilité des transports. Pour le cas général, j'ai d'abord priorisé les options possibles dans le logement et j'ai privilégié les hôtels : pas de ménage, restauration possible et équipements de type climatisation disponibles.",que c est ok j aime ou je prefere,je n'ai pas fait attention,expérience intéressante,0,0,0,NA,NA,9,10,416.81339544965886,FALSE,106.7504030095879,FALSE,FALSE,FALSE,0,NA,1,FALSE,2026-10-02,choice_set_3,FALSE,FALSE,NA
synth0001,arcachon,3,z0ru3k63j--sfhpqhko4,N,FALSE,0,25,28,76,80,0,25,4,3603,3130.786999940872,Femme,66,Étudiant,J'habite seul,1,3,4,0,0,distance depuis la mer ou le centre-ville ou une grande ville; distance depuis la gare/aéroport; le prix.,"Pour choisir les logements sur le site, j'ai procédé en sélectionnant d'abord par ordre de priorité. Pour les villes dont le centre ville ne m'intéressait pas, j'ai choisi de prioriser mes choix en fonction de la distance de la plage, des équipements du logement et de l'accessibilité des transports. Pour le cas général, j'ai d'abord priorisé les options possibles dans le logement et j'ai privilégié les hôtels : pas de ménage, restauration possible et équipements de type climatisation disponibles.",que c est ok j aime ou je prefere,je n'ai pas fait attention,expérience intéressante,0,0,0,NA,NA,9,10,416.81339544965886,FALSE,106.7504030095879,FALSE,FALSE,FALSE,0,NA,3,FALSE,2026-10-02,choice_set_3,FALSE,FALSE,NA
synth0001,arcachon,4,udexl19blal4aj4cqdykjpg84uz2-mdh8imeldyjcqz,N,FALSE,0,25,28,76,80,0,25,4,3603,3130.786999940872,Femme,66,Étudiant,J'habite seul,1,3,4,0,0,distance depuis la mer ou le centre-ville ou une grande ville; distance depuis la gare/aéroport; le prix.,"Pour choisir les logements sur le site, j'ai procédé en sélectionnant d'abord par ordre de priorité. Pour les villes dont le centre ville ne m'intéressait pas, j'ai choisi de prioriser mes choix en fonction de la distance de la plage, des équipements du logement et de l'accessibilité des transports. Pour le cas général, j'ai d'abord priorisé les options possibles dans le logement et j'ai privilégié les hôtels : pas de ménage, restauration possible et équipements de type climatisation disponibles.",que c est ok j aime ou je prefere,je n'ai pas fait attention,expérience intéressante,0,0,0,NA,NA,9,6,79.60042316722684,FALSE,153.32201720308512,TRUE,FALSE,FALSE,0,NA,3,FALSE,2026-11-13,choice_set_4,TRUE,FALSE,NA
synth0001,arcachon,4,tlt18cl84twjz4a8men0065a5n6tccw6ffnthi99og2o3pq,N,FALSE,0,25,28,76,80,0,25,4,3603,3130.786999940872,Femme,66,Étudiant,J'habite seul,1,3,4,0,0,distance depuis la mer ou le centre-ville ou une grande ville; distance depuis la gare/aéroport; le prix.,"Pour choisir les logements sur le site, j'ai procédé en sélectionnant d'abord par ordre de priorité. Pour les villes dont le centre ville ne m'intéressait pas, j'ai choisi de prioriser mes choix en fonction de la distance de la plage, des équipements du logement et de l'accessibilité des transports. Pour le cas général, j'ai d'abord priorisé les options possibles dans le logement et j'ai privilégié les hôtels : pas de ménage, restauration possible et équipements de type climatisation disponibles.",que c est ok j aime ou je prefere,je n'ai pas fait attention,expérience intéressante,0,0,0,NA,NA,9,6,79.60042316722684,FALSE,153.32201720308512,TRUE,FALSE,FALSE,0,NA,3,FALSE,2026-11-13,choice_set_4,FALSE,FALSE,NA
synth0001,arcachon,4,shkj01,N,FALSE,0,25,28,76,80,0,25,4,3603,3130.786999940872,Femme,66,Étudiant,J'habite seul,1,3,4,0,0,distance depuis la mer ou le centre-ville ou une grande ville; distance depuis la gare/aéroport; le prix.,"Pour choisir les logements sur le site, j'ai procédé en sélectionnant d'abord par ordre de priorité. Pour les villes dont le centre ville ne m'intéressait pas, j'ai choisi de prioriser mes choix en fonction de la distance de la plage, des équipements du logement et de l'accessibilité des transports. Pour le cas général, j'ai d'abord priorisé les options possibles dans le logement et j'ai privilégié les hôtels : pas de ménage, restauration possible et équipements de type climatisation disponibles.",que c est ok j aime ou je prefere,je n'ai pas fait attention,expérience intéressante,0,0,0,NA,NA,9,6,79.60042316722684,FALSE,153.32201720308512,TRUE,FALSE,TRUE,2,NA,1,FALSE,2026-11-13,choice_set_4,FALSE,FALSE,NA
synth0001,arcachon,4,31p5w-g-lf3qw,N,FALSE,0,25,28,76,80,0,25,4,3603,3130.786999940872,Femme,66,Étudiant,J'habite seul,1,3,4,0,0,distance depuis la mer ou le centre-ville ou une grande ville; distance depuis la gare/aéroport; le prix.,"Pour choisir les logements sur le site, j'ai procédé en sélectionnant d'abord par ordre de priorité. Pour les villes dont le centre ville ne m'intéressait pas, j'ai choisi de prioriser mes choix en fonction de la distance de la plage, des équipements du logement et de l'accessibilité des transports. Pour le cas général, j'ai d'abord priorisé les options possibles dans le logement et j'ai privilégié les hôtels : pas de ménage, restauration possible et équipements de type climatisation disponibles.",que c est ok j aime ou je prefere,je n'ai pas fait attention,expérience intéressante,0,0,0,NA,NA,9,6,79.60042316722684,FALSE,153.32201720308512,TRUE,FALSE,FALSE,0,NA,2,FALSE,2026-11-13,choice_set_4,TRUE,FALSE,NA
synth0001,arcachon,4,1-avural824axcabmfvgl2am48yyo-kxs86yqlkem5u,N,FALSE,0,25,28,76,80,0,25,4,3603,3130.786999940872,Femme,66,Étudiant,J'habite seul,1,3,4,0,0,distance depuis la mer ou le centre-ville ou une grande ville; distance depuis la gare/aéroport; le prix.,"Pour choisir les logements sur le site, j'ai procédé en sélectionnant d'abord par ordre de priorité. Pour les villes dont le centre ville ne m'intéressait pas, j'ai choisi de prioriser mes choix en fonction de la distance de la plage, des équipements du logement et de l'accessibilité des transports. Pour le cas général, j'ai d'abord priorisé les options possibles dans le logement et j'ai privilégié les hôtels : pas de ménage, restauration possible et équipements de type climatisation disponibles.",que c est ok j aime ou je prefere,je n'ai pas fait attention,expérience intéressante,0,0,0,NA,NA,9,6,79.60042316722684,FALSE,153.32201720308512,TRUE,TRUE,TRUE,13,NA,2,TRUE,2026-11-13,choice_set_4,FALSE,FALSE,NA
synth0001,arcachon,4,00b0ld1g41mzjacagibnu2rl,N,FALSE,0,25,28,76,80,0,25,4,3603,3130.786999940872,Femme,66,Étudiant,J'habite seul,1,3,4,0,0,distance depuis la mer ou le centre-ville ou une grande ville; distance depuis la gare/aéroport; le prix.,"Pour choisir les logements sur le site, j'ai procédé en sélectionnant d'abord par ordre de priorité. Pour les villes dont le centre ville ne m'intéressait pas, j'ai choisi de prioriser mes choix en fonction de la distance de la plage, des équipements du logement et de l'accessibilité des transports. Pour le cas général, j'ai d'abord priorisé les options possibles dans le logement et j'ai privilégié les hôtels : pas de ménage, restauration possible et équipements de type climatisation disponibles.",que c est ok j aime ou je prefere,je n'ai pas fait attention,expérience intéressante,0,0,0,NA,NA,9,6,79.60042316722684,FALSE,153.32201720308512,TRUE,FALSE,FALSE,0,NA,1,FALSE,2026-11-13,choice_set_4,TRUE,FALSE,NA
synth0001,arcachon,4,y8zi6n0lnl5twvdme9t63iim7420i1olr,N,FALSE,0,25,28,76,80,0,25,4,3603,3130.786999940872,Femme,66,Étudiant,J'habite seul,1,3,4,0,0,distance depuis la mer ou le centre-ville ou une grande ville; distance depuis la gare/aéroport; le prix.,"Pour choisir les logements sur le site, j'ai procédé en sélectionnant d'abord par ordre de priorité. Pour les villes dont le centre ville ne m'intéressait pas, j'ai choisi de prioriser mes choix en fonction de la distance de la plage, des équipements du logement et de l'accessibilité des transports. Pour le cas général, j'ai d'abord priorisé les options possibles dans le logement et j'ai privilégié les hôtels : pas de ménage, restauration possible et équipements de type climatisation disponibles.",que c est ok j aime ou je prefere,je n'ai pas fait attention,expérience intéressante,0,0,0,NA,NA,9,6,79.60042316722684,FALSE,153.32201720308512,TRUE,FALSE,FALSE,0,NA,2,FALSE,2026-11-13,choice_set_4,FALSE,FALSE,NA
synth0001,arcachon,4,opwlkrmoddw-m1tn4wf733gn-h4cy5lsympe-hlb6slowam3b,N,FALSE,0,25,28,76,80,0,25,4,3603,3130.786999940872,Femme,66,Étudiant,J'habite seul,1,3,4,0,0,distance depuis la mer ou le centre-ville ou une grande ville; distance depuis la gare/aéroport; le prix.,"Pour choisir les logements sur le site, j'ai procédé en sélectionnant d'abord par ordre de priorité. Pour les villes dont le centre ville ne m'intéressait pas, j'ai choisi de prioriser mes choix en fonction de la distance de la plage, des équipements du logement et de l'accessibilité des transports. Pour le cas général, j'ai d'abord priorisé les options possibles dans le logement et j'ai privilégié les hôtels : pas de ménage, restauration possible et équipements de type climatisation disponibles.",que c est ok j aime ou je prefere,je n'ai pas fait attention,expérience intéressante,0,0,0,NA,NA,9,6,79.60042316722684,FALSE,153.32201720308512,TRUE,FALSE,FALSE,0,NA,1,FALSE,2026-11-13,choice_set_4,FALSE,FALSE,NA
synth0001,arcachon,4,fc6-lf,N,FALSE,0,25,28,76,80,0,25,4,3603,3130.786999940872,Femme,66,Étudiant,J'habite seul,1,3,4,0,0,distance depuis la mer ou le centre-ville ou une grande ville; distance depuis la gare/aéroport; le prix.,"Pour choisir les logements sur le site, j'ai procédé en sélectionnant d'abord par ordre de priorité. Pour les villes dont le centre ville ne m'intéressait pas, j'ai choisi de prioriser mes choix en fonction de la distance de la plage, des équipements du logement et de l'accessibilité des transports. Pour le cas général, j'ai d'abord priorisé les options possibles dans le logement et j'ai privilégié les hôtels : pas de ménage, restauration possible et équipements de type climatisation disponibles.",que c est ok j aime ou je prefere,je n'ai pas fait attention,expérience intéressante,0,0,0,NA,NA,9,6,79.60042316722684,FALSE,153.32201720308512,TRUE,FALSE,FALSE,0,NA,3,FALSE,2026-11-13,choice_set_4,FALSE,FALSE,NA
synth0001,sete,5,gb8kficw57j2dl1tw207uczls,N,FALSE,0,25,28,76,80,0,25,4,3603,3130.786999940872,Femme,66,Étudiant,J'habite seul,1,3,4,0,0,distance depuis la mer ou le centre-ville ou une grande ville; distance depuis la gare/aéroport; le prix.,"Pour choisir les logements sur le site, j'ai procédé en sélectionnant d'abord par ordre de priorité. Pour les villes dont le centre ville ne m'intéressait pas, j'ai choisi de prioriser mes choix en fonction de la distance de la plage, des équipements du logement et de l'accessibilité des transports. Pour le cas général, j'ai d'abord priorisé les options possibles dans le logement et j'ai privilégié les hôtels : pas de ménage, restauration possible et équipements de type climatisation disponibles.",que c est ok j aime ou je prefere,je n'ai pas fait attention,expérience intéressante,0,0,0,FALSE,NA,9,2,445.0335756870918,FALSE,165.34969686483964,FALSE,FALSE,FALSE,0,NA,2,FALSE,2026-11-13,choice_set_1,FALSE,TRUE,j03f653e22ffszqlbv707d-pb-
synth0001,sete,5,1em8p999a1rd5j7ucttcnojebgp9wm6rylq9lbnq27edg4h,N,FALSE,0,25,28,76,80,0,25,4,3603,3130.786999940872,Femme,66,Étudiant,J'habite seul,1,3,4,0,0,distance depuis la mer ou le centre-ville ou une grande ville; distance depuis la gare/aéroport; le prix.,"Pour choisir les logements sur le site, j'ai procédé en sélectionnant d'abord par ordre de priorité. Pour les villes dont le centre ville ne m'intéressait pas, j'ai choisi de prioriser mes choix en fonction de la distance de la plage, des équipements du logement et de l'accessibilité des transports. Pour le cas général, j'ai d'abord priorisé les options possibles dans le logement et j'ai privilégié les hôtels : pas de ménage, restauration possible et équipements de type climatisation disponibles.",que c est ok j aime ou je prefere,je n'ai pas fait attention,expérience intéressante,0,0,0,FALSE,NA,9,2,445.0335756870918,FALSE,165.34969686483964,FALSE,FALSE,TRUE,11,232.82034806790762,1,FALSE,2026-11-13,choice_set_1,TRUE,FALSE,NA
synth0001,sete,5,rxsc100bj0f03e4ttfbzcptiy5gmzyl02xb6nvo8s2qy1sli0fbw5mkfas,N,FALSE,0,25,28,76,80,0,25,4,3603,3130.786999940872,Femme,66,Étudiant,J'habite seul,1,3,4,0,0,distance depuis la mer ou le centre-ville ou une grande ville; distance depuis la gare/aéroport; le prix.,"Pour choisir les logements sur le site, j'ai procédé en sélectionnant d'abord par ordre de priorité. Pour les villes dont le centre ville ne m'intéressait pas, j'ai choisi de prioriser mes choix en fonction de la distance de la plage, des équipements du logement et de l'accessibilité des transports. Pour le cas général, j'ai d'abord priorisé les options possibles dans le logement et j'ai privilégié les hôtels : pas de ménage, restauration possible et équipements de type climatisation disponibles.",que c est ok j aime ou je prefere,je n'ai pas fait attention,expérience intéressante,0,0,0,FALSE,NA,9,2,445.0335756870918,FALSE,165.34969686483964,FALSE,FALSE,FALSE,0,NA,1,FALSE,2026-11-13,choice_set_1,FALSE,FALSE,NA
synth0001,sete,5,h4gloi44ozunahkb0cx1o8i7fy,N,FALSE,0,25,28,76,80,0,25,4,3603,3130.786999940872,Femme,66,Étudiant,J'habite seul,1,3,4,0,0,distance depuis la mer ou le centre-ville ou une grande ville; distance depuis la gare/aéroport; le prix.,"Pour choisir les logements sur le site, j'ai procédé en sélectionnant d'abord par ordre de priorité. Pour les villes dont le centre ville ne m'intéressait pas, j'ai choisi de prioriser mes choix en fonction de la distance de la plage, des équipements du logement et de l'accessibilité des transports. Pour le cas général, j'ai d'abord priorisé les options possibles dans le logement et j'ai privilégié les hôtels : pas de ménage, restauration possible et équipements de type climatisation disponibles.",que c est ok j aime ou je prefere,je n'ai pas fait attention,expérience intéressante,0,0,0,FALSE,NA,9,2,445.0335756870918,FALSE,165.34969686483964,FALSE,FALSE,FALSE,0,NA,3,FALSE,2026-11-13,choice_set_1,FALSE,FALSE,NA
synth0001,sete,5,04wtik2c5i,N,FALSE,0,25,28,76,80,0,25,4,3603,3130.786999940872,Femme,66,Étudiant,J'habite seul,1,3,4,0,0,distance depuis la mer ou le centre-ville ou une grande ville; distance depuis la gare/aéroport; le prix.,"Pour choisir les logements sur le site, j'ai procédé en sélectionnant d'abord par ordre de priorité. Pour les villes dont le centre ville ne m'intéressait pas, j'ai choisi de prioriser mes choix en fonction de la distance de la plage, des équipements du logement et de l'accessibilité des transports. Pour le cas général, j'ai d'abord priorisé les options possibles dans le logement et j'ai privilégié les hôtels : pas de ménage, restauration possible et équipements de type climatisation disponibles.",que c est ok j aime ou je prefere,je n'ai pas fait attention,expérience intéressante,0,0,0,FALSE,NA,9,2,445.0335756870918,FALSE,165.34969686483964,FALSE,TRUE,TRUE,9,177.426640028134,3,FALSE,2026-11-13,choice_set_1,TRUE,FALSE,NA
synth0001,sete,5,hcqoa83lq0c5bgnyhrgltjs5m4r1,N,FALSE,0,25,28,76,80,0,25,4,3603,3130.786999940872,Femme,66,Étudiant,J'habite seul,1,3,4,0,0,distance depuis la mer ou le centre-ville ou une grande ville; distance depuis la gare/aéroport; le prix.,"Pour choisir les logements sur le site, j'ai procédé en sélectionnant d'abord par ordre de priorité. Pour les villes dont le centre ville ne m'intéressait pas, j'ai choisi de prioriser mes choix en fonction de la distance de la plage, des équipements du logement et de l'accessibilité des transports. Pour le cas général, j'ai d'abord priorisé les options possibles dans le logement et j'ai privilégié les hôtels : pas de ménage, restauration possible et équipements de type climatisation disponibles.",que c est ok j aime ou je prefere,je n'ai pas fait attention,expérience intéressante,0,0,0,FALSE,NA,9,2,445.0335756870918,FALSE,165.34969686483964,FALSE,FALSE,FALSE,0,NA,2,FALSE,2026-11-13,choice_set_1,TRUE,FALSE,NA
synth0001,sete,5,t2xufgdz6zc5257ydbl,N,FALSE,0,25,28,76,80,0,25,4,3603,3130.786999940872,Femme,66,Étudiant,J'habite seul,1,3,4,0,0,distance depuis la mer ou le centre-ville ou une grande ville; distance depuis la gare/aéroport; le prix.,"Pour choisir les logements sur le site, j'ai procédé en sélectionnant d'abord par ordre de priorité. Pour les villes dont le centre ville ne m'intéressait pas, j'ai choisi de prioriser mes choix en fonction de la distance de la plage, des équipements du logement et de l'accessibilité des transports. Pour le cas général, j'ai d'abord priorisé les options possibles dans le logement et j'ai privilégié les hôtels : pas de ménage, restauration possible et équipements de type climatisation disponibles.",que c est ok j aime ou je prefere,je n'ai pas fait attention,expérience intéressante,0,0,0,FALSE,NA,9,2,445.0335756870918,FALSE,165.34969686483964,FALSE,FALSE,FALSE,0,NA,2,FALSE,2026-11-13,choice_set_1,FALSE,FALSE,NA
synth0001,sete,5,j1xkg8vhygs8war87p5ga80d22-dfnng7x3,N,FALSE,0,25,28,76,80,0,25,4,3603,3130.786999940872,Femme,66,Étudiant,J'habite seul,1,3,4,0,0,distance depuis la mer ou le centre-ville ou une grande ville; distance depuis la gare/aéroport; le prix.,"Pour choisir les logements sur le site, j'ai procédé en sélectionnant d'abord par ordre de priorité. Pour les villes dont le centre ville ne m'intéressait pas, j'ai choisi de prioriser mes choix en fonction de la distance de la plage, des équipements du logement et de l'accessibilité des transports. Pour le cas général, j'ai d'abord priorisé les options possibles dans le logement et j'ai privilégié les hôtels : pas de ménage, restauration possible et équipements de type climatisation disponibles.",que c est ok j aime ou je prefere,je n'ai pas fait attention,expérience intéressante,0,0,0,FALSE,NA,9,2,445.0335756870918,FALSE,165.34969686483964,FALSE,FALSE,TRUE,4,NA,3,FALSE,2026-11-13,choice_set_1,FALSE,FALSE,NA
synth0001,sete,5,0eg0ukvdbtrx78u0b2,N,FALSE,0,25,28,76,80,0,25,4,3603,3130.786999940872,Femme,66,Étudiant,J'habite seul,1,3,4,0,0,distance depuis la mer ou le centre-ville ou une grande ville; distance depuis la gare/aéroport; le prix.,"Pour choisir les logements sur le site, j'ai procédé en sélectionnant d'abord par ordre de priorité. Pour les villes dont le centre ville ne m'intéressait pas, j'ai choisi de prioriser mes choix en fonction de la distance de la plage, des équipements du logement et de l'accessibilité des transports. Pour le cas général, j'ai d'abord priorisé les options possibles dans le logement et j'ai privilégié les hôtels : pas de ménage, restauration possible et équipements de type climatisation disponibles.",que c est ok j aime ou je prefere,je n'ai pas fait attention,expérience intéressante,0,0,0,FALSE,NA,9,2,445.0335756870918,FALSE,165.34969686483964,FALSE,FALSE,FALSE,0,NA,1,FALSE,2026-11-13,choice_set_1,FALSE,FALSE,NA
synth0001,sete,6,anafl21-9l9wk5vj57uhx87w848revrpn781vzyo,N,FALSE,0,25,28,76,80,0,25,4,3603,3130.786999940872,Femme,66,Étudiant,J'habite seul,1,3,4,0,0,distance depuis la mer ou le centre-ville ou une grande ville; distance depuis la gare/aéroport; le prix.,"Pour choisir les logements sur le site, j'ai procédé en sélectionnant d'abord par ordre de priorité. Pour les villes dont le centre ville ne m'intéressait pas, j'ai choisi de prioriser mes choix en fonction de la distance de la plage, des équipements du logement et de l'accessibilité des transports. Pour le cas général, j'ai d'abord priorisé les options possibles dans le logement et j'ai privilégié les hôtels : pas de ménage, restauration possible et équipements de type climatisation disponibles.",que c est ok j aime ou je prefere,je n'ai pas fait attention,expérience intéressante,0,0,0,FALSE,NA,9,9,126.48302310449071,FALSE,37.180263665970415,FALSE,FALSE,FALSE,0,NA,1,FALSE,2026-10-30,choice_set_2,FALSE,FALSE,NA
synth0001,sete,6,zcs64967-w-taln,N,FALSE,0,25,28,76,80,0,25,4,3603,3130.786999940872,Femme,66,Étudiant,J'habite seul,1,3,4,0,0,distance depuis la mer ou le centre-ville ou une grande ville; distance depuis la gare/aéroport; le prix.,"Pour choisir les logements sur le site, j'ai procédé en sélectionnant d'abord par ordre de priorité. Pour les villes dont le centre ville ne m'intéressait pas, j'ai choisi de prioriser mes choix en fonction de la distance de la plage, des équipements du logement et de l'accessibilité des transports. Pour le cas général, j'ai d'abord priorisé les options possibles dans le logement et j'ai privilégié les hôtels : pas de ménage, restauration possible et équipements de type climatisation disponibles.",que c est ok j aime ou je prefere,je n'ai pas fait attention,expérience intéressante,0,0,0,FALSE,NA,9,9,126.48302310449071,FALSE,37.180263665970415,FALSE,FALSE,FALSE,0,NA,2,FALSE,2026-10-30,choice_set_2,TRUE,FALSE,NA
synth0001,sete,6,dgtoh7-osre51h6yu3kfnjier86az1elqachjylvr7svo3lli7,N,FALSE,0,25,28,76,80,0,25,4,3603,3130.786999940872,Femme,66,Étudiant,J'habite seul,1,3,4,0,0,distance depuis la mer ou le centre-ville ou une grande ville; distance depuis la gare/aéroport; le prix.,"Pour choisir les logements sur le site, j'ai procédé en sélectionnant d'abord par ordre de priorité. Pour les villes dont le centre ville ne m'intéressait pas, j'ai choisi de prioriser mes choix en fonction de la distance de la plage, des équipements du logement et de l'accessibilité des transports. Pour le cas général, j'ai d'abord priorisé les options possibles dans le logement et j'ai privilégié les hôtels : pas de ménage, restauration possible et équipements de type climatisation disponibles.",que c est ok j aime ou je prefere,je n'ai pas fait attention,expérience intéressante,0,0,0,FALSE,NA,9,9,126.48302310449071,FALSE,37.180263665970415,FALSE,FALSE,FALSE,0,NA,3,FALSE,2026-10-30,choice_set_2,TRUE,TRUE,yzaoyfe-mwe5zozey2tkxl6s9x0j05
synth0001,sete,6,w0gjfvcil9hig5egmyrkyp8,N,FALSE,0,25,28,76,80,0,25,4,3603,3130.786999940872,Femme,66,Étudiant,J'habite seul,1,3,4,0,0,distance depuis la mer ou le centre-ville ou une grande ville; distance depuis la gare/aéroport; le prix.,"Pour choisir les logements sur le site, j'ai procédé en sélectionnant d'abord par ordre de priorité. Pour les villes dont le centre ville ne m'intéressait pas, j'ai choisi de prioriser mes choix en fonction de la distance de la plage, des équipements du logement et de l'accessibilité des transports. Pour le cas général, j'ai d'abord priorisé les options possibles dans le logement et j'ai privilégié les hôtels : pas de ménage, restauration possible et équipements de type climatisation disponibles.",que c est ok j aime ou je prefere,je n'ai pas fait attention,expérience intéressante,0,0,0,FALSE,NA,9,9,126.48302310449071,FALSE,37.180263665970415,FALSE,FALSE,FALSE,0,NA,3,FALSE,2026-10-30,choice_set_2,FALSE,FALSE,NA
synth0001,sete,6,oy9y34gcgt9idp491heu1n74mio,N,FALSE,0,25,28,76,80,0,25,4,3603,3130.786999940872,Femme,66,Étudiant,J'habite seul,1,3,4,0,0,distance depuis la mer ou le centre-ville ou une grande ville; distance depuis la gare/aéroport; le prix.,"Pour choisir les logements sur le site, j'ai procédé en sélectionnant d'abord par ordre de priorité. Pour les villes dont le centre ville ne m'intéressait pas, j'ai choisi de prioriser mes choix en fonction de la distance de la plage, des équipements du logement et de l'accessibilité des transports. Pour le cas général, j'ai d'abord priorisé les options possibles dans le logement et j'ai privilégié les hôtels : pas de ménage, restauration possible et équipements de type climatisation disponibles.",que c est ok j aime ou je prefere,je n'ai pas fait attention,expérience intéressante,0,0,0,FALSE,NA,9,9,126.48302310449071,FALSE,37.180263665970415,FALSE,FALSE,FALSE,0,NA,1,FALSE,2026-10-30,choice_set_2,FALSE,FALSE,NA
synth0001,sete,6,nq0toku,N,FALSE,0,25,28,76,80,0,25,4,3603,3130.786999940872,Femme,66,Étudiant,J'habite seul,1,3,4,0,0,distance depuis la mer ou le centre-ville ou une grande ville; distance depuis la gare/aéroport; le prix.,"Pour choisir les logements sur le site, j'ai procédé en sélectionnant d'abord par ordre de priorité. Pour les villes dont le centre ville ne m'intéressait pas, j'ai choisi de prioriser mes choix en fonction de la distance de la plage, des équipements du logement et de l'accessibilité des transports. Pour le cas général, j'ai d'abord priorisé les options possibles dans le logement et j'ai privilégié les hôtels : pas de ménage, restauration possible et équipements de type climatisation disponibles.",que c est ok j aime ou je prefere,je n'ai pas fait attention,expérience intéressante,0,0,0,FALSE,NA,9,9,126.48302310449071,FALSE,37.180263665970415,FALSE,FALSE,FALSE,0,NA,2,FALSE,2026-10-30,choice_set_2,FALSE,TRUE,43f1j8ktn4e5hzuihabmxwh3jmasjpqx1dj
synth0001,sete,6,hhnppp93u4djel911m,N,FALSE,0,25,28,76,80,0,25,4,3603,3130.786999940872,Femme,66,Étudiant,J'habite seul,1,3,4,0,0,distance depuis la mer ou le centre-ville ou une grande ville; distance depuis la gare/aéroport; le prix.,"Pour choisir les logements sur le site, j'ai procédé en sélectionnant d'abord par ordre de priorité. Pour les villes dont le centre ville ne m'intéressait pas, j'ai choisi de prioriser mes choix en fonction de la distance de la plage, des équipements du logement et de l'accessibilité des transports. Pour le cas général, j'ai d'abord priorisé les options possibles dans le logement et j'ai privilégié les hôtels : pas de ménage, restauration possible et équipements de type climatisation disponibles.",que c est ok j aime ou je prefere,je n'ai pas fait attention,expérience intéressante,0,0,0,FALSE,NA,9,9,126.48302310449071,FALSE,37.180263665970415,FALSE,TRUE,TRUE,5,NA,3,FALSE,2026-10-30,choice_set_2,FALSE,FALSE,NA
synth0001,sete,6,ka43j2xulw3tbwwgyvcpko,N,FALSE,0,25,28,76,80,0,25,4,3603,3130.786999940872,Femme,66,Étudiant,J'habite seul,1,3,4,0,0,distance depuis la mer ou le centre-ville ou une grande ville; distance depuis la gare/aéroport; le prix.,"Pour choisir les logements sur le site, j'ai procédé en sélectionnant d'abord par ordre de priorité. Pour les villes dont le centre ville ne m'intéressait pas, j'ai choisi de prioriser mes choix en fonction de la distance de la plage, des équipements du logement et de l'accessibilité des transports. Pour le cas général, j'ai d'abord priorisé les options possibles dans le logement et j'ai privilégié les hôtels : pas de ménage, restauration possible et équipements de type climatisation disponibles.",que c est ok j aime ou je prefere,je n'ai pas fait attention,expérience intéressante,0,0,0,FALSE,NA,9,9,126.48302310449071,FALSE,37.180263665970415,FALSE,FALSE,FALSE,0,NA,2,FALSE,2026-10-30,choice_set_2,FALSE,FALSE,NA
synth0001,sete,6,ar5ehtjrqq2anszblcpytb4ff1mvvtsclbtw0olmj9-jvokmuizxgrt8l,N,FALSE,0,25,28,76,80,0,25,4,3603,3130.786999940872,Femme,66,Étudiant,J'habite seul,1,3,4,0,0,distance depuis la mer ou le centre-ville ou une grande ville; distance depuis la gare/aéroport; le prix.,"Pour choisir les logements sur le site, j'ai procédé en sélectionnant d'abord par ordre de priorité. Pour les villes dont le centre ville ne m'intéressait pas, j'ai choisi de prioriser mes choix en fonction de la distance de la plage, des équipements du logement et de l'accessibilité des transports. Pour le cas général, j'ai d'abord priorisé les options possibles dans le logement et j'ai privilégié les hôtels : pas de ménage, restauration possible et équipements de type climatisation disponibles.",que c est ok j aime ou je prefere,je n'ai pas fait attention,expérience intéressante,0,0,0,FALSE,NA,9,9,126.48302310449071,FALSE,37.180263665970415,FALSE,FALSE,FALSE,0,NA,1,FALSE,2026-10-30,choice_set_2,TRUE,FALSE,NA
synth0001,sete,7,-5-tta-ck2zk-93pi98x6du90r893rqwsrctma5xaz9s0v4r9,N,FALSE,0,25,28,76,80,0,25,4,3603,3130.786999940872,Femme,66,Étudiant,J'habite seul,1,3,4,0,0,distance depuis la mer ou le centre-ville ou une grande ville; distance depuis la gare/aéroport; le prix.,"Pour choisir les logements sur le site, j'ai procédé en sélectionnant d'abord par ordre de priorité. Pour les villes dont le centre ville ne m'intéressait pas, j'ai choisi de prioriser mes choix en fonction de la distance de la plage, des équipements du logement et de l'accessibilité des transports. Pour le cas général, j'ai d'abord priorisé les options possibles dans le logement et j'ai privilégié les hôtels : pas de ménage, restauration possible et équipements de type climatisation disponibles.",que c est ok j aime ou je prefere,je n'ai pas fait attention,expérience intéressante,0,0,0,FALSE,NA,9,3,454.90930272382684,FALSE,18.666412524646148,FALSE,FALSE,FALSE,0,NA,2,FALSE,2026-11-06,choice_set_3,FALSE,FALSE,NA
synth0001,sete,7,1n4glvb-kd2vqpi3lffr6mh67zqa56f1cne7r2k3klaidvz7xk5,N,FALSE,0,25,28,76,80,0,25,4,3603,3130.786999940872,Femme,66,Étudiant,J'habite seul,1,3,4,0,0,distance depuis la mer ou le centre-ville ou une grande ville; distance depuis la gare/aéroport; le prix.,"Pour choisir les logements sur le site, j'ai procédé en sélectionnant d'abord par ordre de priorité. Pour les villes dont le centre ville ne m'intéressait pas, j'ai choisi de prioriser mes choix en fonction de la distance de la plage, des équipements du logement et de l'accessibilité des transports. Pour le cas général, j'ai d'abord priorisé les options possibles dans le logement et j'ai privilégié les hôtels : pas de ménage, restauration possible et équipements de type climatisation disponibles.",que c est ok j aime ou je prefere,je n'ai pas fait attention,expérience intéressante,0,0,0,FALSE,NA,9,3,454.90930272382684,FALSE,18.666412524646148,FALSE,FALSE,FALSE,0,NA,1,FALSE,2026-11-06,choice_set_3,FALSE,FALSE,NA
synth0001,sete,7,uhdtqgo-cy2tynxo0uyeg9,N,FALSE,0,25,28,76,80,0,25,4,3603,3130.786999940872,Femme,66,Étudiant,J'habite seul,1,3,4,0,0,distance depuis la mer ou le centre-ville ou une grande ville; distance depuis la gare/aéroport; le prix.,"Pour choisir les logements sur le site, j'ai procédé en sélectionnant d'abord par ordre de priorité. Pour les villes dont le centre ville ne m'intéressait pas, j'ai choisi de prioriser mes choix en fonction de la distance de la plage, des équipements du logement et de l'accessibilité des transports. Pour le cas général, j'ai d'abord priorisé les options possibles dans le logement et j'ai privilégié les hôtels : pas de ménage, restauration possible et équipements de type climatisation disponibles.",que c est ok j aime ou je prefere,je n'ai pas fait attention,expérience intéressante,0,0,0,FALSE,NA,9,3,454.90930272382684,FALSE,18.666412524646148,FALSE,FALSE,FALSE,0,NA,3,FALSE,2026-11-06,choice_set_3,FALSE,TRUE,-xiflq8fbvc5o5l
synth0001,sete,7,ghp5c4yecirle8ns61t7uevrz5gvz9ahsyztige,N,FALSE,0,25,28,76,80,0,25,4,3603,3130.786999940872,Femme,66,Étudiant,J'habite seul,1,3,4,0,0,distance depuis la mer ou le centre-ville ou une grande ville; distance depuis la gare/aéroport; le prix.,"Pour choisir les logements sur le site, j'ai procédé en sélectionnant d'abord par ordre de priorité. Pour les villes dont le centre ville ne m'intéressait pas, j'ai choisi de prioriser mes choix en fonction de la distance de la plage, des équipements du logement et de l'accessibilité des transports. Pour le cas général, j'ai d'abord priorisé les options possibles dans le logement et j'ai privilégié les hôtels : pas de ménage, restauration possible et équipements de type climatisation disponibles.",que c est ok j aime ou je prefere,je n'ai pas fait attention,expérience intéressante,0,0,0,FALSE,NA,9,3,454.90930272382684,FALSE,18.666412524646148,FALSE,TRUE,TRUE,9,164.31968294549733,1,FALSE,2026-11-06,choice_set_3,TRUE,FALSE,NA
synth0001,sete,7,smsmiy-cnxwgqc5i-q6oprpu3d,N,FALSE,0,25,28,76,80,0,25,4,3603,3130.786999940872,Femme,66,Étudiant,J'habite seul,1,3,4,0,0,distance depuis la mer ou le centre-ville ou une grande ville; distance depuis la gare/aéroport; le prix.,"Pour choisir les logements sur le site, j'ai procédé en sélectionnant d'abord par ordre de priorité. Pour les villes dont le centre ville ne m'intéressait pas, j'ai choisi de prioriser mes choix en fonction de la distance de la plage, des équipements du logement et de l'accessibilité des transports. Pour le cas général, j'ai d'abord priorisé les options possibles dans le logement et j'ai privilégié les hôtels : pas de ménage, restauration possible et équipements de type climatisation disponibles.",que c est ok j aime ou je prefere,je n'ai pas fait attention,expérience intéressante,0,0,0,FALSE,NA,9,3,454.90930272382684,FALSE,18.666412524646148,FALSE,FALSE,FALSE,0,NA,3,FALSE,2026-11-06,choice_set_3,FALSE,FALSE,NA
synth0001,sete,7,jdkcfz3ehb-bq139wquxtj,N,FALSE,0,25,28,76,80,0,25,4,3603,3130.786999940872,Femme,66,Étudiant,J'habite seul,1,3,4,0,0,distance depuis la mer ou le centre-ville ou une grande ville; distance depuis la gare/aéroport; le prix.,"Pour choisir les logements sur le site, j'ai procédé en sélectionnant d'abord par ordre de priorité. Pour les villes dont le centre ville ne m'intéressait pas, j'ai choisi de prioriser mes choix en fonction de la distance de la plage, des équipements du logement et de l'accessibilité des transports. Pour le cas général, j'ai d'abord priorisé les options possibles dans le logement et j'ai privilégié les hôtels : pas de ménage, restauration possible et équipements de type climatisation disponibles.",que c est ok j aime ou je prefere,je n'ai pas fait attention,expérience intéressante,0,0,0,FALSE,NA,9,3,454.90930272382684,FALSE,18.666412524646148,FALSE,FALSE,FALSE,0,NA,3,FALSE,2026-11-06,choice_set_3,TRUE,FALSE,NA
synth0001,sete,7,1p18xy,N,FALSE,0,25,28,76,80,0,25,4,3603,3130.786999940872,Femme,66,Étudiant,J'habite seul,1,3,4,0,0,distance depuis la mer ou le centre-ville ou une grande ville; distance depuis la gare/aéroport; le prix.,"Pour choisir les logements sur le site, j'ai procédé en sélectionnant d'abord par ordre de priorité. Pour les villes dont le centre ville ne m'intéressait pas, j'ai choisi de prioriser mes choix en fonction de la distance de la plage, des équipements du logement et de l'accessibilité des transports. Pour le cas général, j'ai d'abord priorisé les options possibles dans le logement et j'ai privilégié les hôtels : pas de ménage, restauration possible et équipements de type climatisation disponibles.",que c est ok j aime ou je prefere,je n'ai pas fait attention,expérience intéressante,0,0,0,FALSE,NA,9,3,454.90930272382684,FALSE,18.666412524646148,FALSE,FALSE,TRUE,12,32.56325993454084,2,FALSE,2026-11-06,choice_set_3,TRUE,FALSE,NA
synth0001,sete,7,j15cjw2ianm5m0ssp8bxgvtjdxv2rj7w6d1277w2to3h6ijgsvc29nqb9,N,FALSE,0,25,28,76,80,0,25,4,3603,3130.786999940872,Femme,66,Étudiant,J'habite seul,1,3,4,0,0,distance depuis la mer ou le centre-ville ou une grande ville; distance depuis la gare/aéroport; le prix.,"Pour choisir les logements sur le site, j'ai procédé en sélectionnant d'abord par ordre de priorité. Pour les villes dont le centre ville ne m'intéressait pas, j'ai choisi de prioriser mes choix en fonction de la distance de la plage, des équipements du logement et de l'accessibilité des transports. Pour le cas général, j'ai d'abord priorisé les options possibles dans le logement et j'ai privilégié les hôtels : pas de ménage, restauration possible et équipements de type climatisation disponibles.",que c est ok j aime ou je prefere,je n'ai pas fait attention,expérience intéressante,0,0,0,FALSE,NA,9,3,454.90930272382684,FALSE,18.666412524646148,FALSE,FALSE,TRUE,3,163.41298595187254,1,FALSE,2026-11-06,choice_set_3,FALSE,FALSE,NA
synth0001,sete,7,9vnkeiahd2-zceonrm1yc8ihtncpiip6nychevdi2,N,FALSE,0,25,28,76,80,0,25,4,3603,3130.786999940872,Femme,66,Étudiant,J'habite seul,1,3,4,0,0,distance depuis la mer ou le centre-ville ou une grande ville; distance depuis la gare/aéroport; le prix.,"Pour choisir les logements sur le site, j'ai procédé en sélectionnant d'abord par ordre de priorité. Pour les villes dont le centre ville ne m'intéressait pas, j'ai choisi de prioriser mes choix en fonction de la distance de la plage, des équipements du logement et de l'accessibilité des transports. Pour le cas général, j'ai d'abord priorisé les options possibles dans le logement et j'ai privilégié les hôtels : pas de ménage, restauration possible et équipements de type climatisation disponibles.",que c est ok j aime ou je prefere,je n'ai pas fait attention,expérience intéressante,0,0,0,FALSE,NA,9,3,454.90930272382684,FALSE,18.666412524646148,FALSE,FALSE,TRUE,1,NA,2,FALSE,2026-11-06,choice_set_3,FALSE,FALSE,NA
synth0001,sete,8,-1l0dauz8x9-is77th5ljd8h4y70odxh-azt3w1uufns6pa0tdjbf6c1yao,N,FALSE,0,25,28,76,80,0,25,4,3603,3130.786999940872,Femme,66,Étudiant,J'habite seul,1,3,4,0,0,distance depuis la mer ou le centre-ville ou une grande ville; distance depuis la gare/aéroport; le prix.,"Pour choisir les logements sur le site, j'ai procédé en sélectionnant d'abord par ordre de priorité. Pour les villes dont le centre ville ne m'intéressait pas, j'ai choisi de prioriser mes choix en fonction de la distance de la plage, des équipements du logement et de l'accessibilité des transports. Pour le cas général, j'ai d'abord priorisé les options possibles dans le logement et j'ai privilégié les hôtels : pas de ménage, restauration possible et équipements de type climatisation disponibles.",que c est ok j aime ou je prefere,je n'ai pas fait attention,expérience intéressante,0,0,0,FALSE,NA,9,9,52.00579734612256,FALSE,161.35996751720086,TRUE,FALSE,FALSE,0,NA,2,FALSE,2026-10-02,choice_set_4,FALSE,FALSE,NA
synth0001,sete,8,tn7r599elqwuwdnp-9,N,FALSE,0,25,28,76,80,0,25,4,3603,3130.786999940872,Femme,66,Étudiant,J'habite seul,1,3,4,0,0,distance depuis la mer ou le centre-ville ou une grande ville; distance depuis la gare/aéroport; le prix.,"Pour choisir les logements sur le site, j'ai procédé en sélectionnant d'abord par ordre de priorité. Pour les villes dont le centre ville ne m'intéressait pas, j'ai choisi de prioriser mes choix en fonction de la distance de la plage, des équipements du logement et de l'accessibilité des transports. Pour le cas général, j'ai d'abord priorisé les options possibles dans le logement et j'ai privilégié les hôtels : pas de ménage, restauration possible et équipements de type climatisation disponibles.",que c est ok j aime ou je prefere,je n'ai pas fait attention,expérience intéressante,0,0,0,FALSE,NA,9,9,52.00579734612256,FALSE,161.35996751720086,TRUE,FALSE,FALSE,0,NA,2,FALSE,2026-10-02,choice_set_4,FALSE,FALSE,NA
synth0001,sete,8,z2akgpxqav5b54eo39sdyaxwbkjd-wr,N,FALSE,0,25,28,76,80,0,25,4,3603,3130.786999940872,Femme,66,Étudiant,J'habite seul,1,3,4,0,0,distance depuis la mer ou le centre-ville ou une grande ville; distance depuis la gare/aéroport; le prix.,"Pour choisir les logements sur le site, j'ai procédé en sélectionnant d'abord par ordre de priorité. Pour les villes dont le centre ville ne m'intéressait pas, j'ai choisi de prioriser mes choix en fonction de la distance de la plage, des équipements du logement et de l'accessibilité des transports. Pour le cas général, j'ai d'abord priorisé les options possibles dans le logement et j'ai privilégié les hôtels : pas de ménage, restauration possible et équipements de type climatisation disponibles.",que c est ok j aime ou je prefere,je n'ai pas fait attention,expérience intéressante,0,0,0,FALSE,NA,9,9,52.00579734612256,FALSE,161.35996751720086,TRUE,FALSE,FALSE,0,NA,2,TRUE,2026-10-02,choice_set_4,TRUE,FALSE,NA
synth0001,sete,8,rt8zjw2ynmak8nxz-2xs2qgy0,N,FALSE,0,25,28,76,80,0,25,4,3603,3130.786999940872,Femme,66,Étudiant,J'habite seul,1,3,4,0,0,distance depuis la mer ou le centre-ville ou une grande ville; distance depuis la gare/aéroport; le prix.,"Pour choisir les logements sur le site, j'ai procédé en sélectionnant d'abord par ordre de priorité. Pour les villes dont le centre ville ne m'intéressait pas, j'ai choisi de prioriser mes choix en fonction de la distance de la plage, des équipements du logement et de l'accessibilité des transports. Pour le cas général, j'ai d'abord priorisé les options possibles dans le logement et j'ai privilégié les hôtels : pas de ménage, restauration possible et équipements de type climatisation disponibles.",que c est ok j aime ou je prefere,je n'ai pas fait attention,expérience intéressante,0,0,0,FALSE,NA,9,9,52.00579734612256,FALSE,161.35996751720086,TRUE,FALSE,TRUE,8,24.264225215883926,3,FALSE,2026-10-02,choice_set_4,TRUE,FALSE,NA
synth0001,sete,8,rawxg14tvp6c3dkdidmq-n8bwiwgtvev7lr,N,FALSE,0,25,28,76,80,0,25,4,3603,3130.786999940872,Femme,66,Étudiant,J'habite seul,1,3,4,0,0,distance depuis la mer ou le centre-ville ou une grande ville; distance depuis la gare/aéroport; le prix.,"Pour choisir les logements sur le site, j'ai procédé en sélectionnant d'abord par ordre de priorité. Pour les villes dont le centre ville ne m'intéressait pas, j'ai choisi de prioriser mes choix en fonction de la distance de la plage, des équipements du logement et de l'accessibilité des transports. Pour le cas général, j'ai d'abord priorisé les options possibles dans le logement et j'ai privilégié les hôtels : pas de ménage, restauration possible et équipements de type climatisation disponibles.",que c est ok j aime ou je prefere,je n'ai pas fait attention,expérience intéressante,0,0,0,FALSE,NA,9,9,52.00579734612256,FALSE,161.35996751720086,TRUE,FALSE,TRUE,14,217.29554969002493,3,FALSE,2026-10-02,choice_set_4,FALSE,FALSE,NA
synth0001,sete,8,kfavct8fpsr7trst-hrfh96pme2lwozr2l,N,FALSE,0,25,28,76,80,0,25,4,3603,3130.786999940872,Femme,66,Étudiant,J'habite seul,1,3,4,0,0,distance depuis la mer ou le centre-ville ou une grande ville; distance depuis la gare/aéroport; le prix.,"Pour choisir les logements sur le site, j'ai procédé en sélectionnant d'abord par ordre de priorité. Pour les villes dont le centre ville ne m'intéressait pas, j'ai choisi de prioriser mes choix en fonction de la distance de la plage, des équipements du logement et de l'accessibilité des transports. Pour le cas général, j'ai d'abord priorisé les options possibles dans le logement et j'ai privilégié les hôtels : pas de ménage, restauration possible et équipements de type climatisation disponibles.",que c est ok j aime ou je prefere,je n'ai pas fait attention,expérience intéressante,0,0,0,FALSE,NA,9,9,52.00579734612256,FALSE,161.35996751720086,TRUE,FALSE,FALSE,0,NA,1,FALSE,2026-10-02,choice_set_4,FALSE,FALSE,NA
synth0001,sete,8,r6hvtenkfunsyg59t--cjqtjwsdguw31o,N,FALSE,0,25,28,76,80,0,25,4,3603,3130.786999940872,Femme,66,Étudiant,J'habite seul,1,3,4,0,0,distance depuis la mer ou le centre-ville ou une grande ville; distance depuis la gare/aéroport; le prix.,"Pour choisir les logements sur le site, j'ai procédé en sélectionnant d'abord par ordre de priorité. Pour les villes dont le centre ville ne m'intéressait pas, j'ai choisi de prioriser mes choix en fonction de la distance de la plage, des équipements du logement et de l'accessibilité des transports. Pour le cas général, j'ai d'abord priorisé les options possibles dans le logement et j'ai privilégié les hôtels : pas de ménage, restauration possible et équipements de type climatisation disponibles.",que c est ok j aime ou je prefere,je n'ai pas fait attention,expérience intéressante,0,0,0,FALSE,NA,9,9,52.00579734612256,FALSE,161.35996751720086,TRUE,FALSE,FALSE,0,NA,1,FALSE,2026-10-02,choice_set_4,TRUE,FALSE,NA
synth0001,sete,8,nfoh4h3elm3iddirmwo1mfso1s5r,N,FALSE,0,25,28,76,80,0,25,4,3603,3130.786999940872,Femme,66,Étudiant,J'habite seul,1,3,4,0,0,distance depuis la mer ou le centre-ville ou une grande ville; distance depuis la gare/aéroport; le prix.,"Pour choisir les logements sur le site, j'ai procédé en sélectionnant d'abord par ordre de priorité. Pour les villes dont le centre ville ne m'intéressait pas, j'ai choisi de prioriser mes choix en fonction de la distance de la plage, des équipements du logement et de l'accessibilité des transports. Pour le cas général, j'ai d'abord priorisé les options possibles dans le logement et j'ai privilégié les hôtels : pas de ménage, restauration possible et équipements de type climatisation disponibles.",que c est ok j aime ou je prefere,je n'ai pas fait attention,expérience intéressante,0,0,0,FALSE,NA,9,9,52.00579734612256,FALSE,161.35996751720086,TRUE,FALSE,FALSE,0,NA,1,FALSE,2026-10-02,choice_set_4,FALSE,FALSE,NA
synth0001,sete,8,mr2y0gaw-u-o47o1efqp64uyenw,N,FALSE,0,25,28,76,80,0,25,4,3603,3130.786999940872,Femme,66,Étudiant,J'habite seul,1,3,4,0,0,distance depuis la mer ou le centre-ville ou une grande ville; distance depuis la gare/aéroport; le prix.,"Pour choisir les logements sur le site, j'ai procédé en sélectionnant d'abord par ordre de priorité. Pour les villes dont le centre ville ne m'intéressait pas, j'ai choisi de prioriser mes choix en fonction de la distance de la plage, des équipements du logement et de l'accessibilité des transports. Pour le cas général, j'ai d'abord priorisé les options possibles dans le logement et j'ai privilégié les hôtels : pas de ménage, restauration possible et équipements de type climatisation disponibles.",que c est ok j aime ou je prefere,je n'ai pas fait attention,expérience intéressante,0,0,0,FALSE,NA,9,9,52.00579734612256,FALSE,161.35996751720086,TRUE,TRUE,TRUE,1,286.2941570370458,3,FALSE,2026-10-02,choice_set_4,FALSE,FALSE,NA
synth0001,le-treport,9,bnnfs9o0wdjw0zm0bl5wcej2wv5jl5y7patsyjho,N,FALSE,0,25,28,76,80,0,25,4,3603,3130.786999940872,Femme,66,Étudiant,J'habite seul,1,3,4,0,0,distance depuis la mer ou le centre-ville ou une grande ville; distance depuis la gare/aéroport; le prix.,"Pour choisir les logements sur le site, j'ai procédé en sélectionnant d'abord par ordre de priorité. Pour les villes dont le centre ville ne m'intéressait pas, j'ai choisi de prioriser mes choix en fonction de la distance de la plage, des équipements du logement et de l'accessibilité des transports. Pour le cas général, j'ai d'abord priorisé les options possibles dans le logement et j'ai privilégié les hôtels : pas de ménage, restauration possible et équipements de type climatisation disponibles.",que c est ok j aime ou je prefere,je n'ai pas fait attention,expérience intéressante,0,0,0,FALSE,NA,9,3,72.90262012719177,FALSE,43.66624652268365,FALSE,FALSE,FALSE,0,NA,3,FALSE,2026-11-20,choice_set_1,FALSE,FALSE,NA
synth0001,le-treport,9,8f1-sll49bn6kq6k,N,FALSE,0,25,28,76,80,0,25,4,3603,3130.786999940872,Femme,66,Étudiant,J'habite seul,1,3,4,0,0,distance depuis la mer ou le centre-ville ou une grande ville; distance depuis la gare/aéroport; le prix.,"Pour choisir les logements sur le site, j'ai procédé en sélectionnant d'abord par ordre de priorité. Pour les villes dont le centre ville ne m'intéressait pas, j'ai choisi de prioriser mes choix en fonction de la distance de la plage, des équipements du logement et de l'accessibilité des transports. Pour le cas général, j'ai d'abord priorisé les options possibles dans le logement et j'ai privilégié les hôtels : pas de ménage, restauration possible et équipements de type climatisation disponibles.",que c est ok j aime ou je prefere,je n'ai pas fait attention,expérience intéressante,0,0,0,FALSE,NA,9,3,72.90262012719177,FALSE,43.66624652268365,FALSE,FALSE,FALSE,0,NA,1,FALSE,2026-11-20,choice_set_1,FALSE,FALSE,NA
synth0001,le-treport,9,75no68v--9b9b7wx-1o6t91h-kyfpza3td,N,FALSE,0,25,28,76,80,0,25,4,3603,3130.786999940872,Femme,66,Étudiant,J'habite seul,1,3,4,0,0,distance depuis la mer ou le centre-ville ou une grande ville; distance depuis la gare/aéroport; le prix.,"Pour choisir les logements sur le site, j'ai procédé en sélectionnant d'abord par ordre de priorité. Pour les villes dont le centre ville ne m'intéressait pas, j'ai choisi de prioriser mes choix en fonction de la distance de la plage, des équipements du logement et de l'accessibilité des transports. Pour le cas général, j'ai d'abord priorisé les options possibles dans le logement et j'ai privilégié les hôtels : pas de ménage, restauration possible et équipements de type climatisation disponibles.",que c est ok j aime ou je prefere,je n'ai pas fait attention,expérience intéressante,0,0,0,FALSE,NA,9,3,72.90262012719177,FALSE,43.66624652268365,FALSE,FALSE,FALSE,0,NA,3,FALSE,2026-11-20,choice_set_1,FALSE,FALSE,NA
synth0001,le-treport,9,oh5kw51,N,FALSE,0,25,28,76,80,0,25,4,3603,3130.786999940872,Femme,66,Étudiant,J'habite seul,1,3,4,0,0,distance depuis la mer ou le centre-ville ou une grande ville; distance depuis la gare/aéroport; le prix.,"Pour choisir les logements sur le site, j'ai procédé en sélectionnant d'abord par ordre de priorité. Pour les villes dont le centre ville ne m'intéressait pas, j'ai choisi de prioriser mes choix en fonction de la distance de la plage, des équipements du logement et de l'accessibilité des transports. Pour le cas général, j'ai d'abord priorisé les options possibles dans le logement et j'ai privilégié les hôtels : pas de ménage, restauration possible et équipements de type climatisation disponibles.",que c est ok j aime ou je prefere,je n'ai pas fait attention,expérience intéressante,0,0,0,FALSE,NA,9,3,72.90262012719177,FALSE,43.66624652268365,FALSE,FALSE,FALSE,0,NA,1,FALSE,2026-11-20,choice_set_1,FALSE,FALSE,NA
synth0001,le-treport,9,h1d816bcg-p32mp2zx02s5812rdn99e5ywrdy9ggl-9nn7fi5499-xd,N,FALSE,0,25,28,76,80,0,25,4,3603,3130.786999940872,Femme,66,Étudiant,J'habite seul,1,3,4,0,0,distance depuis la mer ou le centre-ville ou une grande ville; distance depuis la gare/aéroport; le prix.,"Pour choisir les logements sur le site, j'ai procédé en sélectionnant d'abord par ordre de priorité. Pour les villes dont le centre ville ne m'intéressait pas, j'ai choisi de prioriser mes choix en fonction de la distance de la plage, des équipements du logement et de l'accessibilité des transports. Pour le cas général, j'ai d'abord priorisé les options possibles dans le logement et j'ai privilégié les hôtels : pas de ménage, restauration possible et équipements de type climatisation disponibles.",que c est ok j aime ou je prefere,je n'ai pas fait attention,expérience intéressante,0,0,0,FALSE,NA,9,3,72.90262012719177,FALSE,43.66624652268365,FALSE,FALSE,TRUE,1,NA,1,FALSE,2026-11-20,choice_set_1,TRUE,FALSE,NA
synth0001,le-treport,9,1a-ujes-0mu5s3l45etjcmrp771-lc3ilu0lziiwv7l0brn5e7s1e,N,FALSE,0,25,28,76,80,0,25,4,3603,3130.786999940872,Femme,66,Étudiant,J'habite seul,1,3,4,0,0,distance depuis la mer ou le centre-ville ou une grande ville; distance depuis la gare/aéroport; le prix.,"Pour choisir les logements sur le site, j'ai procédé en sélectionnant d'abord par ordre de priorité. Pour les villes dont le centre ville ne m'intéressait pas, j'ai choisi de prioriser mes choix en fonction de la distance de la plage, des équipements du logement et de l'accessibilité des transports. Pour le cas général, j'ai d'abord priorisé les options possibles dans le logement et j'ai privilégié les hôtels : pas de ménage, restauration possible et équipements de type climatisation disponibles.",que c est ok j aime ou je prefere,je n'ai pas fait attention,expérience intéressante,0,0,0,FALSE,NA,9,3,72.90262012719177,FALSE,43.66624652268365,FALSE,FALSE,FALSE,0,NA,2,FALSE,2026-11-20,choice_set_1,TRUE,FALSE,NA
synth0001,le-treport,9,1uuybkzlwazcskvn1f6exnhlhjrc6ve4m8fd0jpi,N,FALSE,0,25,28,76,80,0,25,4,3603,3130.786999940872,Femme,66,Étudiant,J'habite seul,1,3,4,0,0,distance depuis la mer ou le centre-ville ou une grande ville; distance depuis la gare/aéroport; le prix.,"Pour choisir les logements sur le site, j'ai procédé en sélectionnant d'abord par ordre de priorité. Pour les villes dont le centre ville ne m'intéressait pas, j'ai choisi de prioriser mes choix en fonction de la distance de la plage, des équipements du logement et de l'accessibilité des transports. Pour le cas général, j'ai d'abord priorisé les options possibles dans le logement et j'ai privilégié les hôtels : pas de ménage, restauration possible et équipements de type climatisation disponibles.",que c est ok j aime ou je prefere,je n'ai pas fait attention,expérience intéressante,0,0,0,FALSE,NA,9,3,72.90262012719177,FALSE,43.66624652268365,FALSE,FALSE,FALSE,0,NA,2,FALSE,2026-11-20,choice_set_1,FALSE,FALSE,NA
synth0001,le-treport,9,hglrq9qajxabvkcph5kwaufretgnf,N,FALSE,0,25,28,76,80,0,25,4,3603,3130.786999940872,Femme,66,Étudiant,J'habite seul,1,3,4,0,0,distance depuis la mer ou le centre-ville ou une grande ville; distance depuis la gare/aéroport; le prix.,"Pour choisir les logements sur le site, j'ai procédé en sélectionnant d'abord par ordre de priorité. Pour les villes dont le centre ville ne m'intéressait pas, j'ai choisi de prioriser mes choix en fonction de la distance de la plage, des équipements du logement et de l'accessibilité des transports. Pour le cas général, j'ai d'abord priorisé les options possibles dans le logement et j'ai privilégié les hôtels : pas de ménage, restauration possible et équipements de type climatisation disponibles.",que c est ok j aime ou je prefere,je n'ai pas fait attention,expérience intéressante,0,0,0,FALSE,NA,9,3,72.90262012719177,FALSE,43.66624652268365,FALSE,FALSE,FALSE,0,NA,2,FALSE,2026-11-20,choice_set_1,FALSE,FALSE,NA
synth0001,le-treport,9,zcil8d7cbrshyqp6ez6z7,N,FALSE,0,25,28,76,80,0,25,4,3603,3130.786999940872,Femme,66,Étudiant,J'habite seul,1,3,4,0,0,distance depuis la mer ou le centre-ville ou une grande ville; distance depuis la gare/aéroport; le prix.,"Pour choisir les logements sur le site, j'ai procédé en sélectionnant d'abord par ordre de priorité. Pour les villes dont le centre ville ne m'intéressait pas, j'ai choisi de prioriser mes choix en fonction de la distance de la plage, des équipements du logement et de l'accessibilité des transports. Pour le cas général, j'ai d'abord priorisé les options possibles dans le logement et j'ai privilégié les hôtels : pas de ménage, restauration possible et équipements de type climatisation disponibles.",que c est ok j aime ou je prefere,je n'ai pas fait attention,expérience intéressante,0,0,0,FALSE,NA,9,3,72.90262012719177,FALSE,43.66624652268365,FALSE,TRUE,TRUE,6,158.41502128634602,3,FALSE,2026-11-20,choice_set_1,TRUE,FALSE,NA
synth0001,le-treport,10,u3dw92kgko9,N,FALSE,0,25,28,76,80,0,25,4,3603,3130.786999940872,Femme,66,Étudiant,J'habite seul,1,3,4,0,0,distance depuis la mer ou le centre-ville ou une grande ville; distance depuis la gare/aéroport; le prix.,"Pour choisir les logements sur le site, j'ai procédé en sélectionnant d'abord par ordre de priorité. Pour les villes dont le centre ville ne m'intéressait pas, j'ai choisi de prioriser mes choix en fonction de la distance de la plage, des équipements du logement et de l'accessibilité des transports. Pour le cas général, j'ai d'abord priorisé les options possibles dans le logement et j'ai privilégié les hôtels : pas de ménage, restauration possible et équipements de type climatisation disponibles.",que c est ok j aime ou je prefere,je n'ai pas fait attention,expérience intéressante,0,0,0,FALSE,NA,9,4,156.57790949684568,FALSE,198.3009050928522,TRUE,TRUE,TRUE,1,NA,3,TRUE,2026-11-13,choice_set_2,FALSE,FALSE,NA
synth0001,le-treport,10,70ub4dfaqdkueh-f90prz2sq2blbdjvo15e,N,FALSE,0,25,28,76,80,0,25,4,3603,3130.786999940872,Femme,66,Étudiant,J'habite seul,1,3,4,0,0,distance depuis la mer ou le centre-ville ou une grande ville; distance depuis la gare/aéroport; le prix.,"Pour choisir les logements sur le site, j'ai procédé en sélectionnant d'abord par ordre de priorité. Pour les villes dont le centre ville ne m'intéressait pas, j'ai choisi de prioriser mes choix en fonction de la distance de la plage, des équipements du logement et de l'accessibilité des transports. Pour le cas général, j'ai d'abord priorisé les options possibles dans le logement et j'ai privilégié les hôtels : pas de ménage, restauration possible et équipements de type climatisation disponibles.",que c est ok j aime ou je prefere,je n'ai pas fait attention,expérience intéressante,0,0,0,FALSE,NA,9,4,156.57790949684568,FALSE,198.3009050928522,TRUE,FALSE,TRUE,13,116.9049732608255,1,FALSE,2026-11-13,choice_set_2,FALSE,FALSE,NA
synth0001,le-treport,10,vwow760e6f1cfx-1760qp,N,FALSE,0,25,28,76,80,0,25,4,3603,3130.786999940872,Femme,66,Étudiant,J'habite seul,1,3,4,0,0,distance depuis la mer ou le centre-ville ou une grande ville; distance depuis la gare/aéroport; le prix.,"Pour choisir les logements sur le site, j'ai procédé en sélectionnant d'abord par ordre de priorité. Pour les villes dont le centre ville ne m'intéressait pas, j'ai choisi de prioriser mes choix en fonction de la distance de la plage, des équipements du logement et de l'accessibilité des transports. Pour le cas général, j'ai d'abord priorisé les options possibles dans le logement et j'ai privilégié les hôtels : pas de ménage, restauration possible et équipements de type climatisation disponibles.",que c est ok j aime ou je prefere,je n'ai pas fait attention,expérience intéressante,0,0,0,FALSE,NA,9,4,156.57790949684568,FALSE,198.3009050928522,TRUE,FALSE,FALSE,0,NA,2,FALSE,2026-11-13,choice_set_2,FALSE,FALSE,NA
synth0001,le-treport,10,h1aym1ehwyka18vo8367vabrfo-w1aj0ad78r,N,FALSE,0,25,28,76,80,0,25,4,3603,3130.786999940872,Femme,66,Étudiant,J'habite seul,1,3,4,0,0,distance depuis la mer ou le centre-ville ou une grande ville; distance depuis la gare/aéroport; le prix.,"Pour choisir les logements sur le site, j'ai procédé en sélectionnant d'abord par ordre de priorité. Pour les villes dont le centre ville ne m'intéressait pas, j'ai choisi de prioriser mes choix en fonction de la distance de la plage, des équipements du logement et de l'accessibilité des transports. Pour le cas général, j'ai d'abord priorisé les options possibles dans le logement et j'ai privilégié les hôtels : pas de ménage, restauration possible et équipements de type climatisation disponibles.",que c est ok j aime ou je prefere,je n'ai pas fait attention,expérience intéressante,0,0,0,FALSE,NA,9,4,156.57790949684568,FALSE,198.3009050928522,TRUE,FALSE,FALSE,0,NA,2,FALSE,2026-11-13,choice_set_2,TRUE,FALSE,NA
synth0001,le-treport,10,ondkxb1o45dr9woqvzieqyp9fh2mj7awzg4prou6ukgldw6x0cbw2x,N,FALSE,0,25,28,76,80,0,25,4,3603,3130.786999940872,Femme,66,Étudiant,J'habite seul,1,3,4,0,0,distance depuis la mer ou le centre-ville ou une grande ville; distance depuis la gare/aéroport; le prix.,"Pour choisir les logements sur le site, j'ai procédé en sélectionnant d'abord par ordre de priorité. Pour les villes dont le centre ville ne m'intéressait pas, j'ai choisi de prioriser mes choix en fonction de la distance de la plage, des équipements du logement et de l'accessibilité des transports. Pour le cas général, j'ai d'abord priorisé les options possibles dans le logement et j'ai privilégié les hôtels : pas de ménage, restauration possible et équipements de type climatisation disponibles.",que c est ok j aime ou je prefere,je n'ai pas fait attention,expérience intéressante,0,0,0,FALSE,NA,9,4,156.57790949684568,FALSE,198.3009050928522,TRUE,FALSE,FALSE,0,NA,2,FALSE,2026-11-13,choice_set_2,FALSE,FALSE,NA
synth0001,le-treport,10,16z5wg0rpqg-gt1t9ejyfvqkb1i6hkf6xde9i6qjiq,N,FALSE,0,25,28,76,80,0,25,4,3603,3130.786999940872,Femme,66,Étudiant,J'habite seul,1,3,4,0,0,distance depuis la mer ou le centre-ville ou une grande ville; distance depuis la gare/aéroport; le prix.,"Pour choisir les logements sur le site, j'ai procédé en sélectionnant d'abord par ordre de priorité. Pour les villes dont le centre ville ne m'intéressait pas, j'ai choisi de prioriser mes choix en fonction de la distance de la plage, des équipements du logement et de l'accessibilité des transports. Pour le cas général, j'ai d'abord priorisé les options possibles dans le logement et j'ai privilégié les hôtels : pas de ménage, restauration possible et équipements de type climatisation disponibles.",que c est ok j aime ou je prefere,je n'ai pas fait attention,expérience intéressante,0,0,0,FALSE,NA,9,4,156.57790949684568,FALSE,198.3009050928522,TRUE,FALSE,FALSE,0,NA,3,FALSE,2026-11-13,choice_set_2,TRUE,FALSE,NA
synth0001,le-treport,10,0yzqsy,N,FALSE,0,25,28,76,80,0,25,4,3603,3130.786999940872,Femme,66,Étudiant,J'habite seul,1,3,4,0,0,distance depuis la mer ou le centre-ville ou une grande ville; distance depuis la gare/aéroport; le prix.,"Pour choisir les logements sur le site, j'ai procédé en sélectionnant d'abord par ordre de priorité. Pour les villes dont le centre ville ne m'intéressait pas, j'ai choisi de prioriser mes choix en fonction de la distance de la plage, des équipements du logement et de l'accessibilité des transports. Pour le cas général, j'ai d'abord priorisé les options possibles dans le logement et j'ai privilégié les hôtels : pas de ménage, restauration possible et équipements de type climatisation disponibles.",que c est ok j aime ou je prefere,je n'ai pas fait attention,expérience intéressante,0,0,0,FALSE,NA,9,4,156.57790949684568,FALSE,198.3009050928522,TRUE,FALSE,FALSE,0,NA,1,FALSE,2026-11-13,choice_set_2,TRUE,FALSE,NA
synth0001,le-treport,10,oublbk15eudlojjoaj5blspzu5yh7or,N,FALSE,0,25,28,76,80,0,25,4,3603,3130.786999940872,Femme,66,Étudiant,J'habite seul,1,3,4,0,0,distance depuis la mer ou le centre-ville ou une grande ville; distance depuis la gare/aéroport; le prix.,"Pour choisir les logements sur le site, j'ai procédé en sélectionnant d'abord par ordre de priorité. Pour les villes dont le centre ville ne m'intéressait pas, j'ai choisi de prioriser mes choix en fonction de la distance de la plage, des équipements du logement et de l'accessibilité des transports. Pour le cas général, j'ai d'abord priorisé les options possibles dans le logement et j'ai privilégié les hôtels : pas de ménage, restauration possible et équipements de type climatisation disponibles.",que c est ok j aime ou je prefere,je n'ai pas fait attention,expérience intéressante,0,0,0,FALSE,NA,9,4,156.57790949684568,FALSE,198.3009050928522,TRUE,FALSE,FALSE,0,NA,1,FALSE,2026-11-13,choice_set_2,FALSE,FALSE,NA
synth0001,le-treport,10,0bb6cymzfzb3497r-8aa13hu0b,N,FALSE,0,25,28,76,80,0,25,4,3603,3130.786999940872,Femme,66,Étudiant,J'habite seul,1,3,4,0,0,distance depuis la mer ou le centre-ville ou une grande ville; distance depuis la gare/aéroport; le prix.,"Pour choisir les logements sur le site, j'ai procédé en sélectionnant d'abord par ordre de priorité. Pour les villes dont le centre ville ne m'intéressait pas, j'ai choisi de prioriser mes choix en fonction de la distance de la plage, des équipements du logement et de l'accessibilité des transports. Pour le cas général, j'ai d'abord priorisé les options possibles dans le logement et j'ai privilégié les hôtels : pas de ménage, restauration possible et équipements de type climatisation disponibles.",que c est ok j aime ou je prefere,je n'ai pas fait attention,expérience intéressante,0,0,0,FALSE,NA,9,4,156.57790949684568,FALSE,198.3009050928522,TRUE,FALSE,FALSE,0,NA,3,FALSE,2026-11-13,choice_set_2,FALSE,FALSE,NA
synth0001,le-treport,11,wssu0mtj13-zzcza07wf262yy3yvzgu--4h2bjjqbl8hgy4lvwfvg,N,FALSE,0,25,28,76,80,0,25,4,3603,3130.786999940872,Femme,66,Étudiant,J'habite seul,1,3,4,0,0,distance depuis la mer ou le centre-ville ou une grande ville; distance depuis la gare/aéroport; le prix.,"Pour choisir les logements sur le site, j'ai procédé en sélectionnant d'abord par ordre de priorité. Pour les villes dont le centre ville ne m'intéressait pas, j'ai choisi de prioriser mes choix en fonction de la distance de la plage, des équipements du logement et de l'accessibilité des transports. Pour le cas général, j'ai d'abord priorisé les options possibles dans le logement et j'ai privilégié les hôtels : pas de ménage, restauration possible et équipements de type climatisation disponibles.",que c est ok j aime ou je prefere,je n'ai pas fait attention,expérience intéressante,0,0,0,FALSE,NA,9,3,217.3416148419492,FALSE,73.46318394318223,FALSE,TRUE,TRUE,12,249.32553534395993,3,FALSE,2026-11-13,choice_set_3,FALSE,FALSE,NA
synth0001,le-treport,11,plegpspf8zv1q,N,FALSE,0,25,28,76,80,0,25,4,3603,3130.786999940872,Femme,66,Étudiant,J'habite seul,1,3,4,0,0,distance depuis la mer ou le centre-ville ou une grande ville; distance depuis la gare/aéroport; le prix.,"Pour choisir les logements sur le site, j'ai procédé en sélectionnant d'abord par ordre de priorité. Pour les villes dont le centre ville ne m'intéressait pas, j'ai choisi de prioriser mes choix en fonction de la distance de la plage, des équipements du logement et de l'accessibilité des transports. Pour le cas général, j'ai d'abord priorisé les options possibles dans le logement et j'ai privilégié les hôtels : pas de ménage, restauration possible et équipements de type climatisation disponibles.",que c est ok j aime ou je prefere,je n'ai pas fait attention,expérience intéressante,0,0,0,FALSE,NA,9,3,217.3416148419492,FALSE,73.46318394318223,FALSE,FALSE,TRUE,9,NA,2,FALSE,2026-11-13,choice_set_3,FALSE,FALSE,NA
synth0001,le-treport,11,mcp34-cjcl0llr7qn780gp6jkgk631ycmh7843mvb,N,FALSE,0,25,28,76,80,0,25,4,3603,3130.786999940872,Femme,66,Étudiant,J'habite seul,1,3,4,0,0,distance depuis la mer ou le centre-ville ou une grande ville; distance depuis la gare/aéroport; le prix.,"Pour choisir les logements sur le site, j'ai procédé en sélectionnant d'abord par ordre de priorité. Pour les villes dont le centre ville ne m'intéressait pas, j'ai choisi de prioriser mes choix en fonction de la distance de la plage, des équipements du logement et de l'accessibilité des transports. Pour le cas général, j'ai d'abord priorisé les options possibles dans le logement et j'ai privilégié les hôtels : pas de ménage, restauration possible et équipements de type climatisation disponibles.",que c est ok j aime ou je prefere,je n'ai pas fait attention,expérience intéressante,0,0,0,FALSE,NA,9,3,217.3416148419492,FALSE,73.46318394318223,FALSE,FALSE,FALSE,0,NA,1,FALSE,2026-11-13,choice_set_3,TRUE,FALSE,NA
synth0001,le-treport,11,2fcai9p1jmf0b-em8jvrd,N,FALSE,0,25,28,76,80,0,25,4,3603,3130.786999940872,Femme,66,Étudiant,J'habite seul,1,3,4,0,0,distance depuis la mer ou le centre-ville ou une grande ville; distance depuis la gare/aéroport; le prix.,"Pour choisir les logements sur le site, j'ai procédé en sélectionnant d'abord par ordre de priorité. Pour les villes dont le centre ville ne m'intéressait pas, j'ai choisi de prioriser mes choix en fonction de la distance de la plage, des équipements du logement et de l'accessibilité des transports. Pour le cas général, j'ai d'abord priorisé les options possibles dans le logement et j'ai privilégié les hôtels : pas de ménage, restauration possible et équipements de type climatisation disponibles.",que c est ok j aime ou je prefere,je n'ai pas fait attention,expérience intéressante,0,0,0,FALSE,NA,9,3,217.3416148419492,FALSE,73.46318394318223,FALSE,FALSE,FALSE,0,NA,3,FALSE,2026-11-13,choice_set_3,FALSE,FALSE,NA
synth0001,le-treport,11,ktomkxibq,N,FALSE,0,25,28,76,80,0,25,4,3603,3130.786999940872,Femme,66,Étudiant,J'habite seul,1,3,4,0,0,distance depuis la mer ou le centre-ville ou une grande ville; distance depuis la gare/aéroport; le prix.,"Pour choisir les logements sur le site, j'ai procédé en sélectionnant d'abord par ordre de priorité. Pour les villes dont le centre ville ne m'intéressait pas, j'ai choisi de prioriser mes choix en fonction de la distance de la plage, des équipements du logement et de l'accessibilité des transports. Pour le cas général, j'ai d'abord priorisé les options possibles dans le logement et j'ai privilégié les hôtels : pas de ménage, restauration possible et équipements de type climatisation disponibles.",que c est ok j aime ou je prefere,je n'ai pas fait attention,expérience intéressante,0,0,0,FALSE,NA,9,3,217.3416148419492,FALSE,73.46318394318223,FALSE,FALSE,FALSE,0,NA,1,FALSE,2026-11-13,choice_set_3,FALSE,FALSE,NA
synth0001,le-treport,11,uq4kjzv2rwxsfomyxok2i,N,FALSE,0,25,28,76,80,0,25,4,3603,3130.786999940872,Femme,66,Étudiant,J'habite seul,1,3,4,0,0,distance depuis la mer ou le centre-ville ou une grande ville; distance depuis la gare/aéroport; le prix.,"Pour choisir les logements sur le site, j'ai procédé en sélectionnant d'abord par ordre de priorité. Pour les villes dont le centre ville ne m'intéressait pas, j'ai choisi de prioriser mes choix en fonction de la distance de la plage, des équipements du logement et de l'accessibilité des transports. Pour le cas général, j'ai d'abord priorisé les options possibles dans le logement et j'ai privilégié les hôtels : pas de ménage, restauration possible et équipements de type climatisation disponibles.",que c est ok j aime ou je prefere,je n'ai pas fait attention,expérience intéressante,0,0,0,FALSE,NA,9,3,217.3416148419492,FALSE,73.46318394318223,FALSE,FALSE,TRUE,11,268.29159557353705,1,FALSE,2026-11-13,choice_set_3,FALSE,FALSE,NA
synth0001,le-treport,11,kzkrz16hqrucsm2y1cciqxeknltuoz023yycg4nwm-yikmelxnxqe992k8mp,N,FALSE,0,25,28,76,80,0,25,4,3603,3130.786999940872,Femme,66,Étudiant,J'habite seul,1,3,4,0,0,distance depuis la mer ou le centre-ville ou une grande ville; distance depuis la gare/aéroport; le prix.,"Pour choisir les logements sur le site, j'ai procédé en sélectionnant d'abord par ordre de priorité. Pour les villes dont le centre ville ne m'intéressait pas, j'ai choisi de prioriser mes choix en fonction de la distance de la plage, des équipements du logement et de l'accessibilité des transports. Pour le cas général, j'ai d'abord priorisé les options possibles dans le logement et j'ai privilégié les hôtels : pas de ménage, restauration possible et équipements de type climatisation disponibles.",que c est ok j aime ou je prefere,je n'ai pas fait attention,expérience intéressante,0,0,0,FALSE,NA,9,3,217.3416148419492,FALSE,73.46318394318223,FALSE,FALSE,FALSE,0,NA,2,FALSE,2026-11-13,choice_set_3,FALSE,FALSE,NA
synth0001,le-treport,11,4ktonday-vx6rw869lou8v-60ujnuajzb,N,FALSE,0,25,28,76,80,0,25,4,3603,3130.786999940872,Femme,66,Étudiant,J'habite seul,1,3,4,0,0,distance depuis la mer ou le centre-ville ou une grande ville; distance depuis la gare/aéroport; le prix.,"Pour choisir les logements sur le site, j'ai procédé en sélectionnant d'abord par ordre de priorité. Pour les villes dont le centre ville ne m'intéressait pas, j'ai choisi de prioriser mes choix en fonction de la distance de la plage, des équipements du logement et de l'accessibilité des transports. Pour le cas général, j'ai d'abord priorisé les options possibles dans le logement et j'ai privilégié les hôtels : pas de ménage, restauration possible et équipements de type climatisation disponibles.",que c est ok j aime ou je prefere,je n'ai pas fait attention,expérience intéressante,0,0,0,FALSE,NA,9,3,217.3416148419492,FALSE,73.46318394318223,FALSE,FALSE,FALSE,0,NA,3,FALSE,2026-11-13,choice_set_3,TRUE,FALSE,NA
synth0001,le-treport,11,mmaq34wkqzy2h68ai6bx9,N,FALSE,0,25,28,76,80,0,25,4,3603,3130.786999940872,Femme,66,Étudiant,J'habite seul,1,3,4,0,0,distance depuis la mer ou le centre-ville ou une grande ville; distance depuis la gare/aéroport; le prix.,"Pour choisir les logements sur le site, j'ai procédé en sélectionnant d'abord par ordre de priorité. Pour les villes dont le centre ville ne m'intéressait pas, j'ai choisi de prioriser mes choix en fonction de la distance de la plage, des équipements du logement et de l'accessibilité des transports. Pour le cas général, j'ai d'abord priorisé les options possibles dans le logement et j'ai privilégié les hôtels : pas de ménage, restauration possible et équipements de type climatisation disponibles.",que c est ok j aime ou je prefere,je n'ai pas fait attention,expérience intéressante,0,0,0,FALSE,NA,9,3,217.3416148419492,FALSE,73.46318394318223,FALSE,FALSE,FALSE,0,NA,2,FALSE,2026-11-13,choice_set_3,TRUE,FALSE,NA
synth0001,le-treport,12,o1tobyy6h56qfvdsaee32yy,N,FALSE,0,25,28,76,80,0,25,4,3603,3130.786999940872,Femme,66,Étudiant,J'habite seul,1,3,4,0,0,distance depuis la mer ou le centre-ville ou une grande ville; distance depuis la gare/aéroport; le prix.,"Pour choisir les logements sur le site, j'ai procédé en sélectionnant d'abord par ordre de priorité. Pour les villes dont le centre ville ne m'intéressait pas, j'ai choisi de prioriser mes choix en fonction de la distance de la plage, des équipements du logement et de l'accessibilité des transports. Pour le cas général, j'ai d'abord priorisé les options possibles dans le logement et j'ai privilégié les hôtels : pas de ménage, restauration possible et équipements de type climatisation disponibles.",que c est ok j aime ou je prefere,je n'ai pas fait attention,expérience intéressante,0,0,0,FALSE,NA,9,5,151.89608169114217,FALSE,122.99877920094877,FALSE,FALSE,FALSE,0,NA,3,FALSE,2026-10-09,choice_set_4,FALSE,FALSE,NA
synth0001,le-treport,12,nw57pqavbkex45h-yxrufsxlqdgh6vs,N,FALSE,0,25,28,76,80,0,25,4,3603,3130.786999940872,Femme,66,Étudiant,J'habite seul,1,3,4,0,0,distance depuis la mer ou le centre-ville ou une grande ville; distance depuis la gare/aéroport; le prix.,"Pour choisir les logements sur le site, j'ai procédé en sélectionnant d'abord par ordre de priorité. Pour les villes dont le centre ville ne m'intéressait pas, j'ai choisi de prioriser mes choix en fonction de la distance de la plage, des équipements du logement et de l'accessibilité des transports. Pour le cas général, j'ai d'abord priorisé les options possibles dans le logement et j'ai privilégié les hôtels : pas de ménage, restauration possible et équipements de type climatisation disponibles.",que c est ok j aime ou je prefere,je n'ai pas fait attention,expérience intéressante,0,0,0,FALSE,NA,9,5,151.89608169114217,FALSE,122.99877920094877,FALSE,FALSE,FALSE,0,NA,1,FALSE,2026-10-09,choice_set_4,FALSE,FALSE,NA
synth0001,le-treport,12,7djuwksm-c,N,FALSE,0,25,28,76,80,0,25,4,3603,3130.786999940872,Femme,66,Étudiant,J'habite seul,1,3,4,0,0,distance depuis la mer ou le centre-ville ou une grande ville; distance depuis la gare/aéroport; le prix.,"Pour choisir les logements sur le site, j'ai procédé en sélectionnant d'abord par ordre de priorité. Pour les villes dont le centre ville ne m'intéressait pas, j'ai choisi de prioriser mes choix en fonction de la distance de la plage, des équipements du logement et de l'accessibilité des transports. Pour le cas général, j'ai d'abord priorisé les options possibles dans le logement et j'ai privilégié les hôtels : pas de ménage, restauration possible et équipements de type climatisation disponibles.",que c est ok j aime ou je prefere,je n'ai pas fait attention,expérience intéressante,0,0,0,FALSE,NA,9,5,151.89608169114217,FALSE,122.99877920094877,FALSE,FALSE,TRUE,3,NA,3,FALSE,2026-10-09,choice_set_4,TRUE,FALSE,NA
synth0001,le-treport,12,eebninjlik2ffkztsb31kjff9jchoca,N,FALSE,0,25,28,76,80,0,25,4,3603,3130.786999940872,Femme,66,Étudiant,J'habite seul,1,3,4,0,0,distance depuis la mer ou le centre-ville ou une grande ville; distance depuis la gare/aéroport; le prix.,"Pour choisir les logements sur le site, j'ai procédé en sélectionnant d'abord par ordre de priorité. Pour les villes dont le centre ville ne m'intéressait pas, j'ai choisi de prioriser mes choix en fonction de la distance de la plage, des équipements du logement et de l'accessibilité des transports. Pour le cas général, j'ai d'abord priorisé les options possibles dans le logement et j'ai privilégié les hôtels : pas de ménage, restauration possible et équipements de type climatisation disponibles.",que c est ok j aime ou je prefere,je n'ai pas fait attention,expérience intéressante,0,0,0,FALSE,NA,9,5,151.89608169114217,FALSE,122.99877920094877,FALSE,FALSE,FALSE,0,NA,3,FALSE,2026-10-09,choice_set_4,FALSE,FALSE,NA
synth0001,le-treport,12,9p6dx5e0nnv7b2h4yu6-1rokk4dj42y8dm9ylot5uyt257t7kncrt3,N,FALSE,0,25,28,76,80,0,25,4,3603,3130.786999940872,Femme,66,Étudiant,J'habite seul,1,3,4,0,0,distance depuis la mer ou le centre-ville ou une grande ville; distance depuis la gare/aéroport; le prix.,"Pour choisir les logements sur le site, j'ai procédé en sélectionnant d'abord par ordre de priorité. Pour les villes dont le centre ville ne m'intéressait pas, j'ai choisi de prioriser mes choix en fonction de la distance de la plage, des équipements du logement et de l'accessibilité des transports. Pour le cas général, j'ai d'abord priorisé les options possibles dans le logement et j'ai privilégié les hôtels : pas de ménage, restauration possible et équipements de type climatisation disponibles.",que c est ok j aime ou je prefere,je n'ai pas fait attention,expérience intéressante,0,0,0,FALSE,NA,9,5,151.89608169114217,FALSE,122.99877920094877,FALSE,FALSE,TRUE,5,250.9752771956846,2,FALSE,2026-10-09,choice_set_4,TRUE,FALSE,NA
synth0001,le-treport,12,lpfs8kv3dvg-oefqiowu-k1r1h0b0-jwzxj6pm0il6dfz7o-qph0v,N,FALSE,0,25,28,76,80,0,25,4,3603,3130.786999940872,Femme,66,Étudiant,J'habite seul,1,3,4,0,0,distance depuis la mer ou le centre-ville ou une grande ville; distance depuis la gare/aéroport; le prix.,"Pour choisir les logements sur le site, j'ai procédé en sélectionnant d'abord par ordre de priorité. Pour les villes dont le centre ville ne m'intéressait pas, j'ai choisi de prioriser mes choix en fonction de la distance de la plage, des équipements du logement et de l'accessibilité des transports. Pour le cas général, j'ai d'abord priorisé les options possibles dans le logement et j'ai privilégié les hôtels : pas de ménage, restauration possible et équipements de type climatisation disponibles.",que c est ok j aime ou je prefere,je n'ai pas fait attention,expérience intéressante,0,0,0,FALSE,NA,9,5,151.89608169114217,FALSE,122.99877920094877,FALSE,TRUE,TRUE,6,NA,1,FALSE,2026-10-09,choice_set_4,FALSE,FALSE,NA
synth0001,le-treport,12,7p5bgo3g-ea0fphejkes,N,FALSE,0,25,28,76,80,0,25,4,3603,3130.786999940872,Femme,66,Étudiant,J'habite seul,1,3,4,0,0,distance depuis la mer ou le centre-ville ou une grande ville; distance depuis la gare/aéroport; le prix.,"Pour choisir les logements sur le site, j'ai procédé en sélectionnant d'abord par ordre de priorité. Pour les villes dont le centre ville ne m'intéressait pas, j'ai choisi de prioriser mes choix en fonction de la distance de la plage, des équipements du logement et de l'accessibilité des transports. Pour le cas général, j'ai d'abord priorisé les options possibles dans le logement et j'ai privilégié les hôtels : pas de ménage, restauration possible et équipements de type climatisation disponibles.",que c est ok j aime ou je prefere,je n'ai pas fait attention,expérience intéressante,0,0,0,FALSE,NA,9,5,151.89608169114217,FALSE,122.99877920094877,FALSE,FALSE,FALSE,0,NA,2,FALSE,2026-10-09,choice_set_4,FALSE,FALSE,NA
synth0001,le-treport,12,-yt3tnymuy-mv9sxsgyrz,N,FALSE,0,25,28,76,80,0,25,4,3603,3130.786999940872,Femme,66,Étudiant,J'habite seul,1,3,4,0,0,distance depuis la mer ou le centre-ville ou une grande ville; distance depuis la gare/aéroport; le prix.,"Pour choisir les logements sur le site, j'ai procédé en sélectionnant d'abord par ordre de priorité. Pour les villes dont le centre ville ne m'intéressait pas, j'ai choisi de prioriser mes choix en fonction de la distance de la plage, des équipements du logement et de l'accessibilité des transports. Pour le cas général, j'ai d'abord priorisé les options possibles dans le logement et j'ai privilégié les hôtels : pas de ménage, restauration possible et équipements de type climatisation disponibles.",que c est ok j aime ou je prefere,je n'ai pas fait attention,expérience intéressante,0,0,0,FALSE,NA,9,5,151.89608169114217,FALSE,122.99877920094877,FALSE,FALSE,FALSE,0,NA,1,FALSE,2026-10-09,choice_set_4,TRUE,FALSE,NA
synth0001,le-treport,12,xjs80zz0eu9o9tbuj57cy3ufq0zb8wnqj15mwnfz54woum,N,FALSE,0,25,28,76,80,0,25,4,3603,3130.786999940872,Femme,66,Étudiant,J'habite seul,1,3,4,0,0,distance depuis la mer ou le centre-ville ou une grande ville; distance depuis la gare/aéroport; le prix.,"Pour choisir les logements sur le site, j'ai procédé en sélectionnant d'abord par ordre de priorité. Pour les villes dont le centre ville ne m'intéressait pas, j'ai choisi de prioriser mes choix en fonction de la distance de la plage, des équipements du logement et de l'accessibilité des transports. Pour le cas général, j'ai d'abord priorisé les options possibles dans le logement et j'ai privilégié les hôtels : pas de ménage, restauration possible et équipements de type climatisation disponibles.",que c est ok j aime ou je prefere,je n'ai pas fait attention,expérience intéressante,0,0,0,FALSE,NA,9,5,151.89608169114217,FALSE,122.99877920094877,FALSE,FALSE,FALSE,0,NA,2,FALSE,2026-10-09,choice_set_4,FALSE,FALSE,NA
synth0002,le-treport,1,fa-nlkk6nciralfqvxc5bcstxez3inrjjdltb0ys9ydyggjgrfk,N,TRUE,0,34,0,50,99,61,25,3,3380,2230.9779999256134,Homme,39,Non étudiant,J'habite seul,1,1,2,0,1,la localisation  :  pres de la gare  des commerces   j'aime pouvoir visiter les sites touristiques   choisir un quartier calme,"je n'aime pas les sites des particuliers , je mise sur les hotels , je regarde emplacement par rapport au centre ville , je ne m'interresse pas aux notations des personnes qui sont déjà allés , le fait de pouvoir annuler ou pas ne  change rien à mon choix car je n'annule pas",Plusieurs avis positif d'anciens voyageurs tant vis à vis de la géolocalisation que des équipements à l'intérieur,non,Merci à vous c'était très interessant cordialement.,0,1,0,NA,NA,9,9,497.7947579107713,FALSE,19.411960002500564,TRUE,FALSE,FALSE,0,NA,3,FALSE,2026-11-20,choice_set_1,TRUE,FALSE,NA
synth0002,le-treport,1,9pu3lcpkauvrdw,N,TRUE,0,34,0,50,99,61,25,3,3380,2230.9779999256134,Homme,39,Non étudiant,J'habite seul,1,1,2,0,1,la localisation  :  pres de la gare  des commerces   j'aime pouvoir visiter les sites touristiques   choisir un quartier calme,"je n'aime pas les sites des particuliers , je mise sur les hotels , je regarde emplacement par rapport au centre ville , je ne m'interresse pas aux notations des personnes qui sont déjà allés , le fait de pouvoir annuler ou pas ne  change rien à mon choix car je n'annule pas",Plusieurs avis positif d'anciens voyageurs tant vis à vis de la géolocalisation que des équipements à l'intérieur,non,Merci à vous c'était très interessant cordialement.,0,1,0,NA,NA,9,9,497.7947579107713,FALSE,19.411960002500564,TRUE,FALSE,TRUE,4,NA,1,FALSE,2026-11-20,choice_set_1,TRUE,FALSE,NA
synth0002,le-treport,1,wc6wwsc1rqi0pvblsoapdbqj3oa07wc0hbldav14rvanxeg2mvo7perguoc,N,TRUE,0,34,0,50,99,61,25,3,3380,2230.9779999256134,Homme,39,Non étudiant,J'habite seul,1,1,2,0,1,la localisation  :  pres de la gare  des commerces   j'aime pouvoir visiter les sites touristiques   choisir un quartier calme,"je n'aime pas les sites des particuliers , je mise sur les hotels , je regarde emplacement par rapport au centre ville , je ne m'interresse pas aux notations des personnes qui sont déjà allés , le fait de pouvoir annuler ou pas ne  change rien à mon choix car je n'annule pas",Plusieurs avis positif d'anciens voyageurs tant vis à vis de la géolocalisation que des équipements à l'intérieur,non,Merci à vous c'était très interessant cordialement.,0,1,0,NA,NA,9,9,497.7947579107713,FALSE,19.411960002500564,TRUE,FALSE,FALSE,0,NA,2,TRUE,2026-11-20,choice_set_1,FALSE,FALSE,NA
synth0002,le-treport,1,vaxa-jtq6wbcm35vesddosgnbxy-vdi08sqg1ulhsfld2e,N,TRUE,0,34,0,50,99,61,25,3,3380,2230.9779999256134,Homme,39,Non étudiant,J'habite seul,1,1,2,0,1,la localisation  :  pres de la gare  des commerces   j'aime pouvoir visiter les sites touristiques   choisir un quartier calme,"je n'aime pas les sites des particuliers , je mise sur les hotels , je regarde emplacement par rapport au centre ville , je ne m'interresse pas aux notations des personnes qui sont déjà allés , le fait de pouvoir annuler ou pas ne  change rien à mon choix car je n'annule pas",Plusieurs avis positif d'anciens voyageurs tant vis à vis de la géolocalisation que des équipements à l'intérieur,non,Merci à vous c'était très interessant cordialement.,0,1,0,NA,NA,9,9,497.7947579107713,FALSE,19.411960002500564,TRUE,FALSE,TRUE,2,237.23536191973835,2,FALSE,2026-11-20,choice_set_1,TRUE,FALSE,NA
synth0002,le-treport,1,wemu860k34pkz8esdaly3f5uc-d14fs,N,TRUE,0,34,0,50,99,61,25,3,3380,2230.9779999256134,Homme,39,Non étudiant,J'habite seul,1,1,2,0,1,la localisation  :  pres de la gare  des commerces   j'aime pouvoir visiter les sites touristiques   choisir un quartier calme,"je n'aime pas les sites des particuliers , je mise sur les hotels , je regarde emplacement par rapport au centre ville , je ne m'interresse pas aux notations des personnes qui sont déjà allés , le fait de pouvoir annuler ou pas ne  change rien à mon choix car je n'annule pas",Plusieurs avis positif d'anciens voyageurs tant vis à vis de la géolocalisation que des équipements à l'intérieur,non,Merci à vous c'était très interessant cordialement.,0,1,0,NA,NA,9,9,497.7947579107713,FALSE,19.411960002500564,TRUE,FALSE,FALSE,0,NA,2,FALSE,2026-11-20,choice_set_1,FALSE,FALSE,NA
synth0002,le-treport,1,0ga4b0-ycb-jiscbwr-zv3a6544fgygjt997zli7wm-ywv,N,TRUE,0,34,0,50,99,61,25,3,3380,2230.9779999256134,Homme,39,Non étudiant,J'habite seul,1,1,2,0,1,la localisation  :  pres de la gare  des commerces   j'aime pouvoir visiter les sites touristiques   choisir un quartier calme,"je n'aime pas les sites des particuliers , je mise sur les hotels , je regarde emplacement par rapport au centre ville , je ne m'interresse pas aux notations des personnes qui sont déjà allés , le fait de pouvoir annuler ou pas ne  change rien à mon choix car je n'annule pas",Plusieurs avis positif d'anciens voyageurs tant vis à vis de la géolocalisation que des équipements à l'intérieur,non,Merci à vous c'était très interessant cordialement.,0,1,0,NA,NA,9,9,497.7947579107713,FALSE,19.411960002500564,TRUE,FALSE,FALSE,0,NA,1,FALSE,2026-11-20,choice_set_1,FALSE,FALSE,NA
synth0002,le-treport,1,-64t-h2l,N,TRUE,0,34,0,50,99,61,25,3,3380,2230.9779999256134,Homme,39,Non étudiant,J'habite seul,1,1,2,0,1,la localisation  :  pres de la gare  des commerces   j'aime pouvoir visiter les sites touristiques   choisir un quartier calme,"je n'aime pas les sites des particuliers , je mise sur les hotels , je regarde emplacement par rapport au centre ville , je ne m'interresse pas aux notations des personnes qui sont déjà allés , le fait de pouvoir annuler ou pas ne  change rien à mon choix car je n'annule pas",Plusieurs avis positif d'anciens voyageurs tant vis à vis de la géolocalisation que des équipements à l'intérieur,non,Merci à vous c'était très interessant cordialement.,0,1,0,NA,NA,9,9,497.7947579107713,FALSE,19.411960002500564,TRUE,FALSE,FALSE,0,NA,3,FALSE,2026-11-20,choice_set_1,FALSE,FALSE,NA
synth0002,le-treport,1,c5k549db,N,TRUE,0,34,0,50,99,61,25,3,3380,2230.9779999256134,Homme,39,Non étudiant,J'habite seul,1,1,2,0,1,la localisation  :  pres de la gare  des commerces   j'aime pouvoir visiter les sites touristiques   choisir un quartier calme,"je n'aime pas les sites des particuliers , je mise sur les hotels , je regarde emplacement par rapport au centre ville , je ne m'interresse pas aux notations des personnes qui sont déjà allés , le fait de pouvoir annuler ou pas ne  change rien à mon choix car je n'annule pas",Plusieurs avis positif d'anciens voyageurs tant vis à vis de la géolocalisation que des équipements à l'intérieur,non,Merci à vous c'était très interessant cordialement.,0,1,0,NA,NA,9,9,497.7947579107713,FALSE,19.411960002500564,TRUE,TRUE,TRUE,10,NA,3,FALSE,2026-11-20,choice_set_1,FALSE,FALSE,NA
synth0002,le-treport,1,k97ygjznx4fgdh-,N,TRUE,0,34,0,50,99,61,25,3,3380,2230.9779999256134,Homme,39,Non étudiant,J'habite seul,1,1,2,0,1,la localisation  :  pres de la gare  des commerces   j'aime pouvoir visiter les sites touristiques   choisir un quartier calme,"je n'aime pas les sites des particuliers , je mise sur les hotels , je regarde emplacement par rapport au centre ville , je ne m'interresse pas aux notations des personnes qui sont déjà allés , le fait de pouvoir annuler ou pas ne  change rien à mon choix car je n'annule pas",Plusieurs avis positif d'anciens voyageurs tant vis à vis de la géolocalisation que des équipements à l'intérieur,non,Merci à vous c'était très interessant cordialement.,0,1,0,NA,NA,9,9,497.7947579107713,FALSE,19.411960002500564,TRUE,FALSE,FALSE,0,NA,1,FALSE,2026-11-20,choice_set_1,FALSE,FALSE,NA
synth0002,le-treport,2,gu5i5o5nkp50j3wvj3qvp,N,TRUE,0,34,0,50,99,61,25,3,3380,2230.9779999256134,Homme,39,Non étudiant,J'habite seul,1,1,2,0,1,la localisation  :  pres de la gare  des commerces   j'aime pouvoir visiter les sites touristiques   choisir un quartier calme,"je n'aime pas les sites des particuliers , je mise sur les hotels , je regarde emplacement par rapport au centre ville , je ne m'interresse pas aux notations des personnes qui sont déjà allés , le fait de pouvoir annuler ou pas ne  change rien à mon choix car je n'annule pas",Plusieurs avis positif d'anciens voyageurs tant vis à vis de la géolocalisation que des équipements à l'intérieur,non,Merci à vous c'était très interessant cordialement.,0,1,0,NA,NA,9,3,469.97072453261353,FALSE,29.597912100609392,FALSE,FALSE,FALSE,0,NA,1,FALSE,2026-10-09,choice_set_2,FALSE,FALSE,NA
synth0002,le-treport,2,iz2asiyv795p2vtjnbdgerzwfzs23epeb48wcypzyg0hf5aoh53rn,N,TRUE,0,34,0,50,99,61,25,3,3380,2230.9779999256134,Homme,39,Non étudiant,J'habite seul,1,1,2,0,1,la localisation  :  pres de la gare  des commerces   j'aime pouvoir visiter les sites touristiques   choisir un quartier calme,"je n'aime pas les sites des particuliers , je mise sur les hotels , je regarde emplacement par rapport au centre ville , je ne m'interresse pas aux notations des personnes qui sont déjà allés , le fait de pouvoir annuler ou pas ne  change rien à mon choix car je n'annule pas",Plusieurs avis positif d'anciens voyageurs tant vis à vis de la géolocalisation que des équipements à l'intérieur,non,Merci à vous c'était très interessant cordialement.,0,1,0,NA,NA,9,3,469.97072453261353,FALSE,29.597912100609392,FALSE,FALSE,FALSE,0,NA,2,FALSE,2026-10-09,choice_set_2,TRUE,FALSE,NA
synth0002,le-treport,2,tvh8ejyiukdmw0lbr4zplc7jfbr9amlwnv6o2aggh0vkq9w,N,TRUE,0,34,0,50,99,61,25,3,3380,2230.9779999256134,Homme,39,Non étudiant,J'habite seul,1,1,2,0,1,la localisation  :  pres de la gare  des commerces   j'aime pouvoir visiter les sites touristiques   choisir un quartier calme,"je n'aime pas les sites des particuliers , je mise sur les hotels , je regarde emplacement par rapport au centre ville , je ne m'interresse pas aux notations des personnes qui sont déjà allés , le fait de pouvoir annuler ou pas ne  change rien à mon choix car je n'annule pas",Plusieurs avis positif d'anciens voyageurs tant vis à vis de la géolocalisation que des équipements à l'intérieur,non,Merci à vous c'était très interessant cordialement.,0,1,0,NA,NA,9,3,469.97072453261353,FALSE,29.597912100609392,FALSE,FALSE,TRUE,13,53.465647185221314,3,FALSE,2026-10-09,choice_set_2,TRUE,FALSE,NA
synth0002,le-treport,2,ymzk1blzjv15t3o,N,TRUE,0,34,0,50,99,61,25,3,3380,2230.9779999256134,Homme,39,Non étudiant,J'habite seul,1,1,2,0,1,la localisation  :  pres de la gare  des commerces   j'aime pouvoir visiter les sites touristiques   choisir un quartier calme,"je n'aime pas les sites des particuliers , je mise sur les hotels , je regarde emplacement par rapport au centre ville , je ne m'interresse pas aux notations des personnes qui sont déjà allés , le fait de pouvoir annuler ou pas ne  change rien à mon choix car je n'annule pas",Plusieurs avis positif d'anciens voyageurs tant vis à vis de la géolocalisation que des équipements à l'intérieur,non,Merci à vous c'était très interessant cordialement.,0,1,0,NA,NA,9,3,469.97072453261353,FALSE,29.597912100609392,FALSE,FALSE,TRUE,8,244.14374739513732,2,FALSE,2026-10-09,choice_set_2,FALSE,FALSE,NA
synth0002,le-treport,2,mnkm1oh1rqrt8biuxp95p7bta7v36d5oz5z0952dkqqpsellcc5wt4h,N,TRUE,0,34,0,50,99,61,25,3,3380,2230.9779999256134,Homme,39,Non étudiant,J'habite seul,1,1,2,0,1,la localisation  :  pres de la gare  des commerces   j'aime pouvoir visiter les sites touristiques   choisir un quartier calme,"je n'aime pas les sites des particuliers , je mise sur les hotels , je regarde emplacement par rapport au centre ville , je ne m'interresse pas aux notations des personnes qui sont déjà allés , le fait de pouvoir annuler ou pas ne  change rien à mon choix car je n'annule pas",Plusieurs avis positif d'anciens voyageurs tant vis à vis de la géolocalisation que des équipements à l'intérieur,non,Merci à vous c'était très interessant cordialement.,0,1,0,NA,NA,9,3,469.97072453261353,FALSE,29.597912100609392,FALSE,TRUE,TRUE,4,288.37992944871075,2,FALSE,2026-10-09,choice_set_2,FALSE,FALSE,NA
synth0002,le-treport,2,-5jz9bt55834bqqvirw9q-khovlqt7euzmbzt3orhwex7x4hnk9cy1r9,N,TRUE,0,34,0,50,99,61,25,3,3380,2230.9779999256134,Homme,39,Non étudiant,J'habite seul,1,1,2,0,1,la localisation  :  pres de la gare  des commerces   j'aime pouvoir visiter les sites touristiques   choisir un quartier calme,"je n'aime pas les sites des particuliers , je mise sur les hotels , je regarde emplacement par rapport au centre ville , je ne m'interresse pas aux notations des personnes qui sont déjà allés , le fait de pouvoir annuler ou pas ne  change rien à mon choix car je n'annule pas",Plusieurs avis positif d'anciens voyageurs tant vis à vis de la géolocalisation que des équipements à l'intérieur,non,Merci à vous c'était très interessant cordialement.,0,1,0,NA,NA,9,3,469.97072453261353,FALSE,29.597912100609392,FALSE,FALSE,FALSE,0,NA,3,FALSE,2026-10-09,choice_set_2,FALSE,FALSE,NA
synth0002,le-treport,2,b9f02kzx0obl80g5olytbagi8x5y9pypoxpy-2sr4,N,TRUE,0,34,0,50,99,61,25,3,3380,2230.9779999256134,Homme,39,Non étudiant,J'habite seul,1,1,2,0,1,la localisation  :  pres de la gare  des commerces   j'aime pouvoir visiter les sites touristiques   choisir un quartier calme,"je n'aime pas les sites des particuliers , je mise sur les hotels , je regarde emplacement par rapport au centre ville , je ne m'interresse pas aux notations des personnes qui sont déjà allés , le fait de pouvoir annuler ou pas ne  change rien à mon choix car je n'annule pas",Plusieurs avis positif d'anciens voyageurs tant vis à vis de la géolocalisation que des équipements à l'intérieur,non,Merci à vous c'était très interessant cordialement.,0,1,0,NA,NA,9,3,469.97072453261353,FALSE,29.597912100609392,FALSE,FALSE,TRUE,8,NA,1,FALSE,2026-10-09,choice_set_2,TRUE,FALSE,NA
synth0002,le-treport,2,yhcwps0j5uq4sutwql5tqsq6tulbanss2nn7raz0vcx11707uxne9moucn,N,TRUE,0,34,0,50,99,61,25,3,3380,2230.9779999256134,Homme,39,Non étudiant,J'habite seul,1,1,2,0,1,la localisation  :  pres de la gare  des commerces   j'aime pouvoir visiter les sites touristiques   choisir un quartier calme,"je n'aime pas les sites des particuliers , je mise sur les hotels , je regarde emplacement par rapport au centre ville , je ne m'interresse pas aux notations des personnes qui sont déjà allés , le fait de pouvoir annuler ou pas ne  change rien à mon choix car je n'annule pas",Plusieurs avis positif d'anciens voyageurs tant vis à vis de la géolocalisation que des équipements à l'intérieur,non,Merci à vous c'était très interessant cordialement.,0,1,0,NA,NA,9,3,469.97072453261353,FALSE,29.597912100609392,FALSE,FALSE,FALSE,0,NA,1,FALSE,2026-10-09,choice_set_2,FALSE,FALSE,NA
synth0002,le-treport,2,uflc0ri0qc,N,TRUE,0,34,0,50,99,61,25,3,3380,2230.9779999256134,Homme,39,Non étudiant,J'habite seul,1,1,2,0,1,la localisation  :  pres de la gare  des commerces   j'aime pouvoir visiter les sites touristiques   choisir un quartier calme,"je n'aime pas les sites des particuliers , je mise sur les hotels , je regarde emplacement par rapport au centre ville , je ne m'interresse pas aux notations des personnes qui sont déjà allés , le fait de pouvoir annuler ou pas ne  change rien à mon choix car je n'annule pas",Plusieurs avis positif d'anciens voyageurs tant vis à vis de la géolocalisation que des équipements à l'intérieur,non,Merci à vous c'était très interessant cordialement.,0,1,0,NA,NA,9,3,469.97072453261353,FALSE,29.597912100609392,FALSE,FALSE,FALSE,0,NA,3,FALSE,2026-10-09,choice_set_2,FALSE,FALSE,NA
synth0002,le-treport,3,q8xeogplr43qi9zpywjaoz6krpfqo7u-60yby3,N,TRUE,0,34,0,50,99,61,25,3,3380,2230.9779999256134,Homme,39,Non étudiant,J'habite seul,1,1,2,0,1,la localisation  :  pres de la gare  des commerces   j'aime pouvoir visiter les sites touristiques   choisir un quartier calme,"je n'aime pas les sites des particuliers , je mise sur les hotels , je regarde emplacement par rapport au centre ville , je ne m'interresse pas aux notations des personnes qui sont déjà allés , le fait de pouvoir annuler ou pas ne  change rien à mon choix car je n'annule pas",Plusieurs avis positif d'anciens voyageurs tant vis à vis de la géolocalisation que des équipements à l'intérieur,non,Merci à vous c'était très interessant cordialement.,0,1,0,NA,NA,9,1,302.0092939226888,FALSE,10.087081252364442,TRUE,FALSE,TRUE,13,292.3031975654885,2,FALSE,2026-11-13,choice_set_3,TRUE,FALSE,NA
synth0002,le-treport,3,1wfv-0ds9pjue864owgl7xdzrt8c2h44fe4aoax5vw5dwm0xktzj8,N,TRUE,0,34,0,50,99,61,25,3,3380,2230.9779999256134,Homme,39,Non étudiant,J'habite seul,1,1,2,0,1,la localisation  :  pres de la gare  des commerces   j'aime pouvoir visiter les sites touristiques   choisir un quartier calme,"je n'aime pas les sites des particuliers , je mise sur les hotels , je regarde emplacement par rapport au centre ville , je ne m'interresse pas aux notations des personnes qui sont déjà allés , le fait de pouvoir annuler ou pas ne  change rien à mon choix car je n'annule pas",Plusieurs avis positif d'anciens voyageurs tant vis à vis de la géolocalisation que des équipements à l'intérieur,non,Merci à vous c'était très interessant cordialement.,0,1,0,NA,NA,9,1,302.0092939226888,FALSE,10.087081252364442,TRUE,FALSE,FALSE,0,NA,3,FALSE,2026-11-13,choice_set_3,FALSE,FALSE,NA
synth0002,le-treport,3,047cekdlvj,N,TRUE,0,34,0,50,99,61,25,3,3380,2230.9779999256134,Homme,39,Non étudiant,J'habite seul,1,1,2,0,1,la localisation  :  pres de la gare  des commerces   j'aime pouvoir visiter les sites touristiques   choisir un quartier calme,"je n'aime pas les sites des particuliers , je mise sur les hotels , je regarde emplacement par rapport au centre ville , je ne m'interresse pas aux notations des personnes qui sont déjà allés , le fait de pouvoir annuler ou pas ne  change rien à mon choix car je n'annule pas",Plusieurs avis positif d'anciens voyageurs tant vis à vis de la géolocalisation que des équipements à l'intérieur,non,Merci à vous c'était très interessant cordialement.,0,1,0,NA,NA,9,1,302.0092939226888,FALSE,10.087081252364442,TRUE,FALSE,FALSE,0,NA,3,FALSE,2026-11-13,choice_set_3,FALSE,FALSE,NA
synth0002,le-treport,3,5hmuii33aw6ktfjzhgo62t,N,TRUE,0,34,0,50,99,61,25,3,3380,2230.9779999256134,Homme,39,Non étudiant,J'habite seul,1,1,2,0,1,la localisation  :  pres de la gare  des commerces   j'aime pouvoir visiter les sites touristiques   choisir un quartier calme,"je n'aime pas les sites des particuliers , je mise sur les hotels , je regarde emplacement par rapport au centre ville , je ne m'interresse pas aux notations des personnes qui sont déjà allés , le fait de pouvoir annuler ou pas ne  change rien à mon choix car je n'annule pas",Plusieurs avis positif d'anciens voyageurs tant vis à vis de la géolocalisation que des équipements à l'intérieur,non,Merci à vous c'était très interessant cordialement.,0,1,0,NA,NA,9,1,302.0092939226888,FALSE,10.087081252364442,TRUE,FALSE,FALSE,0,NA,1,FALSE,2026-11-13,choice_set_3,TRUE,FALSE,NA
synth0002,le-treport,3,7ogrlu0a5hjchn9nx0iljn2t939s1rokx9h7-mp8m4,N,TRUE,0,34,0,50,99,61,25,3,3380,2230.9779999256134,Homme,39,Non étudiant,J'habite seul,1,1,2,0,1,la localisation  :  pres de la gare  des commerces   j'aime pouvoir visiter les sites touristiques   choisir un quartier calme,"je n'aime pas les sites des particuliers , je mise sur les hotels , je regarde emplacement par rapport au centre ville , je ne m'interresse pas aux notations des personnes qui sont déjà allés , le fait de pouvoir annuler ou pas ne  change rien à mon choix car je n'annule pas",Plusieurs avis positif d'anciens voyageurs tant vis à vis de la géolocalisation que des équipements à l'intérieur,non,Merci à vous c'était très interessant cordialement.,0,1,0,NA,NA,9,1,302.0092939226888,FALSE,10.087081252364442,TRUE,FALSE,FALSE,0,NA,2,FALSE,2026-11-13,choice_set_3,FALSE,FALSE,NA
synth0002,le-treport,3,8hmvdj60tfsrvg4vt4oo2r29djok0q5dlhgoi1it2xe63fvvdyb6t3x3d,N,TRUE,0,34,0,50,99,61,25,3,3380,2230.9779999256134,Homme,39,Non étudiant,J'habite seul,1,1,2,0,1,la localisation  :  pres de la gare  des commerces   j'aime pouvoir visiter les sites touristiques   choisir un quartier calme,"je n'aime pas les sites des particuliers , je mise sur les hotels , je regarde emplacement par rapport au centre ville , je ne m'interresse pas aux notations des personnes qui sont déjà allés , le fait de pouvoir annuler ou pas ne  change rien à mon choix car je n'annule pas",Plusieurs avis positif d'anciens voyageurs tant vis à vis de la géolocalisation que des équipements à l'intérieur,non,Merci à vous c'était très interessant cordialement.,0,1,0,NA,NA,9,1,302.0092939226888,FALSE,10.087081252364442,TRUE,FALSE,FALSE,0,NA,2,FALSE,2026-11-13,choice_set_3,FALSE,FALSE,NA
synth0002,le-treport,3,7sid8ak96k0buy26hhcqjq0qdxust-06et7vtzgexr4e,N,TRUE,0,34,0,50,99,61,25,3,3380,2230.9779999256134,Homme,39,Non étudiant,J'habite seul,1,1,2,0,1,la localisation  :  pres de la gare  des commerces   j'aime pouvoir visiter les sites touristiques   choisir un quartier calme,"je n'aime pas les sites des particuliers , je mise sur les hotels , je regarde emplacement par rapport au centre ville , je ne m'interresse pas aux notations des personnes qui sont déjà allés , le fait de pouvoir annuler ou pas ne  change rien à mon choix car je n'annule pas",Plusieurs avis positif d'anciens voyageurs tant vis à vis de la géolocalisation que des équipements à l'intérieur,non,Merci à vous c'était très interessant cordialement.,0,1,0,NA,NA,9,1,302.0092939226888,FALSE,10.087081252364442,TRUE,FALSE,TRUE,11,288.41629948234186,1,FALSE,2026-11-13,choice_set_3,FALSE,FALSE,NA
synth0002,le-treport,3,n6sp94juxcbefc7r6,N,TRUE,0,34,0,50,99,61,25,3,3380,2230.9779999256134,Homme,39,Non étudiant,J'habite seul,1,1,2,0,1,la localisation  :  pres de la gare  des commerces   j'aime pouvoir visiter les sites touristiques   choisir un quartier calme,"je n'aime pas les sites des particuliers , je mise sur les hotels , je regarde emplacement par rapport au centre ville , je ne m'interresse pas aux notations des personnes qui sont déjà allés , le fait de pouvoir annuler ou pas ne  change rien à mon choix car je n'annule pas",Plusieurs avis positif d'anciens voyageurs tant vis à vis de la géolocalisation que des équipements à l'intérieur,non,Merci à vous c'était très interessant cordialement.,0,1,0,NA,NA,9,1,302.0092939226888,FALSE,10.087081252364442,TRUE,FALSE,FALSE,0,NA,1,FALSE,2026-11-13,choice_set_3,FALSE,TRUE,wksx0-amqa2705sqr7115fjdj5oul0ukjgn
synth0002,le-treport,3,m54d58860qut5xr4v4bx7s13e-n,N,TRUE,0,34,0,50,99,61,25,3,3380,2230.9779999256134,Homme,39,Non étudiant,J'habite seul,1,1,2,0,1,la localisation  :  pres de la gare  des commerces   j'aime pouvoir visiter les sites touristiques   choisir un quartier calme,"je n'aime pas les sites des particuliers , je mise sur les hotels , je regarde emplacement par rapport au centre ville , je ne m'interresse pas aux notations des personnes qui sont déjà allés , le fait de pouvoir annuler ou pas ne  change rien à mon choix car je n'annule pas",Plusieurs avis positif d'anciens voyageurs tant vis à vis de la géolocalisation que des équipements à l'intérieur,non,Merci à vous c'était très interessant cordialement.,0,1,0,NA,NA,9,1,302.0092939226888,FALSE,10.087081252364442,TRUE,TRUE,TRUE,11,135.45358024188317,3,TRUE,2026-11-13,choice_set_3,TRUE,FALSE,NA
synth0002,le-treport,4,-2kzi8c-,N,TRUE,0,34,0,50,99,61,25,3,3380,2230.9779999256134,Homme,39,Non étudiant,J'habite seul,1,1,2,0,1,la localisation  :  pres de la gare  des commerces   j'aime pouvoir visiter les sites touristiques   choisir un quartier calme,"je n'aime pas les sites des particuliers , je mise sur les hotels , je regarde emplacement par rapport au centre ville , je ne m'interresse pas aux notations des personnes qui sont déjà allés , le fait de pouvoir annuler ou pas ne  change rien à mon choix car je n'annule pas",Plusieurs avis positif d'anciens voyageurs tant vis à vis de la géolocalisation que des équipements à l'intérieur,non,Merci à vous c'était très interessant cordialement.,0,1,0,NA,NA,9,8,269.97381742158905,FALSE,190.1790229822509,TRUE,FALSE,FALSE,0,NA,1,FALSE,2026-10-23,choice_set_4,FALSE,FALSE,NA
synth0002,le-treport,4,ssd02er-xsjfz8f5h1tiusl0g0yf32l-h,N,TRUE,0,34,0,50,99,61,25,3,3380,2230.9779999256134,Homme,39,Non étudiant,J'habite seul,1,1,2,0,1,la localisation  :  pres de la gare  des commerces   j'aime pouvoir visiter les sites touristiques   choisir un quartier calme,"je n'aime pas les sites des particuliers , je mise sur les hotels , je regarde emplacement par rapport au centre ville , je ne m'interresse pas aux notations des personnes qui sont déjà allés , le fait de pouvoir annuler ou pas ne  change rien à mon choix car je n'annule pas",Plusieurs avis positif d'anciens voyageurs tant vis à vis de la géolocalisation que des équipements à l'intérieur,non,Merci à vous c'était très interessant cordialement.,0,1,0,NA,NA,9,8,269.97381742158905,FALSE,190.1790229822509,TRUE,FALSE,FALSE,0,NA,2,TRUE,2026-10-23,choice_set_4,FALSE,FALSE,NA
synth0002,le-treport,4,87lmyd639w6-i3ieg5b2vt03usjer0,N,TRUE,0,34,0,50,99,61,25,3,3380,2230.9779999256134,Homme,39,Non étudiant,J'habite seul,1,1,2,0,1,la localisation  :  pres de la gare  des commerces   j'aime pouvoir visiter les sites touristiques   choisir un quartier calme,"je n'aime pas les sites des particuliers , je mise sur les hotels , je regarde emplacement par rapport au centre ville , je ne m'interresse pas aux notations des personnes qui sont déjà allés , le fait de pouvoir annuler ou pas ne  change rien à mon choix car je n'annule pas",Plusieurs avis positif d'anciens voyageurs tant vis à vis de la géolocalisation que des équipements à l'intérieur,non,Merci à vous c'était très interessant cordialement.,0,1,0,NA,NA,9,8,269.97381742158905,FALSE,190.1790229822509,TRUE,FALSE,FALSE,0,NA,2,FALSE,2026-10-23,choice_set_4,FALSE,FALSE,NA
synth0002,le-treport,4,t-s2un4i,N,TRUE,0,34,0,50,99,61,25,3,3380,2230.9779999256134,Homme,39,Non étudiant,J'habite seul,1,1,2,0,1,la localisation  :  pres de la gare  des commerces   j'aime pouvoir visiter les sites touristiques   choisir un quartier calme,"je n'aime pas les sites des particuliers , je mise sur les hotels , je regarde emplacement par rapport au centre ville , je ne m'interresse pas aux notations des personnes qui sont déjà allés , le fait de pouvoir annuler ou pas ne  change rien à mon choix car je n'annule pas",Plusieurs avis positif d'anciens voyageurs tant vis à vis de la géolocalisation que des équipements à l'intérieur,non,Merci à vous c'était très interessant cordialement.,0,1,0,NA,NA,9,8,269.97381742158905,FALSE,190.1790229822509,TRUE,FALSE,FALSE,0,NA,1,FALSE,2026-10-23,choice_set_4,TRUE,FALSE,NA
synth0002,le-treport,4,eehtv95qr2kxr20gnowccjrztm1kotsxatm0jowade,N,TRUE,0,34,0,50,99,61,25,3,3380,2230.9779999256134,Homme,39,Non étudiant,J'habite seul,1,1,2,0,1,la localisation  :  pres de la gare  des commerces   j'aime pouvoir visiter les sites touristiques   choisir un quartier calme,"je n'aime pas les sites des particuliers , je mise sur les hotels , je regarde emplacement par rapport au centre ville , je ne m'interresse pas aux notations des personnes qui sont déjà allés , le fait de pouvoir annuler ou pas ne  change rien à mon choix car je n'annule pas",Plusieurs avis positif d'anciens voyageurs tant vis à vis de la géolocalisation que des équipements à l'intérieur,non,Merci à vous c'était très interessant cordialement.,0,1,0,NA,NA,9,8,269.97381742158905,FALSE,190.1790229822509,TRUE,FALSE,FALSE,0,NA,3,FALSE,2026-10-23,choice_set_4,TRUE,FALSE,NA
synth0002,le-treport,4,1ds2zykh,N,TRUE,0,34,0,50,99,61,25,3,3380,2230.9779999256134,Homme,39,Non étudiant,J'habite seul,1,1,2,0,1,la localisation  :  pres de la gare  des commerces   j'aime pouvoir visiter les sites touristiques   choisir un quartier calme,"je n'aime pas les sites des particuliers , je mise sur les hotels , je regarde emplacement par rapport au centre ville , je ne m'interresse pas aux notations des personnes qui sont déjà allés , le fait de pouvoir annuler ou pas ne  change rien à mon choix car je n'annule pas",Plusieurs avis positif d'anciens voyageurs tant vis à vis de la géolocalisation que des équipements à l'intérieur,non,Merci à vous c'était très interessant cordialement.,0,1,0,NA,NA,9,8,269.97381742158905,FALSE,190.1790229822509,TRUE,FALSE,FALSE,0,NA,2,FALSE,2026-10-23,choice_set_4,TRUE,FALSE,NA
synth0002,le-treport,4,h-e613-bmg6f45j8iws-y,N,TRUE,0,34,0,50,99,61,25,3,3380,2230.9779999256134,Homme,39,Non étudiant,J'habite seul,1,1,2,0,1,la localisation  :  pres de la gare  des commerces   j'aime pouvoir visiter les sites touristiques   choisir un quartier calme,"je n'aime pas les sites des particuliers , je mise sur les hotels , je regarde emplacement par rapport au centre ville , je ne m'interresse pas aux notations des personnes qui sont déjà allés , le fait de pouvoir annuler ou pas ne  change rien à mon choix car je n'annule pas",Plusieurs avis positif d'anciens voyageurs tant vis à vis de la géolocalisation que des équipements à l'intérieur,non,Merci à vous c'était très interessant cordialement.,0,1,0,NA,NA,9,8,269.97381742158905,FALSE,190.1790229822509,TRUE,FALSE,FALSE,0,NA,3,FALSE,2026-10-23,choice_set_4,FALSE,FALSE,NA
synth0002,le-treport,4,ktm-6y1k3x-1cuof72dse21m-jo5wu5j98,N,TRUE,0,34,0,50,99,61,25,3,3380,2230.9779999256134,Homme,39,Non étudiant,J'habite seul,1,1,2,0,1,la localisation  :  pres de la gare  des commerces   j'aime pouvoir visiter les sites touristiques   choisir un quartier calme,"je n'aime pas les sites des particuliers , je mise sur les hotels , je regarde emplacement par rapport au centre ville , je ne m'interresse pas aux notations des personnes qui sont déjà allés , le fait de pouvoir annuler ou pas ne  change rien à mon choix car je n'annule pas",Plusieurs avis positif d'anciens voyageurs tant vis à vis de la géolocalisation que des équipements à l'intérieur,non,Merci à vous c'était très interessant cordialement.,0,1,0,NA,NA,9,8,269.97381742158905,FALSE,190.1790229822509,TRUE,TRUE,TRUE,6,131.54296823660843,3,FALSE,2026-10-23,choice_set_4,FALSE,FALSE,NA
synth0002,le-treport,4,wd1lbk-8ym2xflu2v69de8v-,N,TRUE,0,34,0,50,99,61,25,3,3380,2230.9779999256134,Homme,39,Non étudiant,J'habite seul,1,1,2,0,1,la localisation  :  pres de la gare  des commerces   j'aime pouvoir visiter les sites touristiques   choisir un quartier calme,"je n'aime pas les sites des particuliers , je mise sur les hotels , je regarde emplacement par rapport au centre ville , je ne m'interresse pas aux notations des personnes qui sont déjà allés , le fait de pouvoir annuler ou pas ne  change rien à mon choix car je n'annule pas",Plusieurs avis positif d'anciens voyageurs tant vis à vis de la géolocalisation que des équipements à l'intérieur,non,Merci à vous c'était très interessant cordialement.,0,1,0,NA,NA,9,8,269.97381742158905,FALSE,190.1790229822509,TRUE,FALSE,FALSE,0,NA,1,FALSE,2026-10-23,choice_set_4,FALSE,FALSE,NA
synth0002,sete,5,6wwasbvi7dh04uadyaie1obw7khst5odd2drkgzq04d5bk8t2o,N,TRUE,0,34,0,50,99,61,25,3,3380,2230.9779999256134,Homme,39,Non étudiant,J'habite seul,1,1,2,0,1,la localisation  :  pres de la gare  des commerces   j'aime pouvoir visiter les sites touristiques   choisir un quartier calme,"je n'aime pas les sites des particuliers , je mise sur les hotels , je regarde emplacement par rapport au centre ville , je ne m'interresse pas aux notations des personnes qui sont déjà allés , le fait de pouvoir annuler ou pas ne  change rien à mon choix car je n'annule pas",Plusieurs avis positif d'anciens voyageurs tant vis à vis de la géolocalisation que des équipements à l'intérieur,non,Merci à vous c'était très interessant cordialement.,0,1,0,FALSE,NA,9,11,380.74445857224055,FALSE,41.80649331375025,TRUE,FALSE,FALSE,0,NA,2,FALSE,2026-11-27,choice_set_1,FALSE,FALSE,NA
synth0002,sete,5,zhelzc4qvy2yvuth657ny3e-tx9ygqy80k9crd7qux5yq33h,N,TRUE,0,34,0,50,99,61,25,3,3380,2230.9779999256134,Homme,39,Non étudiant,J'habite seul,1,1,2,0,1,la localisation  :  pres de la gare  des commerces   j'aime pouvoir visiter les sites touristiques   choisir un quartier calme,"je n'aime pas les sites des particuliers , je mise sur les hotels , je regarde emplacement par rapport au centre ville , je ne m'interresse pas aux notations des personnes qui sont déjà allés , le fait de pouvoir annuler ou pas ne  change rien à mon choix car je n'annule pas",Plusieurs avis positif d'anciens voyageurs tant vis à vis de la géolocalisation que des équipements à l'intérieur,non,Merci à vous c'était très interessant cordialement.,0,1,0,FALSE,NA,9,11,380.74445857224055,FALSE,41.80649331375025,TRUE,FALSE,FALSE,0,NA,2,FALSE,2026-11-27,choice_set_1,TRUE,FALSE,NA
synth0002,sete,5,37x9txvd0b7dytuhmu857owl5rho7q06ljhhgtol9rhomvqk,N,TRUE,0,34,0,50,99,61,25,3,3380,2230.9779999256134,Homme,39,Non étudiant,J'habite seul,1,1,2,0,1,la localisation  :  pres de la gare  des commerces   j'aime pouvoir visiter les sites touristiques   choisir un quartier calme,"je n'aime pas les sites des particuliers , je mise sur les hotels , je regarde emplacement par rapport au centre ville , je ne m'interresse pas aux notations des personnes qui sont déjà allés , le fait de pouvoir annuler ou pas ne  change rien à mon choix car je n'annule pas",Plusieurs avis positif d'anciens voyageurs tant vis à vis de la géolocalisation que des équipements à l'intérieur,non,Merci à vous c'était très interessant cordialement.,0,1,0,FALSE,NA,9,11,380.74445857224055,FALSE,41.80649331375025,TRUE,FALSE,FALSE,0,NA,1,FALSE,2026-11-27,choice_set_1,TRUE,FALSE,NA
synth0002,sete,5,c647li5vnn9,N,TRUE,0,34,0,50,99,61,25,3,3380,2230.9779999256134,Homme,39,Non étudiant,J'habite seul,1,1,2,0,1,la localisation  :  pres de la gare  des commerces   j'aime pouvoir visiter les sites touristiques   choisir un quartier calme,"je n'aime pas les sites des particuliers , je mise sur les hotels , je regarde emplacement par rapport au centre ville , je ne m'interresse pas aux notations des personnes qui sont déjà allés , le fait de pouvoir annuler ou pas ne  change rien à mon choix car je n'annule pas",Plusieurs avis positif d'anciens voyageurs tant vis à vis de la géolocalisation que des équipements à l'intérieur,non,Merci à vous c'était très interessant cordialement.,0,1,0,FALSE,NA,9,11,380.74445857224055,FALSE,41.80649331375025,TRUE,FALSE,FALSE,0,NA,3,FALSE,2026-11-27,choice_set_1,TRUE,FALSE,NA
synth0002,sete,5,zsrj7n5hdd9qca5-89p994ue1g67mbpxt5qqhu4u1y8utjv0p1giqm,N,TRUE,0,34,0,50,99,61,25,3,3380,2230.9779999256134,Homme,39,Non étudiant,J'habite seul,1,1,2,0,1,la localisation  :  pres de la gare  des commerces   j'aime pouvoir visiter les sites touristiques   choisir un quartier calme,"je n'aime pas les sites des particuliers , je mise sur les hotels , je regarde emplacement par rapport au centre ville , je ne m'interresse pas aux notations des personnes qui sont déjà allés , le fait de pouvoir annuler ou pas ne  change rien à mon choix car je n'annule pas",Plusieurs avis positif d'anciens voyageurs tant vis à vis de la géolocalisation que des équipements à l'intérieur,non,Merci à vous c'était très interessant cordialement.,0,1,0,FALSE,NA,9,11,380.74445857224055,FALSE,41.80649331375025,TRUE,FALSE,FALSE,0,NA,3,TRUE,2026-11-27,choice_set_1,FALSE,FALSE,NA
synth0002,sete,5,w5cpq7puj74sfh8vdbmb7qmio-lob-vl92xcjsxvjzw,N,TRUE,0,34,0,50,99,61,25,3,3380,2230.9779999256134,Homme,39,Non étudiant,J'habite seul,1,1,2,0,1,la localisation  :  pres de la gare  des commerces   j'aime pouvoir visiter les sites touristiques   choisir un quartier calme,"je n'aime pas les sites des particuliers , je mise sur les hotels , je regarde emplacement par rapport au centre ville , je ne m'interresse pas aux notations des personnes qui sont déjà allés , le fait de pouvoir annuler ou pas ne  change rien à mon choix car je n'annule pas",Plusieurs avis positif d'anciens voyageurs tant vis à vis de la géolocalisation que des équipements à l'intérieur,non,Merci à vous c'était très interessant cordialement.,0,1,0,FALSE,NA,9,11,380.74445857224055,FALSE,41.80649331375025,TRUE,FALSE,TRUE,10,NA,1,FALSE,2026-11-27,choice_set_1,FALSE,FALSE,NA
synth0002,sete,5,v61vot05fa-edeeoemckmemvpgz5h,N,TRUE,0,34,0,50,99,61,25,3,3380,2230.9779999256134,Homme,39,Non étudiant,J'habite seul,1,1,2,0,1,la localisation  :  pres de la gare  des commerces   j'aime pouvoir visiter les sites touristiques   choisir un quartier calme,"je n'aime pas les sites des particuliers , je mise sur les hotels , je regarde emplacement par rapport au centre ville , je ne m'interresse pas aux notations des personnes qui sont déjà allés , le fait de pouvoir annuler ou pas ne  change rien à mon choix car je n'annule pas",Plusieurs avis positif d'anciens voyageurs tant vis à vis de la géolocalisation que des équipements à l'intérieur,non,Merci à vous c'était très interessant cordialement.,0,1,0,FALSE,NA,9,11,380.74445857224055,FALSE,41.80649331375025,TRUE,FALSE,FALSE,0,NA,1,FALSE,2026-11-27,choice_set_1,FALSE,FALSE,NA
synth0002,sete,5,b0jv4h-lgtlvsehmq76fb3-1qujb8joisixclcyad9e,N,TRUE,0,34,0,50,99,61,25,3,3380,2230.9779999256134,Homme,39,Non étudiant,J'habite seul,1,1,2,0,1,la localisation  :  pres de la gare  des commerces   j'aime pouvoir visiter les sites touristiques   choisir un quartier calme,"je n'aime pas les sites des particuliers , je mise sur les hotels , je regarde emplacement par rapport au centre ville , je ne m'interresse pas aux notations des personnes qui sont déjà allés , le fait de pouvoir annuler ou pas ne  change rien à mon choix car je n'annule pas",Plusieurs avis positif d'anciens voyageurs tant vis à vis de la géolocalisation que des équipements à l'intérieur,non,Merci à vous c'était très interessant cordialement.,0,1,0,FALSE,NA,9,11,380.74445857224055,FALSE,41.80649331375025,TRUE,TRUE,TRUE,10,124.6728419768624,3,FALSE,2026-11-27,choice_set_1,FALSE,TRUE,4klgla07bu-9ss00bj69xftrqcrlsbh1
synth0002,sete,5,lbk9hf44vpyg8jcrdfhg0qy-4ullo7ci557cfyjxm,N,TRUE,0,34,0,50,99,61,25,3,3380,2230.9779999256134,Homme,39,Non étudiant,J'habite seul,1,1,2,0,1,la localisation  :  pres de la gare  des commerces   j'aime pouvoir visiter les sites touristiques   choisir un quartier calme,"je n'aime pas les sites des particuliers , je mise sur les hotels , je regarde emplacement par rapport au centre ville , je ne m'interresse pas aux notations des personnes qui sont déjà allés , le fait de pouvoir annuler ou pas ne  change rien à mon choix car je n'annule pas",Plusieurs avis positif d'anciens voyageurs tant vis à vis de la géolocalisation que des équipements à l'intérieur,non,Merci à vous c'était très interessant cordialement.,0,1,0,FALSE,NA,9,11,380.74445857224055,FALSE,41.80649331375025,TRUE,FALSE,FALSE,0,NA,2,FALSE,2026-11-27,choice_set_1,FALSE,FALSE,NA
synth0002,sete,6,n7sc9azqjdwzv50w381xw8b2c219t71vd6s3wo-dbz6549v,N,TRUE,0,34,0,50,99,61,25,3,3380,2230.9779999256134,Homme,39,Non étudiant,J'habite seul,1,1,2,0,1,la localisation  :  pres de la gare  des commerces   j'aime pouvoir visiter les sites touristiques   choisir un quartier calme,"je n'aime pas les sites des particuliers , je mise sur les hotels , je regarde emplacement par rapport au centre ville , je ne m'interresse pas aux notations des personnes qui sont déjà allés , le fait de pouvoir annuler ou pas ne  change rien à mon choix car je n'annule pas",Plusieurs avis positif d'anciens voyageurs tant vis à vis de la géolocalisation que des équipements à l'intérieur,non,Merci à vous c'était très interessant cordialement.,0,1,0,FALSE,NA,9,10,288.7691279328428,FALSE,NA,FALSE,FALSE,FALSE,0,NA,1,FALSE,2026-10-02,choice_set_2,FALSE,FALSE,NA
synth0002,sete,6,58ym2dhrm3camrp0655km-4ibmf8eedhlbww9ga7f,N,TRUE,0,34,0,50,99,61,25,3,3380,2230.9779999256134,Homme,39,Non étudiant,J'habite seul,1,1,2,0,1,la localisation  :  pres de la gare  des commerces   j'aime pouvoir visiter les sites touristiques   choisir un quartier calme,"je n'aime pas les sites des particuliers , je mise sur les hotels , je regarde emplacement par rapport au centre ville , je ne m'interresse pas aux notations des personnes qui sont déjà allés , le fait de pouvoir annuler ou pas ne  change rien à mon choix car je n'annule pas",Plusieurs avis positif d'anciens voyageurs tant vis à vis de la géolocalisation que des équipements à l'intérieur,non,Merci à vous c'était très interessant cordialement.,0,1,0,FALSE,NA,9,10,288.7691279328428,FALSE,NA,FALSE,FALSE,FALSE,0,NA,1,FALSE,2026-10-02,choice_set_2,TRUE,FALSE,NA
synth0002,sete,6,1emp4zgf11e35vq0sg6xs5jbc54rok-7r837h0i72pdksxu44k,N,TRUE,0,34,0,50,99,61,25,3,3380,2230.9779999256134,Homme,39,Non étudiant,J'habite seul,1,1,2,0,1,la localisation  :  pres de la gare  des commerces   j'aime pouvoir visiter les sites touristiques   choisir un quartier calme,"je n'aime pas les sites des particuliers , je mise sur les hotels , je regarde emplacement par rapport au centre ville , je ne m'interresse pas aux notations des personnes qui sont déjà allés , le fait de pouvoir annuler ou pas ne  change rien à mon choix car je n'annule pas",Plusieurs avis positif d'anciens voyageurs tant vis à vis de la géolocalisation que des équipements à l'intérieur,non,Merci à vous c'était très interessant cordialement.,0,1,0,FALSE,NA,9,10,288.7691279328428,FALSE,NA,FALSE,FALSE,FALSE,0,NA,3,FALSE,2026-10-02,choice_set_2,FALSE,FALSE,NA
synth0002,sete,6,ybmdynuc8iwt04-qlup4dr,N,TRUE,0,34,0,50,99,61,25,3,3380,2230.9779999256134,Homme,39,Non étudiant,J'habite seul,1,1,2,0,1,la localisation  :  pres de la gare  des commerces   j'aime pouvoir visiter les sites touristiques   choisir un quartier calme,"je n'aime pas les sites des particuliers , je mise sur les hotels , je regarde emplacement par rapport au centre ville , je ne m'interresse pas aux notations des personnes qui sont déjà allés , le fait de pouvoir annuler ou pas ne  change rien à mon choix car je n'annule pas",Plusieurs avis positif d'anciens voyageurs tant vis à vis de la géolocalisation que des équipements à l'intérieur,non,Merci à vous c'était très interessant cordialement.,0,1,0,FALSE,NA,9,10,288.7691279328428,FALSE,NA,FALSE,TRUE,TRUE,10,NA,1,FALSE,2026-10-02,choice_set_2,FALSE,FALSE,NA
synth0002,sete,6,gd39r4w17,N,TRUE,0,34,0,50,99,61,25,3,3380,2230.9779999256134,Homme,39,Non étudiant,J'habite seul,1,1,2,0,1,la localisation  :  pres de la gare  des commerces   j'aime pouvoir visiter les sites touristiques   choisir un quartier calme,"je n'aime pas les sites des particuliers , je mise sur les hotels , je regarde emplacement par rapport au centre ville , je ne m'interresse pas aux notations des personnes qui sont déjà allés , le fait de pouvoir annuler ou pas ne  change rien à mon choix car je n'annule pas",Plusieurs avis positif d'anciens voyageurs tant vis à vis de la géolocalisation que des équipements à l'intérieur,non,Merci à vous c'était très interessant cordialement.,0,1,0,FALSE,NA,9,10,288.7691279328428,FALSE,NA,FALSE,FALSE,FALSE,0,NA,2,FALSE,2026-10-02,choice_set_2,FALSE,FALSE,NA
synth0002,sete,6,8-agx5kqauucxhj3dgs0ij6ydqpm,N,TRUE,0,34,0,50,99,61,25,3,3380,2230.9779999256134,Homme,39,Non étudiant,J'habite seul,1,1,2,0,1,la localisation  :  pres de la gare  des commerces   j'aime pouvoir visiter les sites touristiques   choisir un quartier calme,"je n'aime pas les sites des particuliers , je mise sur les hotels , je regarde emplacement par rapport au centre ville , je ne m'interresse pas aux notations des personnes qui sont déjà allés , le fait de pouvoir annuler ou pas ne  change rien à mon choix car je n'annule pas",Plusieurs avis positif d'anciens voyageurs tant vis à vis de la géolocalisation que des équipements à l'intérieur,non,Merci à vous c'était très interessant cordialement.,0,1,0,FALSE,NA,9,10,288.7691279328428,FALSE,NA,FALSE,FALSE,FALSE,0,NA,2,FALSE,2026-10-02,choice_set_2,TRUE,FALSE,NA
synth0002,sete,6,kpzp33-z93nx-krupyv3ia1plxs9ig3mevzew,N,TRUE,0,34,0,50,99,61,25,3,3380,2230.9779999256134,Homme,39,Non étudiant,J'habite seul,1,1,2,0,1,la localisation  :  pres de la gare  des commerces   j'aime pouvoir visiter les sites touristiques   choisir un quartier calme,"je n'aime pas les sites des particuliers , je mise sur les hotels , je regarde emplacement par rapport au centre ville , je ne m'interresse pas aux notations des personnes qui sont déjà allés , le fait de pouvoir annuler ou pas ne  change rien à mon choix car je n'annule pas",Plusieurs avis positif d'anciens voyageurs tant vis à vis de la géolocalisation que des équipements à l'intérieur,non,Merci à vous c'était très interessant cordialement.,0,1,0,FALSE,NA,9,10,288.7691279328428,FALSE,NA,FALSE,FALSE,FALSE,0,NA,3,FALSE,2026-10-02,choice_set_2,FALSE,FALSE,NA
synth0002,sete,6,j-l0j7m,N,TRUE,0,34,0,50,99,61,25,3,3380,2230.9779999256134,Homme,39,Non étudiant,J'habite seul,1,1,2,0,1,la localisation  :  pres de la gare  des commerces   j'aime pouvoir visiter les sites touristiques   choisir un quartier calme,"je n'aime pas les sites des particuliers , je mise sur les hotels , je regarde emplacement par rapport au centre ville , je ne m'interresse pas aux notations des personnes qui sont déjà allés , le fait de pouvoir annuler ou pas ne  change rien à mon choix car je n'annule pas",Plusieurs avis positif d'anciens voyageurs tant vis à vis de la géolocalisation que des équipements à l'intérieur,non,Merci à vous c'était très interessant cordialement.,0,1,0,FALSE,NA,9,10,288.7691279328428,FALSE,NA,FALSE,FALSE,FALSE,0,NA,3,FALSE,2026-10-02,choice_set_2,TRUE,FALSE,NA
synth0002,sete,6,vxojlnzt7gnxgze7dqngkg-b4c024l4csx63nfg8w6xw9e4xwna4bjsp,N,TRUE,0,34,0,50,99,61,25,3,3380,2230.9779999256134,Homme,39,Non étudiant,J'habite seul,1,1,2,0,1,la localisation  :  pres de la gare  des commerces   j'aime pouvoir visiter les sites touristiques   choisir un quartier calme,"je n'aime pas les sites des particuliers , je mise sur les hotels , je regarde emplacement par rapport au centre ville , je ne m'interresse pas aux notations des personnes qui sont déjà allés , le fait de pouvoir annuler ou pas ne  change rien à mon choix car je n'annule pas",Plusieurs avis positif d'anciens voyageurs tant vis à vis de la géolocalisation que des équipements à l'intérieur,non,Merci à vous c'était très interessant cordialement.,0,1,0,FALSE,NA,9,10,288.7691279328428,FALSE,NA,FALSE,FALSE,FALSE,0,NA,2,FALSE,2026-10-02,choice_set_2,FALSE,FALSE,NA
synth0002,sete,7,sayswgijnj7jq2i36sepi5lz54msiriqhx3h6psffhv-bnzfhr0t,N,TRUE,0,34,0,50,99,61,25,3,3380,2230.9779999256134,Homme,39,Non étudiant,J'habite seul,1,1,2,0,1,la localisation  :  pres de la gare  des commerces   j'aime pouvoir visiter les sites touristiques   choisir un quartier calme,"je n'aime pas les sites des particuliers , je mise sur les hotels , je regarde emplacement par rapport au centre ville , je ne m'interresse pas aux notations des personnes qui sont déjà allés , le fait de pouvoir annuler ou pas ne  change rien à mon choix car je n'annule pas",Plusieurs avis positif d'anciens voyageurs tant vis à vis de la géolocalisation que des équipements à l'intérieur,non,Merci à vous c'était très interessant cordialement.,0,1,0,FALSE,NA,9,7,411.35879328101873,FALSE,10.272731225471944,FALSE,FALSE,FALSE,0,NA,3,FALSE,2026-10-23,choice_set_3,FALSE,TRUE,x0c3rnuxrubydr8ei09i8ozh869qmpe4t5bdpt
synth0002,sete,7,dpr0yp7w1hhla1-ymlig1fj0q2vkzh,N,TRUE,0,34,0,50,99,61,25,3,3380,2230.9779999256134,Homme,39,Non étudiant,J'habite seul,1,1,2,0,1,la localisation  :  pres de la gare  des commerces   j'aime pouvoir visiter les sites touristiques   choisir un quartier calme,"je n'aime pas les sites des particuliers , je mise sur les hotels , je regarde emplacement par rapport au centre ville , je ne m'interresse pas aux notations des personnes qui sont déjà allés , le fait de pouvoir annuler ou pas ne  change rien à mon choix car je n'annule pas",Plusieurs avis positif d'anciens voyageurs tant vis à vis de la géolocalisation que des équipements à l'intérieur,non,Merci à vous c'était très interessant cordialement.,0,1,0,FALSE,NA,9,7,411.35879328101873,FALSE,10.272731225471944,FALSE,TRUE,TRUE,8,NA,3,FALSE,2026-10-23,choice_set_3,TRUE,FALSE,NA
synth0002,sete,7,dwhrjg,N,TRUE,0,34,0,50,99,61,25,3,3380,2230.9779999256134,Homme,39,Non étudiant,J'habite seul,1,1,2,0,1,la localisation  :  pres de la gare  des commerces   j'aime pouvoir visiter les sites touristiques   choisir un quartier calme,"je n'aime pas les sites des particuliers , je mise sur les hotels , je regarde emplacement par rapport au centre ville , je ne m'interresse pas aux notations des personnes qui sont déjà allés , le fait de pouvoir annuler ou pas ne  change rien à mon choix car je n'annule pas",Plusieurs avis positif d'anciens voyageurs tant vis à vis de la géolocalisation que des équipements à l'intérieur,non,Merci à vous c'était très interessant cordialement.,0,1,0,FALSE,NA,9,7,411.35879328101873,FALSE,10.272731225471944,FALSE,FALSE,TRUE,6,228.18674400798045,2,FALSE,2026-10-23,choice_set_3,TRUE,FALSE,NA
synth0002,sete,7,3k56uqy8hcm8gafykladl2zn0n99xlpjmb4otl,N,TRUE,0,34,0,50,99,61,25,3,3380,2230.9779999256134,Homme,39,Non étudiant,J'habite seul,1,1,2,0,1,la localisation  :  pres de la gare  des commerces   j'aime pouvoir visiter les sites touristiques   choisir un quartier calme,"je n'aime pas les sites des particuliers , je mise sur les hotels , je regarde emplacement par rapport au centre ville , je ne m'interresse pas aux notations des personnes qui sont déjà allés , le fait de pouvoir annuler ou pas ne  change rien à mon choix car je n'annule pas",Plusieurs avis positif d'anciens voyageurs tant vis à vis de la géolocalisation que des équipements à l'intérieur,non,Merci à vous c'était très interessant cordialement.,0,1,0,FALSE,NA,9,7,411.35879328101873,FALSE,10.272731225471944,FALSE,FALSE,FALSE,0,NA,2,FALSE,2026-10-23,choice_set_3,FALSE,FALSE,NA
synth0002,sete,7,qgaoelle8e8zyz61yikxgvmnwqr88xieucvamrb0,N,TRUE,0,34,0,50,99,61,25,3,3380,2230.9779999256134,Homme,39,Non étudiant,J'habite seul,1,1,2,0,1,la localisation  :  pres de la gare  des commerces   j'aime pouvoir visiter les sites touristiques   choisir un quartier calme,"je n'aime pas les sites des particuliers , je mise sur les hotels , je regarde emplacement par rapport au centre ville , je ne m'interresse pas aux notations des personnes qui sont déjà allés , le fait de pouvoir annuler ou pas ne  change rien à mon choix car je n'annule pas",Plusieurs avis positif d'anciens voyageurs tant vis à vis de la géolocalisation que des équipements à l'intérieur,non,Merci à vous c'était très interessant cordialement.,0,1,0,FALSE,NA,9,7,411.35879328101873,FALSE,10.272731225471944,FALSE,FALSE,FALSE,0,NA,1,FALSE,2026-10-23,choice_set_3,FALSE,FALSE,NA
synth0002,sete,7,knbjp3pn2wttnrsv28nnay5tteqf97m,N,TRUE,0,34,0,50,99,61,25,3,3380,2230.9779999256134,Homme,39,Non étudiant,J'habite seul,1,1,2,0,1,la localisation  :  pres de la gare  des commerces   j'aime pouvoir visiter les sites touristiques   choisir un quartier calme,"je n'aime pas les sites des particuliers , je mise sur les hotels , je regarde emplacement par rapport au centre ville , je ne m'interresse pas aux notations des personnes qui sont déjà allés , le fait de pouvoir annuler ou pas ne  change rien à mon choix car je n'annule pas",Plusieurs avis positif d'anciens voyageurs tant vis à vis de la géolocalisation que des équipements à l'intérieur,non,Merci à vous c'était très interessant cordialement.,0,1,0,FALSE,NA,9,7,411.35879328101873,FALSE,10.272731225471944,FALSE,FALSE,FALSE,0,NA,2,FALSE,2026-10-23,choice_set_3,FALSE,FALSE,NA
synth0002,sete,7,51-ykqagehyxjksl13-wu7nh9i,N,TRUE,0,34,0,50,99,61,25,3,3380,2230.9779999256134,Homme,39,Non étudiant,J'habite seul,1,1,2,0,1,la localisation  :  pres de la gare  des commerces   j'aime pouvoir visiter les sites touristiques   choisir un quartier calme,"je n'aime pas les sites des particuliers , je mise sur les hotels , je regarde emplacement par rapport au centre ville , je ne m'interresse pas aux notations des personnes qui sont déjà allés , le fait de pouvoir annuler ou pas ne  change rien à mon choix car je n'annule pas",Plusieurs avis positif d'anciens voyageurs tant vis à vis de la géolocalisation que des équipements à l'intérieur,non,Merci à vous c'était très interessant cordialement.,0,1,0,FALSE,NA,9,7,411.35879328101873,FALSE,10.272731225471944,FALSE,FALSE,FALSE,0,NA,1,FALSE,2026-10-23,choice_set_3,FALSE,FALSE,NA
synth0002,sete,7,xnx8h8jmfuc8,N,TRUE,0,34,0,50,99,61,25,3,3380,2230.9779999256134,Homme,39,Non étudiant,J'habite seul,1,1,2,0,1,la localisation  :  pres de la gare  des commerces   j'aime pouvoir visiter les sites touristiques   choisir un quartier calme,"je n'aime pas les sites des particuliers , je mise sur les hotels , je regarde emplacement par rapport au centre ville , je ne m'interresse pas aux notations des personnes qui sont déjà allés , le fait de pouvoir annuler ou pas ne  change rien à mon choix car je n'annule pas",Plusieurs avis positif d'anciens voyageurs tant vis à vis de la géolocalisation que des équipements à l'intérieur,non,Merci à vous c'était très interessant cordialement.,0,1,0,FALSE,NA,9,7,411.35879328101873,FALSE,10.272731225471944,FALSE,FALSE,FALSE,0,NA,1,FALSE,2026-10-23,choice_set_3,TRUE,FALSE,NA
synth0002,sete,7,jqc5wmevifkcksimndav5eg4jh6qxilwkwali7,N,TRUE,0,34,0,50,99,61,25,3,3380,2230.9779999256134,Homme,39,Non étudiant,J'habite seul,1,1,2,0,1,la localisation  :  pres de la gare  des commerces   j'aime pouvoir visiter les sites touristiques   choisir un quartier calme,"je n'aime pas les sites des particuliers , je mise sur les hotels , je regarde emplacement par rapport au centre ville , je ne m'interresse pas aux notations des personnes qui sont déjà allés , le fait de pouvoir annuler ou pas ne  change rien à mon choix car je n'annule pas",Plusieurs avis positif d'anciens voyageurs tant vis à vis de la géolocalisation que des équipements à l'intérieur,non,Merci à vous c'était très interessant cordialement.,0,1,0,FALSE,NA,9,7,411.35879328101873,FALSE,10.272731225471944,FALSE,FALSE,FALSE,0,NA,3,FALSE,2026-10-23,choice_set_3,FALSE,FALSE,NA
synth0002,sete,8,q2kd5mfw0gwe98kxiqcz1h94cnhy5yg0ky7emtxcnoocaq3,N,TRUE,0,34,0,50,99,61,25,3,3380,2230.9779999256134,Homme,39,Non étudiant,J'habite seul,1,1,2,0,1,la localisation  :  pres de la gare  des commerces   j'aime pouvoir visiter les sites touristiques   choisir un quartier calme,"je n'aime pas les sites des particuliers , je mise sur les hotels , je regarde emplacement par rapport au centre ville , je ne m'interresse pas aux notations des personnes qui sont déjà allés , le fait de pouvoir annuler ou pas ne  change rien à mon choix car je n'annule pas",Plusieurs avis positif d'anciens voyageurs tant vis à vis de la géolocalisation que des équipements à l'intérieur,non,Merci à vous c'était très interessant cordialement.,0,1,0,FALSE,NA,9,8,493.01247291406617,FALSE,78.42633617599495,TRUE,FALSE,FALSE,0,NA,3,TRUE,2026-10-16,choice_set_4,FALSE,FALSE,NA
synth0002,sete,8,iqwbv2qvsvswnmci29z8hhjq2h2qzr,N,TRUE,0,34,0,50,99,61,25,3,3380,2230.9779999256134,Homme,39,Non étudiant,J'habite seul,1,1,2,0,1,la localisation  :  pres de la gare  des commerces   j'aime pouvoir visiter les sites touristiques   choisir un quartier calme,"je n'aime pas les sites des particuliers , je mise sur les hotels , je regarde emplacement par rapport au centre ville , je ne m'interresse pas aux notations des personnes qui sont déjà allés , le fait de pouvoir annuler ou pas ne  change rien à mon choix car je n'annule pas",Plusieurs avis positif d'anciens voyageurs tant vis à vis de la géolocalisation que des équipements à l'intérieur,non,Merci à vous c'était très interessant cordialement.,0,1,0,FALSE,NA,9,8,493.01247291406617,FALSE,78.42633617599495,TRUE,FALSE,FALSE,0,NA,2,FALSE,2026-10-16,choice_set_4,TRUE,FALSE,NA
synth0002,sete,8,8n3e82e6pal12ws5wxta3imicskl,N,TRUE,0,34,0,50,99,61,25,3,3380,2230.9779999256134,Homme,39,Non étudiant,J'habite seul,1,1,2,0,1,la localisation  :  pres de la gare  des commerces   j'aime pouvoir visiter les sites touristiques   choisir un quartier calme,"je n'aime pas les sites des particuliers , je mise sur les hotels , je regarde emplacement par rapport au centre ville , je ne m'interresse pas aux notations des personnes qui sont déjà allés , le fait de pouvoir annuler ou pas ne  change rien à mon choix car je n'annule pas",Plusieurs avis positif d'anciens voyageurs tant vis à vis de la géolocalisation que des équipements à l'intérieur,non,Merci à vous c'était très interessant cordialement.,0,1,0,FALSE,NA,9,8,493.01247291406617,FALSE,78.42633617599495,TRUE,FALSE,TRUE,10,NA,2,FALSE,2026-10-16,choice_set_4,FALSE,FALSE,NA
synth0002,sete,8,jxjqv82hssu5ivm8zuuohczqqj6o8z,N,TRUE,0,34,0,50,99,61,25,3,3380,2230.9779999256134,Homme,39,Non étudiant,J'habite seul,1,1,2,0,1,la localisation  :  pres de la gare  des commerces   j'aime pouvoir visiter les sites touristiques   choisir un quartier calme,"je n'aime pas les sites des particuliers , je mise sur les hotels , je regarde emplacement par rapport au centre ville , je ne m'interresse pas aux notations des personnes qui sont déjà allés , le fait de pouvoir annuler ou pas ne  change rien à mon choix car je n'annule pas",Plusieurs avis positif d'anciens voyageurs tant vis à vis de la géolocalisation que des équipements à l'intérieur,non,Merci à vous c'était très interessant cordialement.,0,1,0,FALSE,NA,9,8,493.01247291406617,FALSE,78.42633617599495,TRUE,FALSE,FALSE,0,NA,3,FALSE,2026-10-16,choice_set_4,TRUE,FALSE,NA
synth0002,sete,8,it712o60xsb30,N,TRUE,0,34,0,50,99,61,25,3,3380,2230.9779999256134,Homme,39,Non étudiant,J'habite seul,1,1,2,0,1,la localisation  :  pres de la gare  des commerces   j'aime pouvoir visiter les sites touristiques   choisir un quartier calme,"je n'aime pas les sites des particuliers , je mise sur les hotels , je regarde emplacement par rapport au centre ville , je ne m'interresse pas aux notations des personnes qui sont déjà allés , le fait de pouvoir annuler ou pas ne  change rien à mon choix car je n'annule pas",Plusieurs avis positif d'anciens voyageurs tant vis à vis de la géolocalisation que des équipements à l'intérieur,non,Merci à vous c'était très interessant cordialement.,0,1,0,FALSE,NA,9,8,493.01247291406617,FALSE,78.42633617599495,TRUE,FALSE,FALSE,0,NA,1,FALSE,2026-10-16,choice_set_4,FALSE,FALSE,NA
synth0002,sete,8,o91-j6wft7rnr-615zryjhqts-3t5x4ki6q4xuse9h,N,TRUE,0,34,0,50,99,61,25,3,3380,2230.9779999256134,Homme,39,Non étudiant,J'habite seul,1,1,2,0,1,la localisation  :  pres de la gare  des commerces   j'aime pouvoir visiter les sites touristiques   choisir un quartier calme,"je n'aime pas les sites des particuliers , je mise sur les hotels , je regarde emplacement par rapport au centre ville , je ne m'interresse pas aux notations des personnes qui sont déjà allés , le fait de pouvoir annuler ou pas ne  change rien à mon choix car je n'annule pas",Plusieurs avis positif d'anciens voyageurs tant vis à vis de la géolocalisation que des équipements à l'intérieur,non,Merci à vous c'était très interessant cordialement.,0,1,0,FALSE,NA,9,8,493.01247291406617,FALSE,78.42633617599495,TRUE,FALSE,FALSE,0,NA,2,FALSE,2026-10-16,choice_set_4,FALSE,FALSE,NA
synth0002,sete,8,x6acq5nc-yq23vmyipvn,N,TRUE,0,34,0,50,99,61,25,3,3380,2230.9779999256134,Homme,39,Non étudiant,J'habite seul,1,1,2,0,1,la localisation  :  pres de la gare  des commerces   j'aime pouvoir visiter les sites touristiques   choisir un quartier calme,"je n'aime pas les sites des particuliers , je mise sur les hotels , je regarde emplacement par rapport au centre ville , je ne m'interresse pas aux notations des personnes qui sont déjà allés , le fait de pouvoir annuler ou pas ne  change rien à mon choix car je n'annule pas",Plusieurs avis positif d'anciens voyageurs tant vis à vis de la géolocalisation que des équipements à l'intérieur,non,Merci à vous c'était très interessant cordialement.,0,1,0,FALSE,NA,9,8,493.01247291406617,FALSE,78.42633617599495,TRUE,TRUE,TRUE,7,NA,1,FALSE,2026-10-16,choice_set_4,TRUE,FALSE,NA
synth0002,sete,8,2wlfv4nx-,N,TRUE,0,34,0,50,99,61,25,3,3380,2230.9779999256134,Homme,39,Non étudiant,J'habite seul,1,1,2,0,1,la localisation  :  pres de la gare  des commerces   j'aime pouvoir visiter les sites touristiques   choisir un quartier calme,"je n'aime pas les sites des particuliers , je mise sur les hotels , je regarde emplacement par rapport au centre ville , je ne m'interresse pas aux notations des personnes qui sont déjà allés , le fait de pouvoir annuler ou pas ne  change rien à mon choix car je n'annule pas",Plusieurs avis positif d'anciens voyageurs tant vis à vis de la géolocalisation que des équipements à l'intérieur,non,Merci à vous c'était très interessant cordialement.,0,1,0,FALSE,NA,9,8,493.01247291406617,FALSE,78.42633617599495,TRUE,FALSE,FALSE,0,NA,3,FALSE,2026-10-16,choice_set_4,FALSE,FALSE,NA
synth0002,sete,8,52f2lumqequ69qmww57bi36sr2atk3api0ij4d9ek4s9t8q82vfmvejmx,N,TRUE,0,34,0,50,99,61,25,3,3380,2230.9779999256134,Homme,39,Non étudiant,J'habite seul,1,1,2,0,1,la localisation  :  pres de la gare  des commerces   j'aime pouvoir visiter les sites touristiques   choisir un quartier calme,"je n'aime pas les sites des particuliers , je mise sur les hotels , je regarde emplacement par rapport au centre ville , je ne m'interresse pas aux notations des personnes qui sont déjà allés , le fait de pouvoir annuler ou pas ne  change rien à mon choix car je n'annule pas",Plusieurs avis positif d'anciens voyageurs tant vis à vis de la géolocalisation que des équipements à l'intérieur,non,Merci à vous c'était très interessant cordialement.,0,1,0,FALSE,NA,9,8,493.01247291406617,FALSE,78.42633617599495,TRUE,FALSE,FALSE,0,NA,1,FALSE,2026-10-16,choice_set_4,FALSE,FALSE,NA
synth0002,la-ciotat,9,1751xlsdwtxmkialdzv,N,TRUE,0,34,0,50,99,61,25,3,3380,2230.9779999256134,Homme,39,Non étudiant,J'habite seul,1,1,2,0,1,la localisation  :  pres de la gare  des commerces   j'aime pouvoir visiter les sites touristiques   choisir un quartier calme,"je n'aime pas les sites des particuliers , je mise sur les hotels , je regarde emplacement par rapport au centre ville , je ne m'interresse pas aux notations des personnes qui sont déjà allés , le fait de pouvoir annuler ou pas ne  change rien à mon choix car je n'annule pas",Plusieurs avis positif d'anciens voyageurs tant vis à vis de la géolocalisation que des équipements à l'intérieur,non,Merci à vous c'était très interessant cordialement.,0,1,0,TRUE,FALSE,9,7,161.22921685921028,FALSE,29.209589439677075,TRUE,FALSE,FALSE,0,NA,2,FALSE,2026-10-09,choice_set_1,FALSE,FALSE,NA
synth0002,la-ciotat,9,jlf19gh2-a7r3t1pr-gxfr8xojylcqwqbo5iugv9fw8uu,N,TRUE,0,34,0,50,99,61,25,3,3380,2230.9779999256134,Homme,39,Non étudiant,J'habite seul,1,1,2,0,1,la localisation  :  pres de la gare  des commerces   j'aime pouvoir visiter les sites touristiques   choisir un quartier calme,"je n'aime pas les sites des particuliers , je mise sur les hotels , je regarde emplacement par rapport au centre ville , je ne m'interresse pas aux notations des personnes qui sont déjà allés , le fait de pouvoir annuler ou pas ne  change rien à mon choix car je n'annule pas",Plusieurs avis positif d'anciens voyageurs tant vis à vis de la géolocalisation que des équipements à l'intérieur,non,Merci à vous c'était très interessant cordialement.,0,1,0,TRUE,FALSE,9,7,161.22921685921028,FALSE,29.209589439677075,TRUE,FALSE,FALSE,0,NA,1,TRUE,2026-10-09,choice_set_1,FALSE,FALSE,NA
synth0002,la-ciotat,9,i4jr50fbz,N,TRUE,0,34,0,50,99,61,25,3,3380,2230.9779999256134,Homme,39,Non étudiant,J'habite seul,1,1,2,0,1,la localisation  :  pres de la gare  des commerces   j'aime pouvoir visiter les sites touristiques   choisir un quartier calme,"je n'aime pas les sites des particuliers , je mise sur les hotels , je regarde emplacement par rapport au centre ville , je ne m'interresse pas aux notations des personnes qui sont déjà allés , le fait de pouvoir annuler ou pas ne  change rien à mon choix car je n'annule pas",Plusieurs avis positif d'anciens voyageurs tant vis à vis de la géolocalisation que des équipements à l'intérieur,non,Merci à vous c'était très interessant cordialement.,0,1,0,TRUE,FALSE,9,7,161.22921685921028,FALSE,29.209589439677075,TRUE,FALSE,FALSE,0,NA,3,FALSE,2026-10-09,choice_set_1,FALSE,FALSE,NA
synth0002,la-ciotat,9,m606fr8jk35rf6sga-t1aoiwmsd8zb11stzpjznk2jkfa8qwbz8zy7,N,TRUE,0,34,0,50,99,61,25,3,3380,2230.9779999256134,Homme,39,Non étudiant,J'habite seul,1,1,2,0,1,la localisation  :  pres de la gare  des commerces   j'aime pouvoir visiter les sites touristiques   choisir un quartier calme,"je n'aime pas les sites des particuliers , je mise sur les hotels , je regarde emplacement par rapport au centre ville , je ne m'interresse pas aux notations des personnes qui sont déjà allés , le fait de pouvoir annuler ou pas ne  change rien à mon choix car je n'annule pas",Plusieurs avis positif d'anciens voyageurs tant vis à vis de la géolocalisation que des équipements à l'intérieur,non,Merci à vous c'était très interessant cordialement.,0,1,0,TRUE,FALSE,9,7,161.22921685921028,FALSE,29.209589439677075,TRUE,FALSE,FALSE,0,NA,2,FALSE,2026-10-09,choice_set_1,TRUE,FALSE,NA
synth0002,la-ciotat,9,bgbdl1u,N,TRUE,0,34,0,50,99,61,25,3,3380,2230.9779999256134,Homme,39,Non étudiant,J'habite seul,1,1,2,0,1,la localisation  :  pres de la gare  des commerces   j'aime pouvoir visiter les sites touristiques   choisir un quartier calme,"je n'aime pas les sites des particuliers , je mise sur les hotels , je regarde emplacement par rapport au centre ville , je ne m'interresse pas aux notations des personnes qui sont déjà allés , le fait de pouvoir annuler ou pas ne  change rien à mon choix car je n'annule pas",Plusieurs avis positif d'anciens voyageurs tant vis à vis de la géolocalisation que des équipements à l'intérieur,non,Merci à vous c'était très interessant cordialement.,0,1,0,TRUE,FALSE,9,7,161.22921685921028,FALSE,29.209589439677075,TRUE,FALSE,FALSE,0,NA,1,FALSE,2026-10-09,choice_set_1,TRUE,FALSE,NA
synth0002,la-ciotat,9,0r1n16l825zo40,N,TRUE,0,34,0,50,99,61,25,3,3380,2230.9779999256134,Homme,39,Non étudiant,J'habite seul,1,1,2,0,1,la localisation  :  pres de la gare  des commerces   j'aime pouvoir visiter les sites touristiques   choisir un quartier calme,"je n'aime pas les sites des particuliers , je mise sur les hotels , je regarde emplacement par rapport au centre ville , je ne m'interresse pas aux notations des personnes qui sont déjà allés , le fait de pouvoir annuler ou pas ne  change rien à mon choix car je n'annule pas",Plusieurs avis positif d'anciens voyageurs tant vis à vis de la géolocalisation que des équipements à l'intérieur,non,Merci à vous c'était très interessant cordialement.,0,1,0,TRUE,FALSE,9,7,161.22921685921028,FALSE,29.209589439677075,TRUE,FALSE,FALSE,0,NA,3,FALSE,2026-10-09,choice_set_1,TRUE,TRUE,9sohm6ghxhov6jd9fkeqy
synth0002,la-ciotat,9,m4gxx3xm1yvqqrjfef-n2ylrd8fb8hmj7ek8kgq0qp6qyunkrug,N,TRUE,0,34,0,50,99,61,25,3,3380,2230.9779999256134,Homme,39,Non étudiant,J'habite seul,1,1,2,0,1,la localisation  :  pres de la gare  des commerces   j'aime pouvoir visiter les sites touristiques   choisir un quartier calme,"je n'aime pas les sites des particuliers , je mise sur les hotels , je regarde emplacement par rapport au centre ville , je ne m'interresse pas aux notations des personnes qui sont déjà allés , le fait de pouvoir annuler ou pas ne  change rien à mon choix car je n'annule pas",Plusieurs avis positif d'anciens voyageurs tant vis à vis de la géolocalisation que des équipements à l'intérieur,non,Merci à vous c'était très interessant cordialement.,0,1,0,TRUE,FALSE,9,7,161.22921685921028,FALSE,29.209589439677075,TRUE,FALSE,FALSE,0,NA,3,FALSE,2026-10-09,choice_set_1,FALSE,FALSE,NA
synth0002,la-ciotat,9,p08kqnleb7f4byn0irssxkrxgedqhwe1onhon,N,TRUE,0,34,0,50,99,61,25,3,3380,2230.9779999256134,Homme,39,Non étudiant,J'habite seul,1,1,2,0,1,la localisation  :  pres de la gare  des commerces   j'aime pouvoir visiter les sites touristiques   choisir un quartier calme,"je n'aime pas les sites des particuliers , je mise sur les hotels , je regarde emplacement par rapport au centre ville , je ne m'interresse pas aux notations des personnes qui sont déjà allés , le fait de pouvoir annuler ou pas ne  change rien à mon choix car je n'annule pas",Plusieurs avis positif d'anciens voyageurs tant vis à vis de la géolocalisation que des équipements à l'intérieur,non,Merci à vous c'était très interessant cordialement.,0,1,0,TRUE,FALSE,9,7,161.22921685921028,FALSE,29.209589439677075,TRUE,FALSE,FALSE,0,NA,2,FALSE,2026-10-09,choice_set_1,FALSE,FALSE,NA
synth0002,la-ciotat,9,9lusrimqmkzdy4as6b9qb7g1ka6q9qicim1ue9p87i2o6,N,TRUE,0,34,0,50,99,61,25,3,3380,2230.9779999256134,Homme,39,Non étudiant,J'habite seul,1,1,2,0,1,la localisation  :  pres de la gare  des commerces   j'aime pouvoir visiter les sites touristiques   choisir un quartier calme,"je n'aime pas les sites des particuliers , je mise sur les hotels , je regarde emplacement par rapport au centre ville , je ne m'interresse pas aux notations des personnes qui sont déjà allés , le fait de pouvoir annuler ou pas ne  change rien à mon choix car je n'annule pas",Plusieurs avis positif d'anciens voyageurs tant vis à vis de la géolocalisation que des équipements à l'intérieur,non,Merci à vous c'était très interessant cordialement.,0,1,0,TRUE,FALSE,9,7,161.22921685921028,FALSE,29.209589439677075,TRUE,TRUE,TRUE,8,NA,1,FALSE,2026-10-09,choice_set_1,FALSE,TRUE,ik83y-mqjtphaqldy
synth0002,la-ciotat,10,z1j-kugfuyp1upeaxfivmriutqx-j,N,TRUE,0,34,0,50,99,61,25,3,3380,2230.9779999256134,Homme,39,Non étudiant,J'habite seul,1,1,2,0,1,la localisation  :  pres de la gare  des commerces   j'aime pouvoir visiter les sites touristiques   choisir un quartier calme,"je n'aime pas les sites des particuliers , je mise sur les hotels , je regarde emplacement par rapport au centre ville , je ne m'interresse pas aux notations des personnes qui sont déjà allés , le fait de pouvoir annuler ou pas ne  change rien à mon choix car je n'annule pas",Plusieurs avis positif d'anciens voyageurs tant vis à vis de la géolocalisation que des équipements à l'intérieur,non,Merci à vous c'était très interessant cordialement.,0,1,0,TRUE,FALSE,9,8,231.39642748073675,FALSE,199.94124933169223,TRUE,FALSE,FALSE,0,NA,2,TRUE,2026-11-06,choice_set_2,FALSE,FALSE,NA
synth0002,la-ciotat,10,5zf4dn9p9vqob,N,TRUE,0,34,0,50,99,61,25,3,3380,2230.9779999256134,Homme,39,Non étudiant,J'habite seul,1,1,2,0,1,la localisation  :  pres de la gare  des commerces   j'aime pouvoir visiter les sites touristiques   choisir un quartier calme,"je n'aime pas les sites des particuliers , je mise sur les hotels , je regarde emplacement par rapport au centre ville , je ne m'interresse pas aux notations des personnes qui sont déjà allés , le fait de pouvoir annuler ou pas ne  change rien à mon choix car je n'annule pas",Plusieurs avis positif d'anciens voyageurs tant vis à vis de la géolocalisation que des équipements à l'intérieur,non,Merci à vous c'était très interessant cordialement.,0,1,0,TRUE,FALSE,9,8,231.39642748073675,FALSE,199.94124933169223,TRUE,FALSE,FALSE,0,NA,2,FALSE,2026-11-06,choice_set_2,TRUE,FALSE,NA
synth0002,la-ciotat,10,1px88b8m0s7txo,N,TRUE,0,34,0,50,99,61,25,3,3380,2230.9779999256134,Homme,39,Non étudiant,J'habite seul,1,1,2,0,1,la localisation  :  pres de la gare  des commerces   j'aime pouvoir visiter les sites touristiques   choisir un quartier calme,"je n'aime pas les sites des particuliers , je mise sur les hotels , je regarde emplacement par rapport au centre ville , je ne m'interresse pas aux notations des personnes qui sont déjà allés , le fait de pouvoir annuler ou pas ne  change rien à mon choix car je n'annule pas",Plusieurs avis positif d'anciens voyageurs tant vis à vis de la géolocalisation que des équipements à l'intérieur,non,Merci à vous c'était très interessant cordialement.,0,1,0,TRUE,FALSE,9,8,231.39642748073675,FALSE,199.94124933169223,TRUE,FALSE,TRUE,10,96.76468128222041,3,FALSE,2026-11-06,choice_set_2,FALSE,FALSE,NA
synth0002,la-ciotat,10,v5evzaiyurevg5n0r28v5743rpbd2494,N,TRUE,0,34,0,50,99,61,25,3,3380,2230.9779999256134,Homme,39,Non étudiant,J'habite seul,1,1,2,0,1,la localisation  :  pres de la gare  des commerces   j'aime pouvoir visiter les sites touristiques   choisir un quartier calme,"je n'aime pas les sites des particuliers , je mise sur les hotels , je regarde emplacement par rapport au centre ville , je ne m'interresse pas aux notations des personnes qui sont déjà allés , le fait de pouvoir annuler ou pas ne  change rien à mon choix car je n'annule pas",Plusieurs avis positif d'anciens voyageurs tant vis à vis de la géolocalisation que des équipements à l'intérieur,non,Merci à vous c'était très interessant cordialement.,0,1,0,TRUE,FALSE,9,8,231.39642748073675,FALSE,199.94124933169223,TRUE,FALSE,TRUE,9,73.91964997863397,3,FALSE,2026-11-06,choice_set_2,TRUE,FALSE,NA
synth0002,la-ciotat,10,zg0d7wy-jpkvs6yfklyfkglpkdk07pfemgpx-0eju9,N,TRUE,0,34,0,50,99,61,25,3,3380,2230.9779999256134,Homme,39,Non étudiant,J'habite seul,1,1,2,0,1,la localisation  :  pres de la gare  des commerces   j'aime pouvoir visiter les sites touristiques   choisir un quartier calme,"je n'aime pas les sites des particuliers , je mise sur les hotels , je regarde emplacement par rapport au centre ville , je ne m'interresse pas aux notations des personnes qui sont déjà allés , le fait de pouvoir annuler ou pas ne  change rien à mon choix car je n'annule pas",Plusieurs avis positif d'anciens voyageurs tant vis à vis de la géolocalisation que des équipements à l'intérieur,non,Merci à vous c'était très interessant cordialement.,0,1,0,TRUE,FALSE,9,8,231.39642748073675,FALSE,199.94124933169223,TRUE,FALSE,FALSE,0,NA,1,FALSE,2026-11-06,choice_set_2,TRUE,FALSE,NA
synth0002,la-ciotat,10,c0nz86fwy-11vptyxs4zyofkdk0q8imzxnperkc5ql0mdjc1s6qwjslijisx,N,TRUE,0,34,0,50,99,61,25,3,3380,2230.9779999256134,Homme,39,Non étudiant,J'habite seul,1,1,2,0,1,la localisation  :  pres de la gare  des commerces   j'aime pouvoir visiter les sites touristiques   choisir un quartier calme,"je n'aime pas les sites des particuliers , je mise sur les hotels , je regarde emplacement par rapport au centre ville , je ne m'interresse pas aux notations des personnes qui sont déjà allés , le fait de pouvoir annuler ou pas ne  change rien à mon choix car je n'annule pas",Plusieurs avis positif d'anciens voyageurs tant vis à vis de la géolocalisation que des équipements à l'intérieur,non,Merci à vous c'était très interessant cordialement.,0,1,0,TRUE,FALSE,9,8,231.39642748073675,FALSE,199.94124933169223,TRUE,FALSE,FALSE,0,NA,1,FALSE,2026-11-06,choice_set_2,FALSE,FALSE,NA
synth0002,la-ciotat,10,mork2fz4x,N,TRUE,0,34,0,50,99,61,25,3,3380,2230.9779999256134,Homme,39,Non étudiant,J'habite seul,1,1,2,0,1,la localisation  :  pres de la gare  des commerces   j'aime pouvoir visiter les sites touristiques   choisir un quartier calme,"je n'aime pas les sites des particuliers , je mise sur les hotels , je regarde emplacement par rapport au centre ville , je ne m'interresse pas aux notations des personnes qui sont déjà allés , le fait de pouvoir annuler ou pas ne  change rien à mon choix car je n'annule pas",Plusieurs avis positif d'anciens voyageurs tant vis à vis de la géolocalisation que des équipements à l'intérieur,non,Merci à vous c'était très interessant cordialement.,0,1,0,TRUE,FALSE,9,8,231.39642748073675,FALSE,199.94124933169223,TRUE,TRUE,TRUE,12,NA,3,FALSE,2026-11-06,choice_set_2,FALSE,FALSE,NA
synth0002,la-ciotat,10,5yj-vm75i0eiu2c23ns7qe2rh7u65bzx6ids,N,TRUE,0,34,0,50,99,61,25,3,3380,2230.9779999256134,Homme,39,Non étudiant,J'habite seul,1,1,2,0,1,la localisation  :  pres de la gare  des commerces   j'aime pouvoir visiter les sites touristiques   choisir un quartier calme,"je n'aime pas les sites des particuliers , je mise sur les hotels , je regarde emplacement par rapport au centre ville , je ne m'interresse pas aux notations des personnes qui sont déjà allés , le fait de pouvoir annuler ou pas ne  change rien à mon choix car je n'annule pas",Plusieurs avis positif d'anciens voyageurs tant vis à vis de la géolocalisation que des équipements à l'intérieur,non,Merci à vous c'était très interessant cordialement.,0,1,0,TRUE,FALSE,9,8,231.39642748073675,FALSE,199.94124933169223,TRUE,FALSE,FALSE,0,NA,2,FALSE,2026-11-06,choice_set_2,FALSE,FALSE,NA
synth0002,la-ciotat,10,c5gvvgmb8a7v2ui3dv19ex9b251onf09scq3j6unfsn2yr2erfblh,N,TRUE,0,34,0,50,99,61,25,3,3380,2230.9779999256134,Homme,39,Non étudiant,J'habite seul,1,1,2,0,1,la localisation  :  pres de la gare  des commerces   j'aime pouvoir visiter les sites touristiques   choisir un quartier calme,"je n'aime pas les sites des particuliers , je mise sur les hotels , je regarde emplacement par rapport au centre ville , je ne m'interresse pas aux notations des personnes qui sont déjà allés , le fait de pouvoir annuler ou pas ne  change rien à mon choix car je n'annule pas",Plusieurs avis positif d'anciens voyageurs tant vis à vis de la géolocalisation que des équipements à l'intérieur,non,Merci à vous c'était très interessant cordialement.,0,1,0,TRUE,FALSE,9,8,231.39642748073675,FALSE,199.94124933169223,TRUE,FALSE,FALSE,0,NA,1,FALSE,2026-11-06,choice_set_2,FALSE,FALSE,NA
synth0002,la-ciotat,11,hjmw2mmq4mb9siizk9wik0n98x5pum7,N,TRUE,0,34,0,50,99,61,25,3,3380,2230.9779999256134,Homme,39,Non étudiant,J'habite seul,1,1,2,0,1,la localisation  :  pres de la gare  des commerces   j'aime pouvoir visiter les sites touristiques   choisir un quartier calme,"je n'aime pas les sites des particuliers , je mise sur les hotels , je regarde emplacement par rapport au centre ville , je ne m'interresse pas aux notations des personnes qui sont déjà allés , le fait de pouvoir annuler ou pas ne  change rien à mon choix car je n'annule pas",Plusieurs avis positif d'anciens voyageurs tant vis à vis de la géolocalisation que des équipements à l'intérieur,non,Merci à vous c'était très interessant cordialement.,0,1,0,TRUE,FALSE,9,2,174.02972541446798,FALSE,102.68212083703838,FALSE,FALSE,FALSE,0,NA,1,FALSE,2026-10-16,choice_set_3,TRUE,FALSE,NA
synth0002,la-ciotat,11,a91zz4,N,TRUE,0,34,0,50,99,61,25,3,3380,2230.9779999256134,Homme,39,Non étudiant,J'habite seul,1,1,2,0,1,la localisation  :  pres de la gare  des commerces   j'aime pouvoir visiter les sites touristiques   choisir un quartier calme,"je n'aime pas les sites des particuliers , je mise sur les hotels , je regarde emplacement par rapport au centre ville , je ne m'interresse pas aux notations des personnes qui sont déjà allés , le fait de pouvoir annuler ou pas ne  change rien à mon choix car je n'annule pas",Plusieurs avis positif d'anciens voyageurs tant vis à vis de la géolocalisation que des équipements à l'intérieur,non,Merci à vous c'était très interessant cordialement.,0,1,0,TRUE,FALSE,9,2,174.02972541446798,FALSE,102.68212083703838,FALSE,FALSE,TRUE,1,NA,3,FALSE,2026-10-16,choice_set_3,FALSE,FALSE,NA
synth0002,la-ciotat,11,ekiuhdb5r9r0gcn03rrl62idn-jgjejoed8dm3astyzv-6dgl,N,TRUE,0,34,0,50,99,61,25,3,3380,2230.9779999256134,Homme,39,Non étudiant,J'habite seul,1,1,2,0,1,la localisation  :  pres de la gare  des commerces   j'aime pouvoir visiter les sites touristiques   choisir un quartier calme,"je n'aime pas les sites des particuliers , je mise sur les hotels , je regarde emplacement par rapport au centre ville , je ne m'interresse pas aux notations des personnes qui sont déjà allés , le fait de pouvoir annuler ou pas ne  change rien à mon choix car je n'annule pas",Plusieurs avis positif d'anciens voyageurs tant vis à vis de la géolocalisation que des équipements à l'intérieur,non,Merci à vous c'était très interessant cordialement.,0,1,0,TRUE,FALSE,9,2,174.02972541446798,FALSE,102.68212083703838,FALSE,TRUE,TRUE,7,113.83936239290051,2,FALSE,2026-10-16,choice_set_3,FALSE,FALSE,NA
synth0002,la-ciotat,11,jytwbk9frmui0nip90g7exr3fuafc,N,TRUE,0,34,0,50,99,61,25,3,3380,2230.9779999256134,Homme,39,Non étudiant,J'habite seul,1,1,2,0,1,la localisation  :  pres de la gare  des commerces   j'aime pouvoir visiter les sites touristiques   choisir un quartier calme,"je n'aime pas les sites des particuliers , je mise sur les hotels , je regarde emplacement par rapport au centre ville , je ne m'interresse pas aux notations des personnes qui sont déjà allés , le fait de pouvoir annuler ou pas ne  change rien à mon choix car je n'annule pas",Plusieurs avis positif d'anciens voyageurs tant vis à vis de la géolocalisation que des équipements à l'intérieur,non,Merci à vous c'était très interessant cordialement.,0,1,0,TRUE,FALSE,9,2,174.02972541446798,FALSE,102.68212083703838,FALSE,FALSE,FALSE,0,NA,1,FALSE,2026-10-16,choice_set_3,FALSE,FALSE,NA
synth0002,la-ciotat,11,wlcns0w2tbe,N,TRUE,0,34,0,50,99,61,25,3,3380,2230.9779999256134,Homme,39,Non étudiant,J'habite seul,1,1,2,0,1,la localisation  :  pres de la gare  des commerces   j'aime pouvoir visiter les sites touristiques   choisir un quartier calme,"je n'aime pas les sites des particuliers , je mise sur les hotels , je regarde emplacement par rapport au centre ville , je ne m'interresse pas aux notations des personnes qui sont déjà allés , le fait de pouvoir annuler ou pas ne  change rien à mon choix car je n'annule pas",Plusieurs avis positif d'anciens voyageurs tant vis à vis de la géolocalisation que des équipements à l'intérieur,non,Merci à vous c'était très interessant cordialement.,0,1,0,TRUE,FALSE,9,2,174.02972541446798,FALSE,102.68212083703838,FALSE,FALSE,FALSE,0,NA,1,FALSE,2026-10-16,choice_set_3,FALSE,FALSE,NA
synth0002,la-ciotat,11,x5fedpsdtvmig9gj2q1rnhe1ufpkak2kf4,N,TRUE,0,34,0,50,99,61,25,3,3380,2230.9779999256134,Homme,39,Non étudiant,J'habite seul,1,1,2,0,1,la localisation  :  pres de la gare  des commerces   j'aime pouvoir visiter les sites touristiques   choisir un quartier calme,"je n'aime pas les sites des particuliers , je mise sur les hotels , je regarde emplacement par rapport au centre ville , je ne m'interresse pas aux notations des personnes qui sont déjà allés , le fait de pouvoir annuler ou pas ne  change rien à mon choix car je n'annule pas",Plusieurs avis positif d'anciens voyageurs tant vis à vis de la géolocalisation que des équipements à l'intérieur,non,Merci à vous c'était très interessant cordialement.,0,1,0,TRUE,FALSE,9,2,174.02972541446798,FALSE,102.68212083703838,FALSE,FALSE,FALSE,0,NA,3,FALSE,2026-10-16,choice_set_3,TRUE,FALSE,NA
synth0002,la-ciotat,11,botmxhql-0u-ucra5fo1jweagfq4k-o03e9-bk10-p1tmuo,N,TRUE,0,34,0,50,99,61,25,3,3380,2230.9779999256134,Homme,39,Non étudiant,J'habite seul,1,1,2,0,1,la localisation  :  pres de la gare  des commerces   j'aime pouvoir visiter les sites touristiques   choisir un quartier calme,"je n'aime pas les sites des particuliers , je mise sur les hotels , je regarde emplacement par rapport au centre ville , je ne m'interresse pas aux notations des personnes qui sont déjà allés , le fait de pouvoir annuler ou pas ne  change rien à mon choix car je n'annule pas",Plusieurs avis positif d'anciens voyageurs tant vis à vis de la géolocalisation que des équipements à l'intérieur,non,Merci à vous c'était très interessant cordialement.,0,1,0,TRUE,FALSE,9,2,174.02972541446798,FALSE,102.68212083703838,FALSE,FALSE,FALSE,0,NA,2,FALSE,2026-10-16,choice_set_3,FALSE,FALSE,NA
synth0002,la-ciotat,11,k05gnh5j1aaoze2ovj2p70j5akwivwdfgf1cvbw,N,TRUE,0,34,0,50,99,61,25,3,3380,2230.9779999256134,Homme,39,Non étudiant,J'habite seul,1,1,2,0,1,la localisation  :  pres de la gare  des commerces   j'aime pouvoir visiter les sites touristiques   choisir un quartier calme,"je n'aime pas les sites des particuliers , je mise sur les hotels , je regarde emplacement par rapport au centre ville , je ne m'interresse pas aux notations des personnes qui sont déjà allés , le fait de pouvoir annuler ou pas ne  change rien à mon choix car je n'annule pas",Plusieurs avis positif d'anciens voyageurs tant vis à vis de la géolocalisation que des équipements à l'intérieur,non,Merci à vous c'était très interessant cordialement.,0,1,0,TRUE,FALSE,9,2,174.02972541446798,FALSE,102.68212083703838,FALSE,FALSE,FALSE,0,NA,3,FALSE,2026-10-16,choice_set_3,FALSE,FALSE,NA
synth0002,la-ciotat,11,k7ov0ub7os-1rz2luq28lz3zy2v7btu6y5x7m7o2r9s,N,TRUE,0,34,0,50,99,61,25,3,3380,2230.9779999256134,Homme,39,Non étudiant,J'habite seul,1,1,2,0,1,la localisation  :  pres de la gare  des commerces   j'aime pouvoir visiter les sites touristiques   choisir un quartier calme,"je n'aime pas les sites des particuliers , je mise sur les hotels , je regarde emplacement par rapport au centre ville , je ne m'interresse pas aux notations des personnes qui sont déjà allés , le fait de pouvoir annuler ou pas ne  change rien à mon choix car je n'annule pas",Plusieurs avis positif d'anciens voyageurs tant vis à vis de la géolocalisation que des équipements à l'intérieur,non,Merci à vous c'était très interessant cordialement.,0,1,0,TRUE,FALSE,9,2,174.02972541446798,FALSE,102.68212083703838,FALSE,FALSE,TRUE,13,61.124516039853916,2,FALSE,2026-10-16,choice_set_3,TRUE,FALSE,NA
synth0002,la-ciotat,12,4g7jufd9fnoua6lxv6yhr9ugt9k,N,TRUE,0,34,0,50,99,61,25,3,3380,2230.9779999256134,Homme,39,Non étudiant,J'habite seul,1,1,2,0,1,la localisation  :  pres de la gare  des commerces   j'aime pouvoir visiter les sites touristiques   choisir un quartier calme,"je n'aime pas les sites des particuliers , je mise sur les hotels , je regarde emplacement par rapport au centre ville , je ne m'interresse pas aux notations des personnes qui sont déjà allés , le fait de pouvoir annuler ou pas ne  change rien à mon choix car je n'annule pas",Plusieurs avis positif d'anciens voyageurs tant vis à vis de la géolocalisation que des équipements à l'intérieur,non,Merci à vous c'était très interessant cordialement.,0,1,0,TRUE,FALSE,9,5,185.70111361588351,FALSE,41.33894187142141,FALSE,TRUE,TRUE,10,NA,2,FALSE,2026-11-20,choice_set_4,TRUE,FALSE,NA
synth0002,la-ciotat,12,ki5xsi0qirlke1szcu9f63f18ya4rg7y3a6w09mwc69gn-88bc,N,TRUE,0,34,0,50,99,61,25,3,3380,2230.9779999256134,Homme,39,Non étudiant,J'habite seul,1,1,2,0,1,la localisation  :  pres de la gare  des commerces   j'aime pouvoir visiter les sites touristiques   choisir un quartier calme,"je n'aime pas les sites des particuliers , je mise sur les hotels , je regarde emplacement par rapport au centre ville , je ne m'interresse pas aux notations des personnes qui sont déjà allés , le fait de pouvoir annuler ou pas ne  change rien à mon choix car je n'annule pas",Plusieurs avis positif d'anciens voyageurs tant vis à vis de la géolocalisation que des équipements à l'intérieur,non,Merci à vous c'était très interessant cordialement.,0,1,0,TRUE,FALSE,9,5,185.70111361588351,FALSE,41.33894187142141,FALSE,FALSE,FALSE,0,NA,3,FALSE,2026-11-20,choice_set_4,FALSE,FALSE,NA
synth0002,la-ciotat,12,tgjj4ml6xn7hs8js6iq-2woiyq7,N,TRUE,0,34,0,50,99,61,25,3,3380,2230.9779999256134,Homme,39,Non étudiant,J'habite seul,1,1,2,0,1,la localisation  :  pres de la gare  des commerces   j'aime pouvoir visiter les sites touristiques   choisir un quartier calme,"je n'aime pas les sites des particuliers , je mise sur les hotels , je regarde emplacement par rapport au centre ville , je ne m'interresse pas aux notations des personnes qui sont déjà allés , le fait de pouvoir annuler ou pas ne  change rien à mon choix car je n'annule pas",Plusieurs avis positif d'anciens voyageurs tant vis à vis de la géolocalisation que des équipements à l'intérieur,non,Merci à vous c'était très interessant cordialement.,0,1,0,TRUE,FALSE,9,5,185.70111361588351,FALSE,41.33894187142141,FALSE,FALSE,FALSE,0,NA,1,FALSE,2026-11-20,choice_set_4,FALSE,FALSE,NA
synth0002,la-ciotat,12,bjejh3-qfegu55i30zwsugxsxvof-fpof28uh5ph4y9dqrs-hbve,N,TRUE,0,34,0,50,99,61,25,3,3380,2230.9779999256134,Homme,39,Non étudiant,J'habite seul,1,1,2,0,1,la localisation  :  pres de la gare  des commerces   j'aime pouvoir visiter les sites touristiques   choisir un quartier calme,"je n'aime pas les sites des particuliers , je mise sur les hotels , je regarde emplacement par rapport au centre ville , je ne m'interresse pas aux notations des personnes qui sont déjà allés , le fait de pouvoir annuler ou pas ne  change rien à mon choix car je n'annule pas",Plusieurs avis positif d'anciens voyageurs tant vis à vis de la géolocalisation que des équipements à l'intérieur,non,Merci à vous c'était très interessant cordialement.,0,1,0,TRUE,FALSE,9,5,185.70111361588351,FALSE,41.33894187142141,FALSE,FALSE,FALSE,0,NA,3,FALSE,2026-11-20,choice_set_4,TRUE,FALSE,NA
synth0002,la-ciotat,12,e3ilrmpayqttn6tuz5-c2o9f-k1byhgyjcrm3pay8s5-y0wonttx6,N,TRUE,0,34,0,50,99,61,25,3,3380,2230.9779999256134,Homme,39,Non étudiant,J'habite seul,1,1,2,0,1,la localisation  :  pres de la gare  des commerces   j'aime pouvoir visiter les sites touristiques   choisir un quartier calme,"je n'aime pas les sites des particuliers , je mise sur les hotels , je regarde emplacement par rapport au centre ville , je ne m'interresse pas aux notations des personnes qui sont déjà allés , le fait de pouvoir annuler ou pas ne  change rien à mon choix car je n'annule pas",Plusieurs avis positif d'anciens voyageurs tant vis à vis de la géolocalisation que des équipements à l'intérieur,non,Merci à vous c'était très interessant cordialement.,0,1,0,TRUE,FALSE,9,5,185.70111361588351,FALSE,41.33894187142141,FALSE,FALSE,FALSE,0,NA,2,FALSE,2026-11-20,choice_set_4,FALSE,FALSE,NA
synth0002,la-ciotat,12,18d7aq6qg6-2t07mo5,N,TRUE,0,34,0,50,99,61,25,3,3380,2230.9779999256134,Homme,39,Non étudiant,J'habite seul,1,1,2,0,1,la localisation  :  pres de la gare  des commerces   j'aime pouvoir visiter les sites touristiques   choisir un quartier calme,"je n'aime pas les sites des particuliers , je mise sur les hotels , je regarde emplacement par rapport au centre ville , je ne m'interresse pas aux notations des personnes qui sont déjà allés , le fait de pouvoir annuler ou pas ne  change rien à mon choix car je n'annule pas",Plusieurs avis positif d'anciens voyageurs tant vis à vis de la géolocalisation que des équipements à l'intérieur,non,Merci à vous c'était très interessant cordialement.,0,1,0,TRUE,FALSE,9,5,185.70111361588351,FALSE,41.33894187142141,FALSE,FALSE,FALSE,0,NA,3,FALSE,2026-11-20,choice_set_4,FALSE,FALSE,NA
synth0002,la-ciotat,12,2g7l9rcmb,N,TRUE,0,34,0,50,99,61,25,3,3380,2230.9779999256134,Homme,39,Non étudiant,J'habite seul,1,1,2,0,1,la localisation  :  pres de la gare  des commerces   j'aime pouvoir visiter les sites touristiques   choisir un quartier calme,"je n'aime pas les sites des particuliers , je mise sur les hotels , je regarde emplacement par rapport au centre ville , je ne m'interresse pas aux notations des personnes qui sont déjà allés , le fait de pouvoir annuler ou pas ne  change rien à mon choix car je n'annule pas",Plusieurs avis positif d'anciens voyageurs tant vis à vis de la géolocalisation que des équipements à l'intérieur,non,Merci à vous c'était très interessant cordialement.,0,1,0,TRUE,FALSE,9,5,185.70111361588351,FALSE,41.33894187142141,FALSE,FALSE,FALSE,0,NA,1,FALSE,2026-11-20,choice_set_4,TRUE,FALSE,NA
synth0002,la-ciotat,12,5-zqklb1d2h63c8rpl6d37jf6pll,N,TRUE,0,34,0,50,99,61,25,3,3380,2230.9779999256134,Homme,39,Non étudiant,J'habite seul,1,1,2,0,1,la localisation  :  pres de la gare  des commerces   j'aime pouvoir visiter les sites touristiques   choisir un quartier calme,"je n'aime pas les sites des particuliers , je mise sur les hotels , je regarde emplacement par rapport au centre ville , je ne m'interresse pas aux notations des personnes qui sont déjà allés , le fait de pouvoir annuler ou pas ne  change rien à mon choix car je n'annule pas",Plusieurs avis positif d'anciens voyageurs tant vis à vis de la géolocalisation que des équipements à l'intérieur,non,Merci à vous c'était très interessant cordialement.,0,1,0,TRUE,FALSE,9,5,185.70111361588351,FALSE,41.33894187142141,FALSE,FALSE,FALSE,0,NA,1,FALSE,2026-11-20,choice_set_4,FALSE,FALSE,NA
synth0002,la-ciotat,12,xyk9-2-u6jel,N,TRUE,0,34,0,50,99,61,25,3,3380,2230.9779999256134,Homme,39,Non étudiant,J'habite seul,1,1,2,0,1,la localisation  :  pres de la gare  des commerces   j'aime pouvoir visiter les sites touristiques   choisir un quartier calme,"je n'aime pas les sites des particuliers , je mise sur les hotels , je regarde emplacement par rapport au centre ville , je ne m'interresse pas aux notations des personnes qui sont déjà allés , le fait de pouvoir annuler ou pas ne  change rien à mon choix car je n'annule pas",Plusieurs avis positif d'anciens voyageurs tant vis à vis de la géolocalisation que des équipements à l'intérieur,non,Merci à vous c'était très interessant cordialement.,0,1,0,TRUE,FALSE,9,5,185.70111361588351,FALSE,41.33894187142141,FALSE,FALSE,FALSE,0,NA,2,FALSE,2026-11-20,choice_set_4,FALSE,FALSE,NA
synth0003,arcachon,1,hbf1dn5c1s8e50l7a4w-biaajpje2bh1xtofthga68e8xjvof,O,FALSE,1,80,10,36,58,0,0,4,4244,3960.9189999103546,Homme,54,Non étudiant,J'habite en couple,0,3,2,1,0,"la localisation de l'hotel est l'un des éléments les plus importants pour moi lors de la réservation d'un hotel. Sont également importants la propreté de l'établissement, la possibilité d'avoir un petit déjeuner complet inclus dans le prix de la réservation; le libre accès à l'hôtel à tout horaire de la journée ainsi que le standing de l'hôtel (convivial, service premium, options spa)",Pour 2 personnes un endroit non loin de la mer et cosy,logement recommandé,je n'ai pas fait attention,"RAS tout était parfait, bravo pour le travail !",1,1,1,FALSE,NA,9,6,134.1550911546219,FALSE,176.4968059877865,FALSE,FALSE,FALSE,0,NA,1,FALSE,2026-11-13,choice_set_1,FALSE,FALSE,NA
synth0003,arcachon,1,jmwhct6cxfc504uv6,O,FALSE,1,80,10,36,58,0,0,4,4244,3960.9189999103546,Homme,54,Non étudiant,J'habite en couple,0,3,2,1,0,"la localisation de l'hotel est l'un des éléments les plus importants pour moi lors de la réservation d'un hotel. Sont également importants la propreté de l'établissement, la possibilité d'avoir un petit déjeuner complet inclus dans le prix de la réservation; le libre accès à l'hôtel à tout horaire de la journée ainsi que le standing de l'hôtel (convivial, service premium, options spa)",Pour 2 personnes un endroit non loin de la mer et cosy,logement recommandé,je n'ai pas fait attention,"RAS tout était parfait, bravo pour le travail !",1,1,1,FALSE,NA,9,6,134.1550911546219,FALSE,176.4968059877865,FALSE,FALSE,TRUE,13,197.95672894921154,3,FALSE,2026-11-13,choice_set_1,FALSE,FALSE,NA
synth0003,arcachon,1,9mfr87o17e9158f2,O,FALSE,1,80,10,36,58,0,0,4,4244,3960.9189999103546,Homme,54,Non étudiant,J'habite en couple,0,3,2,1,0,"la localisation de l'hotel est l'un des éléments les plus importants pour moi lors de la réservation d'un hotel. Sont également importants la propreté de l'établissement, la possibilité d'avoir un petit déjeuner complet inclus dans le prix de la réservation; le libre accès à l'hôtel à tout horaire de la journée ainsi que le standing de l'hôtel (convivial, service premium, options spa)",Pour 2 personnes un endroit non loin de la mer et cosy,logement recommandé,je n'ai pas fait attention,"RAS tout était parfait, bravo pour le travail !",1,1,1,FALSE,NA,9,6,134.1550911546219,FALSE,176.4968059877865,FALSE,FALSE,FALSE,0,NA,2,FALSE,2026-11-13,choice_set_1,TRUE,FALSE,NA
synth0003,arcachon,1,t40dy-anglh9st1f-b370cwrd5j,O,FALSE,1,80,10,36,58,0,0,4,4244,3960.9189999103546,Homme,54,Non étudiant,J'habite en couple,0,3,2,1,0,"la localisation de l'hotel est l'un des éléments les plus importants pour moi lors de la réservation d'un hotel. Sont également importants la propreté de l'établissement, la possibilité d'avoir un petit déjeuner complet inclus dans le prix de la réservation; le libre accès à l'hôtel à tout horaire de la journée ainsi que le standing de l'hôtel (convivial, service premium, options spa)",Pour 2 personnes un endroit non loin de la mer et cosy,logement recommandé,je n'ai pas fait attention,"RAS tout était parfait, bravo pour le travail !",1,1,1,FALSE,NA,9,6,134.1550911546219,FALSE,176.4968059877865,FALSE,FALSE,TRUE,3,239.50552179361694,2,FALSE,2026-11-13,choice_set_1,FALSE,FALSE,NA
synth0003,arcachon,1,ac-hbm3u8g,O,FALSE,1,80,10,36,58,0,0,4,4244,3960.9189999103546,Homme,54,Non étudiant,J'habite en couple,0,3,2,1,0,"la localisation de l'hotel est l'un des éléments les plus importants pour moi lors de la réservation d'un hotel. Sont également importants la propreté de l'établissement, la possibilité d'avoir un petit déjeuner complet inclus dans le prix de la réservation; le libre accès à l'hôtel à tout horaire de la journée ainsi que le standing de l'hôtel (convivial, service premium, options spa)",Pour 2 personnes un endroit non loin de la mer et cosy,logement recommandé,je n'ai pas fait attention,"RAS tout était parfait, bravo pour le travail !",1,1,1,FALSE,NA,9,6,134.1550911546219,FALSE,176.4968059877865,FALSE,FALSE,TRUE,5,NA,3,FALSE,2026-11-13,choice_set_1,TRUE,FALSE,NA
synth0003,arcachon,1,wwx7qpiezr611neyi8lkx5wtot07vpwqgpb0-ipkx3bw7tp63,O,FALSE,1,80,10,36,58,0,0,4,4244,3960.9189999103546,Homme,54,Non étudiant,J'habite en couple,0,3,2,1,0,"la localisation de l'hotel est l'un des éléments les plus importants pour moi lors de la réservation d'un hotel. Sont également importants la propreté de l'établissement, la possibilité d'avoir un petit déjeuner complet inclus dans le prix de la réservation; le libre accès à l'hôtel à tout horaire de la journée ainsi que le standing de l'hôtel (convivial, service premium, options spa)",Pour 2 personnes un endroit non loin de la mer et cosy,logement recommandé,je n'ai pas fait attention,"RAS tout était parfait, bravo pour le travail !",1,1,1,FALSE,NA,9,6,134.1550911546219,FALSE,176.4968059877865,FALSE,TRUE,TRUE,4,163.51587545475923,1,FALSE,2026-11-13,choice_set_1,FALSE,FALSE,NA
synth0003,arcachon,1,7tilwjlm2va-igqp-8sgc3kcf8nls-p150zjh-yh697w1rkuede,O,FALSE,1,80,10,36,58,0,0,4,4244,3960.9189999103546,Homme,54,Non étudiant,J'habite en couple,0,3,2,1,0,"la localisation de l'hotel est l'un des éléments les plus importants pour moi lors de la réservation d'un hotel. Sont également importants la propreté de l'établissement, la possibilité d'avoir un petit déjeuner complet inclus dans le prix de la réservation; le libre accès à l'hôtel à tout horaire de la journée ainsi que le standing de l'hôtel (convivial, service premium, options spa)",Pour 2 personnes un endroit non loin de la mer et cosy,logement recommandé,je n'ai pas fait attention,"RAS tout était parfait, bravo pour le travail !",1,1,1,FALSE,NA,9,6,134.1550911546219,FALSE,176.4968059877865,FALSE,FALSE,FALSE,0,NA,2,FALSE,2026-11-13,choice_set_1,FALSE,FALSE,NA
synth0003,arcachon,1,hu44vkvhij6wi4lp98xt5v9obfdz1ve36wqut148u5k8hn66nv6fjss2w,O,FALSE,1,80,10,36,58,0,0,4,4244,3960.9189999103546,Homme,54,Non étudiant,J'habite en couple,0,3,2,1,0,"la localisation de l'hotel est l'un des éléments les plus importants pour moi lors de la réservation d'un hotel. Sont également importants la propreté de l'établissement, la possibilité d'avoir un petit déjeuner complet inclus dans le prix de la réservation; le libre accès à l'hôtel à tout horaire de la journée ainsi que le standing de l'hôtel (convivial, service premium, options spa)",Pour 2 personnes un endroit non loin de la mer et cosy,logement recommandé,je n'ai pas fait attention,"RAS tout était parfait, bravo pour le travail !",1,1,1,FALSE,NA,9,6,134.1550911546219,FALSE,176.4968059877865,FALSE,FALSE,FALSE,0,NA,1,FALSE,2026-11-13,choice_set_1,TRUE,FALSE,NA
synth0003,arcachon,1,oh0llb5v43bd5pmc6s,O,FALSE,1,80,10,36,58,0,0,4,4244,3960.9189999103546,Homme,54,Non étudiant,J'habite en couple,0,3,2,1,0,"la localisation de l'hotel est l'un des éléments les plus importants pour moi lors de la réservation d'un hotel. Sont également importants la propreté de l'établissement, la possibilité d'avoir un petit déjeuner complet inclus dans le prix de la réservation; le libre accès à l'hôtel à tout horaire de la journée ainsi que le standing de l'hôtel (convivial, service premium, options spa)",Pour 2 personnes un endroit non loin de la mer et cosy,logement recommandé,je n'ai pas fait attention,"RAS tout était parfait, bravo pour le travail !",1,1,1,FALSE,NA,9,6,134.1550911546219,FALSE,176.4968059877865,FALSE,FALSE,FALSE,0,NA,3,FALSE,2026-11-13,choice_set_1,FALSE,FALSE,NA
synth0003,arcachon,2,x6kpch0oti5za06n6qfh8vtaaxmdo-xfw7b9v6kzwz7e92aiank8cjf03xb,O,FALSE,1,80,10,36,58,0,0,4,4244,3960.9189999103546,Homme,54,Non étudiant,J'habite en couple,0,3,2,1,0,"la localisation de l'hotel est l'un des éléments les plus importants pour moi lors de la réservation d'un hotel. Sont également importants la propreté de l'établissement, la possibilité d'avoir un petit déjeuner complet inclus dans le prix de la réservation; le libre accès à l'hôtel à tout horaire de la journée ainsi que le standing de l'hôtel (convivial, service premium, options spa)",Pour 2 personnes un endroit non loin de la mer et cosy,logement recommandé,je n'ai pas fait attention,"RAS tout était parfait, bravo pour le travail !",1,1,1,FALSE,NA,9,5,290.73668783181347,FALSE,42.20430674846284,TRUE,FALSE,FALSE,0,NA,1,FALSE,2026-11-27,choice_set_2,FALSE,FALSE,NA
synth0003,arcachon,2,-u7ct6ag2p9jjir52tzm8p7sdtuqz6c,O,FALSE,1,80,10,36,58,0,0,4,4244,3960.9189999103546,Homme,54,Non étudiant,J'habite en couple,0,3,2,1,0,"la localisation de l'hotel est l'un des éléments les plus importants pour moi lors de la réservation d'un hotel. Sont également importants la propreté de l'établissement, la possibilité d'avoir un petit déjeuner complet inclus dans le prix de la réservation; le libre accès à l'hôtel à tout horaire de la journée ainsi que le standing de l'hôtel (convivial, service premium, options spa)",Pour 2 personnes un endroit non loin de la mer et cosy,logement recommandé,je n'ai pas fait attention,"RAS tout était parfait, bravo pour le travail !",1,1,1,FALSE,NA,9,5,290.73668783181347,FALSE,42.20430674846284,TRUE,FALSE,TRUE,8,51.919935214100406,2,FALSE,2026-11-27,choice_set_2,TRUE,FALSE,NA
synth0003,arcachon,2,7v0j2blxsfqt4qowetn0l3apbm,O,FALSE,1,80,10,36,58,0,0,4,4244,3960.9189999103546,Homme,54,Non étudiant,J'habite en couple,0,3,2,1,0,"la localisation de l'hotel est l'un des éléments les plus importants pour moi lors de la réservation d'un hotel. Sont également importants la propreté de l'établissement, la possibilité d'avoir un petit déjeuner complet inclus dans le prix de la réservation; le libre accès à l'hôtel à tout horaire de la journée ainsi que le standing de l'hôtel (convivial, service premium, options spa)",Pour 2 personnes un endroit non loin de la mer et cosy,logement recommandé,je n'ai pas fait attention,"RAS tout était parfait, bravo pour le travail !",1,1,1,FALSE,NA,9,5,290.73668783181347,FALSE,42.20430674846284,TRUE,TRUE,TRUE,6,NA,1,TRUE,2026-11-27,choice_set_2,TRUE,FALSE,NA
synth0003,arcachon,2,d7d4ljli5uicutufuz304p5q8jm44dx6o4027kcuo8t,O,FALSE,1,80,10,36,58,0,0,4,4244,3960.9189999103546,Homme,54,Non étudiant,J'habite en couple,0,3,2,1,0,"la localisation de l'hotel est l'un des éléments les plus importants pour moi lors de la réservation d'un hotel. Sont également importants la propreté de l'établissement, la possibilité d'avoir un petit déjeuner complet inclus dans le prix de la réservation; le libre accès à l'hôtel à tout horaire de la journée ainsi que le standing de l'hôtel (convivial, service premium, options spa)",Pour 2 personnes un endroit non loin de la mer et cosy,logement recommandé,je n'ai pas fait attention,"RAS tout était parfait, bravo pour le travail !",1,1,1,FALSE,NA,9,5,290.73668783181347,FALSE,42.20430674846284,TRUE,FALSE,FALSE,0,NA,2,FALSE,2026-11-27,choice_set_2,FALSE,FALSE,NA
synth0003,arcachon,2,-3lm8lz0f35x,O,FALSE,1,80,10,36,58,0,0,4,4244,3960.9189999103546,Homme,54,Non étudiant,J'habite en couple,0,3,2,1,0,"la localisation de l'hotel est l'un des éléments les plus importants pour moi lors de la réservation d'un hotel. Sont également importants la propreté de l'établissement, la possibilité d'avoir un petit déjeuner complet inclus dans le prix de la réservation; le libre accès à l'hôtel à tout horaire de la journée ainsi que le standing de l'hôtel (convivial, service premium, options spa)",Pour 2 personnes un endroit non loin de la mer et cosy,logement recommandé,je n'ai pas fait attention,"RAS tout était parfait, bravo pour le travail !",1,1,1,FALSE,NA,9,5,290.73668783181347,FALSE,42.20430674846284,TRUE,FALSE,FALSE,0,NA,3,FALSE,2026-11-27,choice_set_2,TRUE,FALSE,NA
synth0003,arcachon,2,prz8p8leg6x86b74yy-mvz9pcjwju7rdoh599frp6o-yfua,O,FALSE,1,80,10,36,58,0,0,4,4244,3960.9189999103546,Homme,54,Non étudiant,J'habite en couple,0,3,2,1,0,"la localisation de l'hotel est l'un des éléments les plus importants pour moi lors de la réservation d'un hotel. Sont également importants la propreté de l'établissement, la possibilité d'avoir un petit déjeuner complet inclus dans le prix de la réservation; le libre accès à l'hôtel à tout horaire de la journée ainsi que le standing de l'hôtel (convivial, service premium, options spa)",Pour 2 personnes un endroit non loin de la mer et cosy,logement recommandé,je n'ai pas fait attention,"RAS tout était parfait, bravo pour le travail !",1,1,1,FALSE,NA,9,5,290.73668783181347,FALSE,42.20430674846284,TRUE,FALSE,FALSE,0,NA,3,FALSE,2026-11-27,choice_set_2,FALSE,FALSE,NA
synth0003,arcachon,2,yx0f-s8iv207b7j8yv,O,FALSE,1,80,10,36,58,0,0,4,4244,3960.9189999103546,Homme,54,Non étudiant,J'habite en couple,0,3,2,1,0,"la localisation de l'hotel est l'un des éléments les plus importants pour moi lors de la réservation d'un hotel. Sont également importants la propreté de l'établissement, la possibilité d'avoir un petit déjeuner complet inclus dans le prix de la réservation; le libre accès à l'hôtel à tout horaire de la journée ainsi que le standing de l'hôtel (convivial, service premium, options spa)",Pour 2 personnes un endroit non loin de la mer et cosy,logement recommandé,je n'ai pas fait attention,"RAS tout était parfait, bravo pour le travail !",1,1,1,FALSE,NA,9,5,290.73668783181347,FALSE,42.20430674846284,TRUE,FALSE,TRUE,5,288.09692400624044,2,FALSE,2026-11-27,choice_set_2,FALSE,FALSE,NA
synth0003,arcachon,2,y3bzzj152yg0kwfx6humr19wg35o-c,O,FALSE,1,80,10,36,58,0,0,4,4244,3960.9189999103546,Homme,54,Non étudiant,J'habite en couple,0,3,2,1,0,"la localisation de l'hotel est l'un des éléments les plus importants pour moi lors de la réservation d'un hotel. Sont également importants la propreté de l'établissement, la possibilité d'avoir un petit déjeuner complet inclus dans le prix de la réservation; le libre accès à l'hôtel à tout horaire de la journée ainsi que le standing de l'hôtel (convivial, service premium, options spa)",Pour 2 personnes un endroit non loin de la mer et cosy,logement recommandé,je n'ai pas fait attention,"RAS tout était parfait, bravo pour le travail !",1,1,1,FALSE,NA,9,5,290.73668783181347,FALSE,42.20430674846284,TRUE,FALSE,FALSE,0,NA,1,FALSE,2026-11-27,choice_set_2,FALSE,FALSE,NA
synth0003,arcachon,2,w96vd43tb8nyrf89k64hxmlpus2oqr7xn-pn9e0vy8jhov2ehuene9p,O,FALSE,1,80,10,36,58,0,0,4,4244,3960.9189999103546,Homme,54,Non étudiant,J'habite en couple,0,3,2,1,0,"la localisation de l'hotel est l'un des éléments les plus importants pour moi lors de la réservation d'un hotel. Sont également importants la propreté de l'établissement, la possibilité d'avoir un petit déjeuner complet inclus dans le prix de la réservation; le libre accès à l'hôtel à tout horaire de la journée ainsi que le standing de l'hôtel (convivial, service premium, options spa)",Pour 2 personnes un endroit non loin de la mer et cosy,logement recommandé,je n'ai pas fait attention,"RAS tout était parfait, bravo pour le travail !",1,1,1,FALSE,NA,9,5,290.73668783181347,FALSE,42.20430674846284,TRUE,FALSE,FALSE,0,NA,3,FALSE,2026-11-27,choice_set_2,FALSE,FALSE,NA
synth0003,arcachon,3,2e41i-43t82b0w26h,O,FALSE,1,80,10,36,58,0,0,4,4244,3960.9189999103546,Homme,54,Non étudiant,J'habite en couple,0,3,2,1,0,"la localisation de l'hotel est l'un des éléments les plus importants pour moi lors de la réservation d'un hotel. Sont également importants la propreté de l'établissement, la possibilité d'avoir un petit déjeuner complet inclus dans le prix de la réservation; le libre accès à l'hôtel à tout horaire de la journée ainsi que le standing de l'hôtel (convivial, service premium, options spa)",Pour 2 personnes un endroit non loin de la mer et cosy,logement recommandé,je n'ai pas fait attention,"RAS tout était parfait, bravo pour le travail !",1,1,1,FALSE,NA,9,0,225.87942904047668,FALSE,107.60455476515926,FALSE,FALSE,FALSE,0,NA,3,FALSE,2026-11-27,choice_set_3,FALSE,FALSE,NA
synth0003,arcachon,3,wlg-qypalvzh6z8e189ipyjwiodggg3n93ko9yt6k2ddmp-1yrp,O,FALSE,1,80,10,36,58,0,0,4,4244,3960.9189999103546,Homme,54,Non étudiant,J'habite en couple,0,3,2,1,0,"la localisation de l'hotel est l'un des éléments les plus importants pour moi lors de la réservation d'un hotel. Sont également importants la propreté de l'établissement, la possibilité d'avoir un petit déjeuner complet inclus dans le prix de la réservation; le libre accès à l'hôtel à tout horaire de la journée ainsi que le standing de l'hôtel (convivial, service premium, options spa)",Pour 2 personnes un endroit non loin de la mer et cosy,logement recommandé,je n'ai pas fait attention,"RAS tout était parfait, bravo pour le travail !",1,1,1,FALSE,NA,9,0,225.87942904047668,FALSE,107.60455476515926,FALSE,FALSE,FALSE,0,NA,3,FALSE,2026-11-27,choice_set_3,TRUE,FALSE,NA
synth0003,arcachon,3,-z2xj0hdxrerviio09qtr1vnph3ulmuk9h4v9,O,FALSE,1,80,10,36,58,0,0,4,4244,3960.9189999103546,Homme,54,Non étudiant,J'habite en couple,0,3,2,1,0,"la localisation de l'hotel est l'un des éléments les plus importants pour moi lors de la réservation d'un hotel. Sont également importants la propreté de l'établissement, la possibilité d'avoir un petit déjeuner complet inclus dans le prix de la réservation; le libre accès à l'hôtel à tout horaire de la journée ainsi que le standing de l'hôtel (convivial, service premium, options spa)",Pour 2 personnes un endroit non loin de la mer et cosy,logement recommandé,je n'ai pas fait attention,"RAS tout était parfait, bravo pour le travail !",1,1,1,FALSE,NA,9,0,225.87942904047668,FALSE,107.60455476515926,FALSE,FALSE,TRUE,7,223.47496847389266,2,FALSE,2026-11-27,choice_set_3,FALSE,FALSE,NA
synth0003,arcachon,3,6hjtndk1rt7hd-e-f4mbnwahu1lxi8i64k,O,FALSE,1,80,10,36,58,0,0,4,4244,3960.9189999103546,Homme,54,Non étudiant,J'habite en couple,0,3,2,1,0,"la localisation de l'hotel est l'un des éléments les plus importants pour moi lors de la réservation d'un hotel. Sont également importants la propreté de l'établissement, la possibilité d'avoir un petit déjeuner complet inclus dans le prix de la réservation; le libre accès à l'hôtel à tout horaire de la journée ainsi que le standing de l'hôtel (convivial, service premium, options spa)",Pour 2 personnes un endroit non loin de la mer et cosy,logement recommandé,je n'ai pas fait attention,"RAS tout était parfait, bravo pour le travail !",1,1,1,FALSE,NA,9,0,225.87942904047668,FALSE,107.60455476515926,FALSE,FALSE,FALSE,0,NA,3,FALSE,2026-11-27,choice_set_3,FALSE,FALSE,NA
synth0003,arcachon,3,aweimcjmexxilb8gm4d025tfbqp,O,FALSE,1,80,10,36,58,0,0,4,4244,3960.9189999103546,Homme,54,Non étudiant,J'habite en couple,0,3,2,1,0,"la localisation de l'hotel est l'un des éléments les plus importants pour moi lors de la réservation d'un hotel. Sont également importants la propreté de l'établissement, la possibilité d'avoir un petit déjeuner complet inclus dans le prix de la réservation; le libre accès à l'hôtel à tout horaire de la journée ainsi que le standing de l'hôtel (convivial, service premium, options spa)",Pour 2 personnes un endroit non loin de la mer et cosy,logement recommandé,je n'ai pas fait attention,"RAS tout était parfait, bravo pour le travail !",1,1,1,FALSE,NA,9,0,225.87942904047668,FALSE,107.60455476515926,FALSE,FALSE,FALSE,0,NA,1,FALSE,2026-11-27,choice_set_3,TRUE,FALSE,NA
synth0003,arcachon,3,rojtl9u071xt5-,O,FALSE,1,80,10,36,58,0,0,4,4244,3960.9189999103546,Homme,54,Non étudiant,J'habite en couple,0,3,2,1,0,"la localisation de l'hotel est l'un des éléments les plus importants pour moi lors de la réservation d'un hotel. Sont également importants la propreté de l'établissement, la possibilité d'avoir un petit déjeuner complet inclus dans le prix de la réservation; le libre accès à l'hôtel à tout horaire de la journée ainsi que le standing de l'hôtel (convivial, service premium, options spa)",Pour 2 personnes un endroit non loin de la mer et cosy,logement recommandé,je n'ai pas fait attention,"RAS tout était parfait, bravo pour le travail !",1,1,1,FALSE,NA,9,0,225.87942904047668,FALSE,107.60455476515926,FALSE,FALSE,FALSE,0,NA,1,FALSE,2026-11-27,choice_set_3,FALSE,FALSE,NA
synth0003,arcachon,3,ablty0hgfv7osoplewmmtjkduas2ua2fw-lix45c,O,FALSE,1,80,10,36,58,0,0,4,4244,3960.9189999103546,Homme,54,Non étudiant,J'habite en couple,0,3,2,1,0,"la localisation de l'hotel est l'un des éléments les plus importants pour moi lors de la réservation d'un hotel. Sont également importants la propreté de l'établissement, la possibilité d'avoir un petit déjeuner complet inclus dans le prix de la réservation; le libre accès à l'hôtel à tout horaire de la journée ainsi que le standing de l'hôtel (convivial, service premium, options spa)",Pour 2 personnes un endroit non loin de la mer et cosy,logement recommandé,je n'ai pas fait attention,"RAS tout était parfait, bravo pour le travail !",1,1,1,FALSE,NA,9,0,225.87942904047668,FALSE,107.60455476515926,FALSE,TRUE,TRUE,14,156.59299613093026,1,FALSE,2026-11-27,choice_set_3,FALSE,FALSE,NA
synth0003,arcachon,3,7aj9wd,O,FALSE,1,80,10,36,58,0,0,4,4244,3960.9189999103546,Homme,54,Non étudiant,J'habite en couple,0,3,2,1,0,"la localisation de l'hotel est l'un des éléments les plus importants pour moi lors de la réservation d'un hotel. Sont également importants la propreté de l'établissement, la possibilité d'avoir un petit déjeuner complet inclus dans le prix de la réservation; le libre accès à l'hôtel à tout horaire de la journée ainsi que le standing de l'hôtel (convivial, service premium, options spa)",Pour 2 personnes un endroit non loin de la mer et cosy,logement recommandé,je n'ai pas fait attention,"RAS tout était parfait, bravo pour le travail !",1,1,1,FALSE,NA,9,0,225.87942904047668,FALSE,107.60455476515926,FALSE,FALSE,FALSE,0,NA,2,FALSE,2026-11-27,choice_set_3,TRUE,FALSE,NA
synth0003,arcachon,3,g3xuzcrxpujn-k3z4bq,O,FALSE,1,80,10,36,58,0,0,4,4244,3960.9189999103546,Homme,54,Non étudiant,J'habite en couple,0,3,2,1,0,"la localisation de l'hotel est l'un des éléments les plus importants pour moi lors de la réservation d'un hotel. Sont également importants la propreté de l'établissement, la possibilité d'avoir un petit déjeuner complet inclus dans le prix de la réservation; le libre accès à l'hôtel à tout horaire de la journée ainsi que le standing de l'hôtel (convivial, service premium, options spa)",Pour 2 personnes un endroit non loin de la mer et cosy,logement recommandé,je n'ai pas fait attention,"RAS tout était parfait, bravo pour le travail !",1,1,1,FALSE,NA,9,0,225.87942904047668,FALSE,107.60455476515926,FALSE,FALSE,FALSE,0,NA,2,FALSE,2026-11-27,choice_set_3,FALSE,FALSE,NA
synth0003,arcachon,4,7n4holtrzc530j57f9vkr8p14lyalsoep,O,FALSE,1,80,10,36,58,0,0,4,4244,3960.9189999103546,Homme,54,Non étudiant,J'habite en couple,0,3,2,1,0,"la localisation de l'hotel est l'un des éléments les plus importants pour moi lors de la réservation d'un hotel. Sont également importants la propreté de l'établissement, la possibilité d'avoir un petit déjeuner complet inclus dans le prix de la réservation; le libre accès à l'hôtel à tout horaire de la journée ainsi que le standing de l'hôtel (convivial, service premium, options spa)",Pour 2 personnes un endroit non loin de la mer et cosy,logement recommandé,je n'ai pas fait attention,"RAS tout était parfait, bravo pour le travail !",1,1,1,FALSE,NA,9,2,170.67874399549328,FALSE,85.61559928371571,FALSE,FALSE,FALSE,0,NA,2,FALSE,2026-11-06,choice_set_4,TRUE,FALSE,NA
synth0003,arcachon,4,ycc94ms-56vjo2vbj2y3l9e-jnb8fbenx2s8gc7q,O,FALSE,1,80,10,36,58,0,0,4,4244,3960.9189999103546,Homme,54,Non étudiant,J'habite en couple,0,3,2,1,0,"la localisation de l'hotel est l'un des éléments les plus importants pour moi lors de la réservation d'un hotel. Sont également importants la propreté de l'établissement, la possibilité d'avoir un petit déjeuner complet inclus dans le prix de la réservation; le libre accès à l'hôtel à tout horaire de la journée ainsi que le standing de l'hôtel (convivial, service premium, options spa)",Pour 2 personnes un endroit non loin de la mer et cosy,logement recommandé,je n'ai pas fait attention,"RAS tout était parfait, bravo pour le travail !",1,1,1,FALSE,NA,9,2,170.67874399549328,FALSE,85.61559928371571,FALSE,TRUE,TRUE,1,142.09984746412374,3,FALSE,2026-11-06,choice_set_4,TRUE,TRUE,p24ce5--t2g1zpvuftludg9g8ek7bkvg5dzns
synth0003,arcachon,4,arrsse3ms0t2udp7k2dlloznezsc1k3ts,O,FALSE,1,80,10,36,58,0,0,4,4244,3960.9189999103546,Homme,54,Non étudiant,J'habite en couple,0,3,2,1,0,"la localisation de l'hotel est l'un des éléments les plus importants pour moi lors de la réservation d'un hotel. Sont également importants la propreté de l'établissement, la possibilité d'avoir un petit déjeuner complet inclus dans le prix de la réservation; le libre accès à l'hôtel à tout horaire de la journée ainsi que le standing de l'hôtel (convivial, service premium, options spa)",Pour 2 personnes un endroit non loin de la mer et cosy,logement recommandé,je n'ai pas fait attention,"RAS tout était parfait, bravo pour le travail !",1,1,1,FALSE,NA,9,2,170.67874399549328,FALSE,85.61559928371571,FALSE,FALSE,FALSE,0,NA,2,FALSE,2026-11-06,choice_set_4,FALSE,FALSE,NA
synth0003,arcachon,4,dtbizownrm9sy-8lvpm5x-taytn6i54tdvt,O,FALSE,1,80,10,36,58,0,0,4,4244,3960.9189999103546,Homme,54,Non étudiant,J'habite en couple,0,3,2,1,0,"la localisation de l'hotel est l'un des éléments les plus importants pour moi lors de la réservation d'un hotel. Sont également importants la propreté de l'établissement, la possibilité d'avoir un petit déjeuner complet inclus dans le prix de la réservation; le libre accès à l'hôtel à tout horaire de la journée ainsi que le standing de l'hôtel (convivial, service premium, options spa)",Pour 2 personnes un endroit non loin de la mer et cosy,logement recommandé,je n'ai pas fait attention,"RAS tout était parfait, bravo pour le travail !",1,1,1,FALSE,NA,9,2,170.67874399549328,FALSE,85.61559928371571,FALSE,FALSE,FALSE,0,NA,3,FALSE,2026-11-06,choice_set_4,FALSE,FALSE,NA
synth0003,arcachon,4,50ve8druirurohmpiery4knj6zlg,O,FALSE,1,80,10,36,58,0,0,4,4244,3960.9189999103546,Homme,54,Non étudiant,J'habite en couple,0,3,2,1,0,"la localisation de l'hotel est l'un des éléments les plus importants pour moi lors de la réservation d'un hotel. Sont également importants la propreté de l'établissement, la possibilité d'avoir un petit déjeuner complet inclus dans le prix de la réservation; le libre accès à l'hôtel à tout horaire de la journée ainsi que le standing de l'hôtel (convivial, service premium, options spa)",Pour 2 personnes un endroit non loin de la mer et cosy,logement recommandé,je n'ai pas fait attention,"RAS tout était parfait, bravo pour le travail !",1,1,1,FALSE,NA,9,2,170.67874399549328,FALSE,85.61559928371571,FALSE,FALSE,FALSE,0,NA,2,FALSE,2026-11-06,choice_set_4,FALSE,FALSE,NA
synth0003,arcachon,4,m-eh137n1ynfb9,O,FALSE,1,80,10,36,58,0,0,4,4244,3960.9189999103546,Homme,54,Non étudiant,J'habite en couple,0,3,2,1,0,"la localisation de l'hotel est l'un des éléments les plus importants pour moi lors de la réservation d'un hotel. Sont également importants la propreté de l'établissement, la possibilité d'avoir un petit déjeuner complet inclus dans le prix de la réservation; le libre accès à l'hôtel à tout horaire de la journée ainsi que le standing de l'hôtel (convivial, service premium, options spa)",Pour 2 personnes un endroit non loin de la mer et cosy,logement recommandé,je n'ai pas fait attention,"RAS tout était parfait, bravo pour le travail !",1,1,1,FALSE,NA,9,2,170.67874399549328,FALSE,85.61559928371571,FALSE,FALSE,FALSE,0,NA,1,FALSE,2026-11-06,choice_set_4,FALSE,FALSE,NA
synth0003,arcachon,4,43i8wr2cab2aqwx0k4uzh4n,O,FALSE,1,80,10,36,58,0,0,4,4244,3960.9189999103546,Homme,54,Non étudiant,J'habite en couple,0,3,2,1,0,"la localisation de l'hotel est l'un des éléments les plus importants pour moi lors de la réservation d'un hotel. Sont également importants la propreté de l'établissement, la possibilité d'avoir un petit déjeuner complet inclus dans le prix de la réservation; le libre accès à l'hôtel à tout horaire de la journée ainsi que le standing de l'hôtel (convivial, service premium, options spa)",Pour 2 personnes un endroit non loin de la mer et cosy,logement recommandé,je n'ai pas fait attention,"RAS tout était parfait, bravo pour le travail !",1,1,1,FALSE,NA,9,2,170.67874399549328,FALSE,85.61559928371571,FALSE,FALSE,TRUE,11,38.71423486969434,3,FALSE,2026-11-06,choice_set_4,FALSE,FALSE,NA
synth0003,arcachon,4,biv2equa61iedz8atqwbt6eddd812bmir6gytrn6khjuazgxlf,O,FALSE,1,80,10,36,58,0,0,4,4244,3960.9189999103546,Homme,54,Non étudiant,J'habite en couple,0,3,2,1,0,"la localisation de l'hotel est l'un des éléments les plus importants pour moi lors de la réservation d'un hotel. Sont également importants la propreté de l'établissement, la possibilité d'avoir un petit déjeuner complet inclus dans le prix de la réservation; le libre accès à l'hôtel à tout horaire de la journée ainsi que le standing de l'hôtel (convivial, service premium, options spa)",Pour 2 personnes un endroit non loin de la mer et cosy,logement recommandé,je n'ai pas fait attention,"RAS tout était parfait, bravo pour le travail !",1,1,1,FALSE,NA,9,2,170.67874399549328,FALSE,85.61559928371571,FALSE,FALSE,FALSE,0,NA,1,FALSE,2026-11-06,choice_set_4,FALSE,TRUE,4t7hhob9df630jo1662m
synth0003,arcachon,4,bntds6bn3310i6fnxr8aw9la,O,FALSE,1,80,10,36,58,0,0,4,4244,3960.9189999103546,Homme,54,Non étudiant,J'habite en couple,0,3,2,1,0,"la localisation de l'hotel est l'un des éléments les plus importants pour moi lors de la réservation d'un hotel. Sont également importants la propreté de l'établissement, la possibilité d'avoir un petit déjeuner complet inclus dans le prix de la réservation; le libre accès à l'hôtel à tout horaire de la journée ainsi que le standing de l'hôtel (convivial, service premium, options spa)",Pour 2 personnes un endroit non loin de la mer et cosy,logement recommandé,je n'ai pas fait attention,"RAS tout était parfait, bravo pour le travail !",1,1,1,FALSE,NA,9,2,170.67874399549328,FALSE,85.61559928371571,FALSE,FALSE,FALSE,0,NA,1,FALSE,2026-11-06,choice_set_4,TRUE,FALSE,NA
synth0003,sete,5,5qftzegq0jr6y1m4zsymu5pumibiwb82kce7e3m3173a5nazp61et0sayv,O,FALSE,1,80,10,36,58,0,0,4,4244,3960.9189999103546,Homme,54,Non étudiant,J'habite en couple,0,3,2,1,0,"la localisation de l'hotel est l'un des éléments les plus importants pour moi lors de la réservation d'un hotel. Sont également importants la propreté de l'établissement, la possibilité d'avoir un petit déjeuner complet inclus dans le prix de la réservation; le libre accès à l'hôtel à tout horaire de la journée ainsi que le standing de l'hôtel (convivial, service premium, options spa)",Pour 2 personnes un endroit non loin de la mer et cosy,logement recommandé,je n'ai pas fait attention,"RAS tout était parfait, bravo pour le travail !",1,1,1,FALSE,NA,9,5,59.4595938147977,FALSE,12.58104293118231,FALSE,FALSE,TRUE,14,49.65231476351619,1,FALSE,2026-10-02,choice_set_1,TRUE,FALSE,NA
synth0003,sete,5,fwy0vdmjqmnem8gvilbss-rjjjf3x4ro,O,FALSE,1,80,10,36,58,0,0,4,4244,3960.9189999103546,Homme,54,Non étudiant,J'habite en couple,0,3,2,1,0,"la localisation de l'hotel est l'un des éléments les plus importants pour moi lors de la réservation d'un hotel. Sont également importants la propreté de l'établissement, la possibilité d'avoir un petit déjeuner complet inclus dans le prix de la réservation; le libre accès à l'hôtel à tout horaire de la journée ainsi que le standing de l'hôtel (convivial, service premium, options spa)",Pour 2 personnes un endroit non loin de la mer et cosy,logement recommandé,je n'ai pas fait attention,"RAS tout était parfait, bravo pour le travail !",1,1,1,FALSE,NA,9,5,59.4595938147977,FALSE,12.58104293118231,FALSE,TRUE,TRUE,2,89.05443182797171,2,FALSE,2026-10-02,choice_set_1,TRUE,FALSE,NA
synth0003,sete,5,q6cj87u,O,FALSE,1,80,10,36,58,0,0,4,4244,3960.9189999103546,Homme,54,Non étudiant,J'habite en couple,0,3,2,1,0,"la localisation de l'hotel est l'un des éléments les plus importants pour moi lors de la réservation d'un hotel. Sont également importants la propreté de l'établissement, la possibilité d'avoir un petit déjeuner complet inclus dans le prix de la réservation; le libre accès à l'hôtel à tout horaire de la journée ainsi que le standing de l'hôtel (convivial, service premium, options spa)",Pour 2 personnes un endroit non loin de la mer et cosy,logement recommandé,je n'ai pas fait attention,"RAS tout était parfait, bravo pour le travail !",1,1,1,FALSE,NA,9,5,59.4595938147977,FALSE,12.58104293118231,FALSE,FALSE,TRUE,4,NA,2,FALSE,2026-10-02,choice_set_1,FALSE,FALSE,NA
synth0003,sete,5,hrs3hmi,O,FALSE,1,80,10,36,58,0,0,4,4244,3960.9189999103546,Homme,54,Non étudiant,J'habite en couple,0,3,2,1,0,"la localisation de l'hotel est l'un des éléments les plus importants pour moi lors de la réservation d'un hotel. Sont également importants la propreté de l'établissement, la possibilité d'avoir un petit déjeuner complet inclus dans le prix de la réservation; le libre accès à l'hôtel à tout horaire de la journée ainsi que le standing de l'hôtel (convivial, service premium, options spa)",Pour 2 personnes un endroit non loin de la mer et cosy,logement recommandé,je n'ai pas fait attention,"RAS tout était parfait, bravo pour le travail !",1,1,1,FALSE,NA,9,5,59.4595938147977,FALSE,12.58104293118231,FALSE,FALSE,TRUE,5,NA,2,FALSE,2026-10-02,choice_set_1,FALSE,FALSE,NA
synth0003,sete,5,va5hbwevps50d83m5aj6i3quitujz09z7wet8pz6d,O,FALSE,1,80,10,36,58,0,0,4,4244,3960.9189999103546,Homme,54,Non étudiant,J'habite en couple,0,3,2,1,0,"la localisation de l'hotel est l'un des éléments les plus importants pour moi lors de la réservation d'un hotel. Sont également importants la propreté de l'établissement, la possibilité d'avoir un petit déjeuner complet inclus dans le prix de la réservation; le libre accès à l'hôtel à tout horaire de la journée ainsi que le standing de l'hôtel (convivial, service premium, options spa)",Pour 2 personnes un endroit non loin de la mer et cosy,logement recommandé,je n'ai pas fait attention,"RAS tout était parfait, bravo pour le travail !",1,1,1,FALSE,NA,9,5,59.4595938147977,FALSE,12.58104293118231,FALSE,FALSE,FALSE,0,NA,3,FALSE,2026-10-02,choice_set_1,FALSE,FALSE,NA
synth0003,sete,5,-g2ek118ply479d6-n8jjcwzrr-gjaslztzb9o0t,O,FALSE,1,80,10,36,58,0,0,4,4244,3960.9189999103546,Homme,54,Non étudiant,J'habite en couple,0,3,2,1,0,"la localisation de l'hotel est l'un des éléments les plus importants pour moi lors de la réservation d'un hotel. Sont également importants la propreté de l'établissement, la possibilité d'avoir un petit déjeuner complet inclus dans le prix de la réservation; le libre accès à l'hôtel à tout horaire de la journée ainsi que le standing de l'hôtel (convivial, service premium, options spa)",Pour 2 personnes un endroit non loin de la mer et cosy,logement recommandé,je n'ai pas fait attention,"RAS tout était parfait, bravo pour le travail !",1,1,1,FALSE,NA,9,5,59.4595938147977,FALSE,12.58104293118231,FALSE,FALSE,FALSE,0,NA,1,FALSE,2026-10-02,choice_set_1,FALSE,FALSE,NA
synth0003,sete,5,eox7k8ubm-c9w369op9qj9h1g2pzis8eocownyuiys4l65zj96,O,FALSE,1,80,10,36,58,0,0,4,4244,3960.9189999103546,Homme,54,Non étudiant,J'habite en couple,0,3,2,1,0,"la localisation de l'hotel est l'un des éléments les plus importants pour moi lors de la réservation d'un hotel. Sont également importants la propreté de l'établissement, la possibilité d'avoir un petit déjeuner complet inclus dans le prix de la réservation; le libre accès à l'hôtel à tout horaire de la journée ainsi que le standing de l'hôtel (convivial, service premium, options spa)",Pour 2 personnes un endroit non loin de la mer et cosy,logement recommandé,je n'ai pas fait attention,"RAS tout était parfait, bravo pour le travail !",1,1,1,FALSE,NA,9,5,59.4595938147977,FALSE,12.58104293118231,FALSE,FALSE,FALSE,0,NA,3,FALSE,2026-10-02,choice_set_1,FALSE,FALSE,NA
synth0003,sete,5,wuw6batz39l0qxfvttuix703fmueom4ojhb956cb7j-xlnf8zog90a,O,FALSE,1,80,10,36,58,0,0,4,4244,3960.9189999103546,Homme,54,Non étudiant,J'habite en couple,0,3,2,1,0,"la localisation de l'hotel est l'un des éléments les plus importants pour moi lors de la réservation d'un hotel. Sont également importants la propreté de l'établissement, la possibilité d'avoir un petit déjeuner complet inclus dans le prix de la réservation; le libre accès à l'hôtel à tout horaire de la journée ainsi que le standing de l'hôtel (convivial, service premium, options spa)",Pour 2 personnes un endroit non loin de la mer et cosy,logement recommandé,je n'ai pas fait attention,"RAS tout était parfait, bravo pour le travail !",1,1,1,FALSE,NA,9,5,59.4595938147977,FALSE,12.58104293118231,FALSE,FALSE,FALSE,0,NA,3,FALSE,2026-10-02,choice_set_1,TRUE,FALSE,NA
synth0003,sete,5,m89ppa9kuqwf,O,FALSE,1,80,10,36,58,0,0,4,4244,3960.9189999103546,Homme,54,Non étudiant,J'habite en couple,0,3,2,1,0,"la localisation de l'hotel est l'un des éléments les plus importants pour moi lors de la réservation d'un hotel. Sont également importants la propreté de l'établissement, la possibilité d'avoir un petit déjeuner complet inclus dans le prix de la réservation; le libre accès à l'hôtel à tout horaire de la journée ainsi que le standing de l'hôtel (convivial, service premium, options spa)",Pour 2 personnes un endroit non loin de la mer et cosy,logement recommandé,je n'ai pas fait attention,"RAS tout était parfait, bravo pour le travail !",1,1,1,FALSE,NA,9,5,59.4595938147977,FALSE,12.58104293118231,FALSE,FALSE,FALSE,0,NA,1,FALSE,2026-10-02,choice_set_1,FALSE,FALSE,NA
synth0003,sete,6,jumyjmf8min7dozqlibktsg6vikun7sw8sy-5jaxz1n,O,FALSE,1,80,10,36,58,0,0,4,4244,3960.9189999103546,Homme,54,Non étudiant,J'habite en couple,0,3,2,1,0,"la localisation de l'hotel est l'un des éléments les plus importants pour moi lors de la réservation d'un hotel. Sont également importants la propreté de l'établissement, la possibilité d'avoir un petit déjeuner complet inclus dans le prix de la réservation; le libre accès à l'hôtel à tout horaire de la journée ainsi que le standing de l'hôtel (convivial, service premium, options spa)",Pour 2 personnes un endroit non loin de la mer et cosy,logement recommandé,je n'ai pas fait attention,"RAS tout était parfait, bravo pour le travail !",1,1,1,FALSE,NA,9,3,331.5974791930057,FALSE,170.53091551410034,FALSE,FALSE,FALSE,0,NA,1,FALSE,2026-10-02,choice_set_2,FALSE,TRUE,4f21-7m-t28ckunvlxgh76bfe6xm38gtj5fb
synth0003,sete,6,m3uyd1964yg199npmz8-22hwq19pltftkq0iuw,O,FALSE,1,80,10,36,58,0,0,4,4244,3960.9189999103546,Homme,54,Non étudiant,J'habite en couple,0,3,2,1,0,"la localisation de l'hotel est l'un des éléments les plus importants pour moi lors de la réservation d'un hotel. Sont également importants la propreté de l'établissement, la possibilité d'avoir un petit déjeuner complet inclus dans le prix de la réservation; le libre accès à l'hôtel à tout horaire de la journée ainsi que le standing de l'hôtel (convivial, service premium, options spa)",Pour 2 personnes un endroit non loin de la mer et cosy,logement recommandé,je n'ai pas fait attention,"RAS tout était parfait, bravo pour le travail !",1,1,1,FALSE,NA,9,3,331.5974791930057,FALSE,170.53091551410034,FALSE,FALSE,FALSE,0,NA,3,FALSE,2026-10-02,choice_set_2,FALSE,FALSE,NA
synth0003,sete,6,1uz0vbo02lm8dyzamrm1ysxab73uituo-pl8ovrr5hg6pfsn6fcmu10-j,O,FALSE,1,80,10,36,58,0,0,4,4244,3960.9189999103546,Homme,54,Non étudiant,J'habite en couple,0,3,2,1,0,"la localisation de l'hotel est l'un des éléments les plus importants pour moi lors de la réservation d'un hotel. Sont également importants la propreté de l'établissement, la possibilité d'avoir un petit déjeuner complet inclus dans le prix de la réservation; le libre accès à l'hôtel à tout horaire de la journée ainsi que le standing de l'hôtel (convivial, service premium, options spa)",Pour 2 personnes un endroit non loin de la mer et cosy,logement recommandé,je n'ai pas fait attention,"RAS tout était parfait, bravo pour le travail !",1,1,1,FALSE,NA,9,3,331.5974791930057,FALSE,170.53091551410034,FALSE,FALSE,FALSE,0,NA,3,FALSE,2026-10-02,choice_set_2,FALSE,FALSE,NA
synth0003,sete,6,75kvijkm3e,O,FALSE,1,80,10,36,58,0,0,4,4244,3960.9189999103546,Homme,54,Non étudiant,J'habite en couple,0,3,2,1,0,"la localisation de l'hotel est l'un des éléments les plus importants pour moi lors de la réservation d'un hotel. Sont également importants la propreté de l'établissement, la possibilité d'avoir un petit déjeuner complet inclus dans le prix de la réservation; le libre accès à l'hôtel à tout horaire de la journée ainsi que le standing de l'hôtel (convivial, service premium, options spa)",Pour 2 personnes un endroit non loin de la mer et cosy,logement recommandé,je n'ai pas fait attention,"RAS tout était parfait, bravo pour le travail !",1,1,1,FALSE,NA,9,3,331.5974791930057,FALSE,170.53091551410034,FALSE,FALSE,FALSE,0,NA,3,FALSE,2026-10-02,choice_set_2,TRUE,TRUE,3eh5-s2msqjta7rc-ws55ho4xwx
synth0003,sete,6,smjfwxa0qqgqodq,O,FALSE,1,80,10,36,58,0,0,4,4244,3960.9189999103546,Homme,54,Non étudiant,J'habite en couple,0,3,2,1,0,"la localisation de l'hotel est l'un des éléments les plus importants pour moi lors de la réservation d'un hotel. Sont également importants la propreté de l'établissement, la possibilité d'avoir un petit déjeuner complet inclus dans le prix de la réservation; le libre accès à l'hôtel à tout horaire de la journée ainsi que le standing de l'hôtel (convivial, service premium, options spa)",Pour 2 personnes un endroit non loin de la mer et cosy,logement recommandé,je n'ai pas fait attention,"RAS tout était parfait, bravo pour le travail !",1,1,1,FALSE,NA,9,3,331.5974791930057,FALSE,170.53091551410034,FALSE,FALSE,FALSE,0,NA,2,FALSE,2026-10-02,choice_set_2,TRUE,FALSE,NA
synth0003,sete,6,swr4md,O,FALSE,1,80,10,36,58,0,0,4,4244,3960.9189999103546,Homme,54,Non étudiant,J'habite en couple,0,3,2,1,0,"la localisation de l'hotel est l'un des éléments les plus importants pour moi lors de la réservation d'un hotel. Sont également importants la propreté de l'établissement, la possibilité d'avoir un petit déjeuner complet inclus dans le prix de la réservation; le libre accès à l'hôtel à tout horaire de la journée ainsi que le standing de l'hôtel (convivial, service premium, options spa)",Pour 2 personnes un endroit non loin de la mer et cosy,logement recommandé,je n'ai pas fait attention,"RAS tout était parfait, bravo pour le travail !",1,1,1,FALSE,NA,9,3,331.5974791930057,FALSE,170.53091551410034,FALSE,FALSE,TRUE,4,69.86273718997836,1,FALSE,2026-10-02,choice_set_2,FALSE,FALSE,NA
synth0003,sete,6,setk4qpg1kitxlnphko421xp6ctqxkjijzbyo5rtuxni,O,FALSE,1,80,10,36,58,0,0,4,4244,3960.9189999103546,Homme,54,Non étudiant,J'habite en couple,0,3,2,1,0,"la localisation de l'hotel est l'un des éléments les plus importants pour moi lors de la réservation d'un hotel. Sont également importants la propreté de l'établissement, la possibilité d'avoir un petit déjeuner complet inclus dans le prix de la réservation; le libre accès à l'hôtel à tout horaire de la journée ainsi que le standing de l'hôtel (convivial, service premium, options spa)",Pour 2 personnes un endroit non loin de la mer et cosy,logement recommandé,je n'ai pas fait attention,"RAS tout était parfait, bravo pour le travail !",1,1,1,FALSE,NA,9,3,331.5974791930057,FALSE,170.53091551410034,FALSE,TRUE,TRUE,10,179.35214263037778,2,FALSE,2026-10-02,choice_set_2,FALSE,FALSE,NA
synth0003,sete,6,qil98gre0fyhakgcxdd5hz84w64rgulmjmhpx52-oh3m-ukzf-a1h,O,FALSE,1,80,10,36,58,0,0,4,4244,3960.9189999103546,Homme,54,Non étudiant,J'habite en couple,0,3,2,1,0,"la localisation de l'hotel est l'un des éléments les plus importants pour moi lors de la réservation d'un hotel. Sont également importants la propreté de l'établissement, la possibilité d'avoir un petit déjeuner complet inclus dans le prix de la réservation; le libre accès à l'hôtel à tout horaire de la journée ainsi que le standing de l'hôtel (convivial, service premium, options spa)",Pour 2 personnes un endroit non loin de la mer et cosy,logement recommandé,je n'ai pas fait attention,"RAS tout était parfait, bravo pour le travail !",1,1,1,FALSE,NA,9,3,331.5974791930057,FALSE,170.53091551410034,FALSE,FALSE,FALSE,0,NA,2,FALSE,2026-10-02,choice_set_2,FALSE,FALSE,NA
synth0003,sete,6,ua8uyqkwe5phrgromcv41odwna1ef2ukmf24rs00qd,O,FALSE,1,80,10,36,58,0,0,4,4244,3960.9189999103546,Homme,54,Non étudiant,J'habite en couple,0,3,2,1,0,"la localisation de l'hotel est l'un des éléments les plus importants pour moi lors de la réservation d'un hotel. Sont également importants la propreté de l'établissement, la possibilité d'avoir un petit déjeuner complet inclus dans le prix de la réservation; le libre accès à l'hôtel à tout horaire de la journée ainsi que le standing de l'hôtel (convivial, service premium, options spa)",Pour 2 personnes un endroit non loin de la mer et cosy,logement recommandé,je n'ai pas fait attention,"RAS tout était parfait, bravo pour le travail !",1,1,1,FALSE,NA,9,3,331.5974791930057,FALSE,170.53091551410034,FALSE,FALSE,TRUE,6,NA,1,FALSE,2026-10-02,choice_set_2,TRUE,FALSE,NA
synth0003,sete,7,0nnr8wwjbpce9ho4dbje2r3jv19ffhz3mxmqca,O,FALSE,1,80,10,36,58,0,0,4,4244,3960.9189999103546,Homme,54,Non étudiant,J'habite en couple,0,3,2,1,0,"la localisation de l'hotel est l'un des éléments les plus importants pour moi lors de la réservation d'un hotel. Sont également importants la propreté de l'établissement, la possibilité d'avoir un petit déjeuner complet inclus dans le prix de la réservation; le libre accès à l'hôtel à tout horaire de la journée ainsi que le standing de l'hôtel (convivial, service premium, options spa)",Pour 2 personnes un endroit non loin de la mer et cosy,logement recommandé,je n'ai pas fait attention,"RAS tout était parfait, bravo pour le travail !",1,1,1,FALSE,NA,9,9,36.63783500529826,FALSE,35.33560422388837,FALSE,FALSE,FALSE,0,NA,1,FALSE,2026-11-13,choice_set_3,FALSE,FALSE,NA
synth0003,sete,7,vijo-ofm0qdxipajzcgbk8dytg7no9e7t8iayj80286dq24w,O,FALSE,1,80,10,36,58,0,0,4,4244,3960.9189999103546,Homme,54,Non étudiant,J'habite en couple,0,3,2,1,0,"la localisation de l'hotel est l'un des éléments les plus importants pour moi lors de la réservation d'un hotel. Sont également importants la propreté de l'établissement, la possibilité d'avoir un petit déjeuner complet inclus dans le prix de la réservation; le libre accès à l'hôtel à tout horaire de la journée ainsi que le standing de l'hôtel (convivial, service premium, options spa)",Pour 2 personnes un endroit non loin de la mer et cosy,logement recommandé,je n'ai pas fait attention,"RAS tout était parfait, bravo pour le travail !",1,1,1,FALSE,NA,9,9,36.63783500529826,FALSE,35.33560422388837,FALSE,FALSE,FALSE,0,NA,2,FALSE,2026-11-13,choice_set_3,FALSE,FALSE,NA
synth0003,sete,7,1ukiv4w9s5hep40faxivw7d4ou30hv53,O,FALSE,1,80,10,36,58,0,0,4,4244,3960.9189999103546,Homme,54,Non étudiant,J'habite en couple,0,3,2,1,0,"la localisation de l'hotel est l'un des éléments les plus importants pour moi lors de la réservation d'un hotel. Sont également importants la propreté de l'établissement, la possibilité d'avoir un petit déjeuner complet inclus dans le prix de la réservation; le libre accès à l'hôtel à tout horaire de la journée ainsi que le standing de l'hôtel (convivial, service premium, options spa)",Pour 2 personnes un endroit non loin de la mer et cosy,logement recommandé,je n'ai pas fait attention,"RAS tout était parfait, bravo pour le travail !",1,1,1,FALSE,NA,9,9,36.63783500529826,FALSE,35.33560422388837,FALSE,FALSE,FALSE,0,NA,1,FALSE,2026-11-13,choice_set_3,FALSE,FALSE,NA
synth0003,sete,7,pirb3d78rhs1r3jc2b03azznndo0bvt7exxktzcnmim3645wlpwe-80k5c3l,O,FALSE,1,80,10,36,58,0,0,4,4244,3960.9189999103546,Homme,54,Non étudiant,J'habite en couple,0,3,2,1,0,"la localisation de l'hotel est l'un des éléments les plus importants pour moi lors de la réservation d'un hotel. Sont également importants la propreté de l'établissement, la possibilité d'avoir un petit déjeuner complet inclus dans le prix de la réservation; le libre accès à l'hôtel à tout horaire de la journée ainsi que le standing de l'hôtel (convivial, service premium, options spa)",Pour 2 personnes un endroit non loin de la mer et cosy,logement recommandé,je n'ai pas fait attention,"RAS tout était parfait, bravo pour le travail !",1,1,1,FALSE,NA,9,9,36.63783500529826,FALSE,35.33560422388837,FALSE,FALSE,FALSE,0,NA,2,FALSE,2026-11-13,choice_set_3,TRUE,FALSE,NA
synth0003,sete,7,uli-origbzuokutfj0j98wdavw,O,FALSE,1,80,10,36,58,0,0,4,4244,3960.9189999103546,Homme,54,Non étudiant,J'habite en couple,0,3,2,1,0,"la localisation de l'hotel est l'un des éléments les plus importants pour moi lors de la réservation d'un hotel. Sont également importants la propreté de l'établissement, la possibilité d'avoir un petit déjeuner complet inclus dans le prix de la réservation; le libre accès à l'hôtel à tout horaire de la journée ainsi que le standing de l'hôtel (convivial, service premium, options spa)",Pour 2 personnes un endroit non loin de la mer et cosy,logement recommandé,je n'ai pas fait attention,"RAS tout était parfait, bravo pour le travail !",1,1,1,FALSE,NA,9,9,36.63783500529826,FALSE,35.33560422388837,FALSE,FALSE,TRUE,8,NA,2,FALSE,2026-11-13,choice_set_3,FALSE,FALSE,NA
synth0003,sete,7,f0vi8zhwtxfw2,O,FALSE,1,80,10,36,58,0,0,4,4244,3960.9189999103546,Homme,54,Non étudiant,J'habite en couple,0,3,2,1,0,"la localisation de l'hotel est l'un des éléments les plus importants pour moi lors de la réservation d'un hotel. Sont également importants la propreté de l'établissement, la possibilité d'avoir un petit déjeuner complet inclus dans le prix de la réservation; le libre accès à l'hôtel à tout horaire de la journée ainsi que le standing de l'hôtel (convivial, service premium, options spa)",Pour 2 personnes un endroit non loin de la mer et cosy,logement recommandé,je n'ai pas fait attention,"RAS tout était parfait, bravo pour le travail !",1,1,1,FALSE,NA,9,9,36.63783500529826,FALSE,35.33560422388837,FALSE,FALSE,FALSE,0,NA,3,FALSE,2026-11-13,choice_set_3,FALSE,FALSE,NA
synth0003,sete,7,hxqdgz2izh4gt6d-3o6,O,FALSE,1,80,10,36,58,0,0,4,4244,3960.9189999103546,Homme,54,Non étudiant,J'habite en couple,0,3,2,1,0,"la localisation de l'hotel est l'un des éléments les plus importants pour moi lors de la réservation d'un hotel. Sont également importants la propreté de l'établissement, la possibilité d'avoir un petit déjeuner complet inclus dans le prix de la réservation; le libre accès à l'hôtel à tout horaire de la journée ainsi que le standing de l'hôtel (convivial, service premium, options spa)",Pour 2 personnes un endroit non loin de la mer et cosy,logement recommandé,je n'ai pas fait attention,"RAS tout était parfait, bravo pour le travail !",1,1,1,FALSE,NA,9,9,36.63783500529826,FALSE,35.33560422388837,FALSE,FALSE,FALSE,0,NA,1,FALSE,2026-11-13,choice_set_3,TRUE,FALSE,NA
synth0003,sete,7,ntq9vd3f8i-zaxf27-hilacivugox3asx,O,FALSE,1,80,10,36,58,0,0,4,4244,3960.9189999103546,Homme,54,Non étudiant,J'habite en couple,0,3,2,1,0,"la localisation de l'hotel est l'un des éléments les plus importants pour moi lors de la réservation d'un hotel. Sont également importants la propreté de l'établissement, la possibilité d'avoir un petit déjeuner complet inclus dans le prix de la réservation; le libre accès à l'hôtel à tout horaire de la journée ainsi que le standing de l'hôtel (convivial, service premium, options spa)",Pour 2 personnes un endroit non loin de la mer et cosy,logement recommandé,je n'ai pas fait attention,"RAS tout était parfait, bravo pour le travail !",1,1,1,FALSE,NA,9,9,36.63783500529826,FALSE,35.33560422388837,FALSE,TRUE,TRUE,3,57.16825190465897,3,FALSE,2026-11-13,choice_set_3,TRUE,FALSE,NA
synth0003,sete,7,7er8iw-8eg5il1zo9o47f1f9-vsyrt1-vkb5a6b28xf,O,FALSE,1,80,10,36,58,0,0,4,4244,3960.9189999103546,Homme,54,Non étudiant,J'habite en couple,0,3,2,1,0,"la localisation de l'hotel est l'un des éléments les plus importants pour moi lors de la réservation d'un hotel. Sont également importants la propreté de l'établissement, la possibilité d'avoir un petit déjeuner complet inclus dans le prix de la réservation; le libre accès à l'hôtel à tout horaire de la journée ainsi que le standing de l'hôtel (convivial, service premium, options spa)",Pour 2 personnes un endroit non loin de la mer et cosy,logement recommandé,je n'ai pas fait attention,"RAS tout était parfait, bravo pour le travail !",1,1,1,FALSE,NA,9,9,36.63783500529826,FALSE,35.33560422388837,FALSE,FALSE,FALSE,0,NA,3,FALSE,2026-11-13,choice_set_3,FALSE,FALSE,NA
synth0003,sete,8,fu9qi97,O,FALSE,1,80,10,36,58,0,0,4,4244,3960.9189999103546,Homme,54,Non étudiant,J'habite en couple,0,3,2,1,0,"la localisation de l'hotel est l'un des éléments les plus importants pour moi lors de la réservation d'un hotel. Sont également importants la propreté de l'établissement, la possibilité d'avoir un petit déjeuner complet inclus dans le prix de la réservation; le libre accès à l'hôtel à tout horaire de la journée ainsi que le standing de l'hôtel (convivial, service premium, options spa)",Pour 2 personnes un endroit non loin de la mer et cosy,logement recommandé,je n'ai pas fait attention,"RAS tout était parfait, bravo pour le travail !",1,1,1,FALSE,NA,9,4,309.1286457295064,FALSE,95.05236942740157,TRUE,FALSE,FALSE,0,NA,2,TRUE,2026-10-30,choice_set_4,FALSE,FALSE,NA
synth0003,sete,8,gzrvja62abeq77rt8ko8s0d5,O,FALSE,1,80,10,36,58,0,0,4,4244,3960.9189999103546,Homme,54,Non étudiant,J'habite en couple,0,3,2,1,0,"la localisation de l'hotel est l'un des éléments les plus importants pour moi lors de la réservation d'un hotel. Sont également importants la propreté de l'établissement, la possibilité d'avoir un petit déjeuner complet inclus dans le prix de la réservation; le libre accès à l'hôtel à tout horaire de la journée ainsi que le standing de l'hôtel (convivial, service premium, options spa)",Pour 2 personnes un endroit non loin de la mer et cosy,logement recommandé,je n'ai pas fait attention,"RAS tout était parfait, bravo pour le travail !",1,1,1,FALSE,NA,9,4,309.1286457295064,FALSE,95.05236942740157,TRUE,FALSE,FALSE,0,NA,1,FALSE,2026-10-30,choice_set_4,FALSE,FALSE,NA
synth0003,sete,8,zbq-zk-9b7ulxq36ctrbhkh8agw6c30gwyidyknnvoydwlji,O,FALSE,1,80,10,36,58,0,0,4,4244,3960.9189999103546,Homme,54,Non étudiant,J'habite en couple,0,3,2,1,0,"la localisation de l'hotel est l'un des éléments les plus importants pour moi lors de la réservation d'un hotel. Sont également importants la propreté de l'établissement, la possibilité d'avoir un petit déjeuner complet inclus dans le prix de la réservation; le libre accès à l'hôtel à tout horaire de la journée ainsi que le standing de l'hôtel (convivial, service premium, options spa)",Pour 2 personnes un endroit non loin de la mer et cosy,logement recommandé,je n'ai pas fait attention,"RAS tout était parfait, bravo pour le travail !",1,1,1,FALSE,NA,9,4,309.1286457295064,FALSE,95.05236942740157,TRUE,FALSE,FALSE,0,NA,2,FALSE,2026-10-30,choice_set_4,TRUE,FALSE,NA
synth0003,sete,8,2u1dsyzajh4tylb45n,O,FALSE,1,80,10,36,58,0,0,4,4244,3960.9189999103546,Homme,54,Non étudiant,J'habite en couple,0,3,2,1,0,"la localisation de l'hotel est l'un des éléments les plus importants pour moi lors de la réservation d'un hotel. Sont également importants la propreté de l'établissement, la possibilité d'avoir un petit déjeuner complet inclus dans le prix de la réservation; le libre accès à l'hôtel à tout horaire de la journée ainsi que le standing de l'hôtel (convivial, service premium, options spa)",Pour 2 personnes un endroit non loin de la mer et cosy,logement recommandé,je n'ai pas fait attention,"RAS tout était parfait, bravo pour le travail !",1,1,1,FALSE,NA,9,4,309.1286457295064,FALSE,95.05236942740157,TRUE,FALSE,FALSE,0,NA,3,FALSE,2026-10-30,choice_set_4,FALSE,FALSE,NA
synth0003,sete,8,oyw7bfd-a41sgbivn1ns0xncx8ew,O,FALSE,1,80,10,36,58,0,0,4,4244,3960.9189999103546,Homme,54,Non étudiant,J'habite en couple,0,3,2,1,0,"la localisation de l'hotel est l'un des éléments les plus importants pour moi lors de la réservation d'un hotel. Sont également importants la propreté de l'établissement, la possibilité d'avoir un petit déjeuner complet inclus dans le prix de la réservation; le libre accès à l'hôtel à tout horaire de la journée ainsi que le standing de l'hôtel (convivial, service premium, options spa)",Pour 2 personnes un endroit non loin de la mer et cosy,logement recommandé,je n'ai pas fait attention,"RAS tout était parfait, bravo pour le travail !",1,1,1,FALSE,NA,9,4,309.1286457295064,FALSE,95.05236942740157,TRUE,TRUE,TRUE,9,52.68057237146422,3,FALSE,2026-10-30,choice_set_4,FALSE,FALSE,NA
synth0003,sete,8,fvmpqc1qawqct56j7w9bqwsr6-v9ks6vi6ygrz88i96e70t,O,FALSE,1,80,10,36,58,0,0,4,4244,3960.9189999103546,Homme,54,Non étudiant,J'habite en couple,0,3,2,1,0,"la localisation de l'hotel est l'un des éléments les plus importants pour moi lors de la réservation d'un hotel. Sont également importants la propreté de l'établissement, la possibilité d'avoir un petit déjeuner complet inclus dans le prix de la réservation; le libre accès à l'hôtel à tout horaire de la journée ainsi que le standing de l'hôtel (convivial, service premium, options spa)",Pour 2 personnes un endroit non loin de la mer et cosy,logement recommandé,je n'ai pas fait attention,"RAS tout était parfait, bravo pour le travail !",1,1,1,FALSE,NA,9,4,309.1286457295064,FALSE,95.05236942740157,TRUE,FALSE,FALSE,0,NA,1,FALSE,2026-10-30,choice_set_4,TRUE,FALSE,NA
synth0003,sete,8,9dsw22ec1uaquuo,O,FALSE,1,80,10,36,58,0,0,4,4244,3960.9189999103546,Homme,54,Non étudiant,J'habite en couple,0,3,2,1,0,"la localisation de l'hotel est l'un des éléments les plus importants pour moi lors de la réservation d'un hotel. Sont également importants la propreté de l'établissement, la possibilité d'avoir un petit déjeuner complet inclus dans le prix de la réservation; le libre accès à l'hôtel à tout horaire de la journée ainsi que le standing de l'hôtel (convivial, service premium, options spa)",Pour 2 personnes un endroit non loin de la mer et cosy,logement recommandé,je n'ai pas fait attention,"RAS tout était parfait, bravo pour le travail !",1,1,1,FALSE,NA,9,4,309.1286457295064,FALSE,95.05236942740157,TRUE,FALSE,FALSE,0,NA,1,FALSE,2026-10-30,choice_set_4,FALSE,FALSE,NA
synth0003,sete,8,23p2-1kt1im570r4t4qfdrn6,O,FALSE,1,80,10,36,58,0,0,4,4244,3960.9189999103546,Homme,54,Non étudiant,J'habite en couple,0,3,2,1,0,"la localisation de l'hotel est l'un des éléments les plus importants pour moi lors de la réservation d'un hotel. Sont également importants la propreté de l'établissement, la possibilité d'avoir un petit déjeuner complet inclus dans le prix de la réservation; le libre accès à l'hôtel à tout horaire de la journée ainsi que le standing de l'hôtel (convivial, service premium, options spa)",Pour 2 personnes un endroit non loin de la mer et cosy,logement recommandé,je n'ai pas fait attention,"RAS tout était parfait, bravo pour le travail !",1,1,1,FALSE,NA,9,4,309.1286457295064,FALSE,95.05236942740157,TRUE,FALSE,TRUE,11,NA,2,FALSE,2026-10-30,choice_set_4,FALSE,FALSE,NA
synth0003,sete,8,kwed26cg1bv,O,FALSE,1,80,10,36,58,0,0,4,4244,3960.9189999103546,Homme,54,Non étudiant,J'habite en couple,0,3,2,1,0,"la localisation de l'hotel est l'un des éléments les plus importants pour moi lors de la réservation d'un hotel. Sont également importants la propreté de l'établissement, la possibilité d'avoir un petit déjeuner complet inclus dans le prix de la réservation; le libre accès à l'hôtel à tout horaire de la journée ainsi que le standing de l'hôtel (convivial, service premium, options spa)",Pour 2 personnes un endroit non loin de la mer et cosy,logement recommandé,je n'ai pas fait attention,"RAS tout était parfait, bravo pour le travail !",1,1,1,FALSE,NA,9,4,309.1286457295064,FALSE,95.05236942740157,TRUE,FALSE,FALSE,0,NA,3,FALSE,2026-10-30,choice_set_4,TRUE,FALSE,NA
synth0003,le-treport,9,y11pdh8-risxu7i8bf6bqzon-n6wn9cef3g7cdqrvmgmloipiwwkaychow0t,O,FALSE,1,80,10,36,58,0,0,4,4244,3960.9189999103546,Homme,54,Non étudiant,J'habite en couple,0,3,2,1,0,"la localisation de l'hotel est l'un des éléments les plus importants pour moi lors de la réservation d'un hotel. Sont également importants la propreté de l'établissement, la possibilité d'avoir un petit déjeuner complet inclus dans le prix de la réservation; le libre accès à l'hôtel à tout horaire de la journée ainsi que le standing de l'hôtel (convivial, service premium, options spa)",Pour 2 personnes un endroit non loin de la mer et cosy,logement recommandé,je n'ai pas fait attention,"RAS tout était parfait, bravo pour le travail !",1,1,1,NA,NA,9,9,148.65926920459606,FALSE,140.8851743482519,FALSE,FALSE,FALSE,0,NA,3,FALSE,2026-10-16,choice_set_1,TRUE,FALSE,NA
synth0003,le-treport,9,jc51xejbqnhfshgp9xlzb6p4a2k891g7tu8goumz28or3-nqgqq7g6r,O,FALSE,1,80,10,36,58,0,0,4,4244,3960.9189999103546,Homme,54,Non étudiant,J'habite en couple,0,3,2,1,0,"la localisation de l'hotel est l'un des éléments les plus importants pour moi lors de la réservation d'un hotel. Sont également importants la propreté de l'établissement, la possibilité d'avoir un petit déjeuner complet inclus dans le prix de la réservation; le libre accès à l'hôtel à tout horaire de la journée ainsi que le standing de l'hôtel (convivial, service premium, options spa)",Pour 2 personnes un endroit non loin de la mer et cosy,logement recommandé,je n'ai pas fait attention,"RAS tout était parfait, bravo pour le travail !",1,1,1,NA,NA,9,9,148.65926920459606,FALSE,140.8851743482519,FALSE,FALSE,FALSE,0,NA,1,FALSE,2026-10-16,choice_set_1,FALSE,FALSE,NA
synth0003,le-treport,9,0d4pkwojw6vox1qs25,O,FALSE,1,80,10,36,58,0,0,4,4244,3960.9189999103546,Homme,54,Non étudiant,J'habite en couple,0,3,2,1,0,"la localisation de l'hotel est l'un des éléments les plus importants pour moi lors de la réservation d'un hotel. Sont également importants la propreté de l'établissement, la possibilité d'avoir un petit déjeuner complet inclus dans le prix de la réservation; le libre accès à l'hôtel à tout horaire de la journée ainsi que le standing de l'hôtel (convivial, service premium, options spa)",Pour 2 personnes un endroit non loin de la mer et cosy,logement recommandé,je n'ai pas fait attention,"RAS tout était parfait, bravo pour le travail !",1,1,1,NA,NA,9,9,148.65926920459606,FALSE,140.8851743482519,FALSE,FALSE,FALSE,0,NA,1,FALSE,2026-10-16,choice_set_1,TRUE,FALSE,NA
synth0003,le-treport,9,5pq526c9mc5e6py3hufhw679kqvey-3jb2f21tlzqacaojx-smxz,O,FALSE,1,80,10,36,58,0,0,4,4244,3960.9189999103546,Homme,54,Non étudiant,J'habite en couple,0,3,2,1,0,"la localisation de l'hotel est l'un des éléments les plus importants pour moi lors de la réservation d'un hotel. Sont également importants la propreté de l'établissement, la possibilité d'avoir un petit déjeuner complet inclus dans le prix de la réservation; le libre accès à l'hôtel à tout horaire de la journée ainsi que le standing de l'hôtel (convivial, service premium, options spa)",Pour 2 personnes un endroit non loin de la mer et cosy,logement recommandé,je n'ai pas fait attention,"RAS tout était parfait, bravo pour le travail !",1,1,1,NA,NA,9,9,148.65926920459606,FALSE,140.8851743482519,FALSE,TRUE,TRUE,8,NA,3,FALSE,2026-10-16,choice_set_1,FALSE,FALSE,NA
synth0003,le-treport,9,clp72fy1l6c,O,FALSE,1,80,10,36,58,0,0,4,4244,3960.9189999103546,Homme,54,Non étudiant,J'habite en couple,0,3,2,1,0,"la localisation de l'hotel est l'un des éléments les plus importants pour moi lors de la réservation d'un hotel. Sont également importants la propreté de l'établissement, la possibilité d'avoir un petit déjeuner complet inclus dans le prix de la réservation; le libre accès à l'hôtel à tout horaire de la journée ainsi que le standing de l'hôtel (convivial, service premium, options spa)",Pour 2 personnes un endroit non loin de la mer et cosy,logement recommandé,je n'ai pas fait attention,"RAS tout était parfait, bravo pour le travail !",1,1,1,NA,NA,9,9,148.65926920459606,FALSE,140.8851743482519,FALSE,FALSE,TRUE,9,NA,2,FALSE,2026-10-16,choice_set_1,FALSE,FALSE,NA
synth0003,le-treport,9,4g3pyy-tdgt24fbz02off74v890iaua13b-a6,O,FALSE,1,80,10,36,58,0,0,4,4244,3960.9189999103546,Homme,54,Non étudiant,J'habite en couple,0,3,2,1,0,"la localisation de l'hotel est l'un des éléments les plus importants pour moi lors de la réservation d'un hotel. Sont également importants la propreté de l'établissement, la possibilité d'avoir un petit déjeuner complet inclus dans le prix de la réservation; le libre accès à l'hôtel à tout horaire de la journée ainsi que le standing de l'hôtel (convivial, service premium, options spa)",Pour 2 personnes un endroit non loin de la mer et cosy,logement recommandé,je n'ai pas fait attention,"RAS tout était parfait, bravo pour le travail !",1,1,1,NA,NA,9,9,148.65926920459606,FALSE,140.8851743482519,FALSE,FALSE,FALSE,0,NA,3,FALSE,2026-10-16,choice_set_1,FALSE,FALSE,NA
synth0003,le-treport,9,vwadyfoz0,O,FALSE,1,80,10,36,58,0,0,4,4244,3960.9189999103546,Homme,54,Non étudiant,J'habite en couple,0,3,2,1,0,"la localisation de l'hotel est l'un des éléments les plus importants pour moi lors de la réservation d'un hotel. Sont également importants la propreté de l'établissement, la possibilité d'avoir un petit déjeuner complet inclus dans le prix de la réservation; le libre accès à l'hôtel à tout horaire de la journée ainsi que le standing de l'hôtel (convivial, service premium, options spa)",Pour 2 personnes un endroit non loin de la mer et cosy,logement recommandé,je n'ai pas fait attention,"RAS tout était parfait, bravo pour le travail !",1,1,1,NA,NA,9,9,148.65926920459606,FALSE,140.8851743482519,FALSE,FALSE,FALSE,0,NA,1,FALSE,2026-10-16,choice_set_1,FALSE,FALSE,NA
synth0003,le-treport,9,j4179mrwsrh5emby07zkn93cyup2c3937tkk,O,FALSE,1,80,10,36,58,0,0,4,4244,3960.9189999103546,Homme,54,Non étudiant,J'habite en couple,0,3,2,1,0,"la localisation de l'hotel est l'un des éléments les plus importants pour moi lors de la réservation d'un hotel. Sont également importants la propreté de l'établissement, la possibilité d'avoir un petit déjeuner complet inclus dans le prix de la réservation; le libre accès à l'hôtel à tout horaire de la journée ainsi que le standing de l'hôtel (convivial, service premium, options spa)",Pour 2 personnes un endroit non loin de la mer et cosy,logement recommandé,je n'ai pas fait attention,"RAS tout était parfait, bravo pour le travail !",1,1,1,NA,NA,9,9,148.65926920459606,FALSE,140.8851743482519,FALSE,FALSE,FALSE,0,NA,2,FALSE,2026-10-16,choice_set_1,FALSE,FALSE,NA
synth0003,le-treport,9,b8eb2wtl6hv12ms9ecwxndm8gse7hy3m-klnioncsebdinx0vvih-p2m,O,FALSE,1,80,10,36,58,0,0,4,4244,3960.9189999103546,Homme,54,Non étudiant,J'habite en couple,0,3,2,1,0,"la localisation de l'hotel est l'un des éléments les plus importants pour moi lors de la réservation d'un hotel. Sont également importants la propreté de l'établissement, la possibilité d'avoir un petit déjeuner complet inclus dans le prix de la réservation; le libre accès à l'hôtel à tout horaire de la journée ainsi que le standing de l'hôtel (convivial, service premium, options spa)",Pour 2 personnes un endroit non loin de la mer et cosy,logement recommandé,je n'ai pas fait attention,"RAS tout était parfait, bravo pour le travail !",1,1,1,NA,NA,9,9,148.65926920459606,FALSE,140.8851743482519,FALSE,FALSE,TRUE,10,107.0815407752525,2,FALSE,2026-10-16,choice_set_1,TRUE,FALSE,NA
synth0003,le-treport,10,7u4u44,O,FALSE,1,80,10,36,58,0,0,4,4244,3960.9189999103546,Homme,54,Non étudiant,J'habite en couple,0,3,2,1,0,"la localisation de l'hotel est l'un des éléments les plus importants pour moi lors de la réservation d'un hotel. Sont également importants la propreté de l'établissement, la possibilité d'avoir un petit déjeuner complet inclus dans le prix de la réservation; le libre accès à l'hôtel à tout horaire de la journée ainsi que le standing de l'hôtel (convivial, service premium, options spa)",Pour 2 personnes un endroit non loin de la mer et cosy,logement recommandé,je n'ai pas fait attention,"RAS tout était parfait, bravo pour le travail !",1,1,1,NA,NA,9,8,41.90141886798665,FALSE,84.3287706959527,TRUE,TRUE,TRUE,5,NA,2,TRUE,2026-11-06,choice_set_2,FALSE,FALSE,NA
synth0003,le-treport,10,fo45hpdp-kxz665yubgmjdselma77rpqc0jzesulrw2w0k3-9y7ifsu2pf,O,FALSE,1,80,10,36,58,0,0,4,4244,3960.9189999103546,Homme,54,Non étudiant,J'habite en couple,0,3,2,1,0,"la localisation de l'hotel est l'un des éléments les plus importants pour moi lors de la réservation d'un hotel. Sont également importants la propreté de l'établissement, la possibilité d'avoir un petit déjeuner complet inclus dans le prix de la réservation; le libre accès à l'hôtel à tout horaire de la journée ainsi que le standing de l'hôtel (convivial, service premium, options spa)",Pour 2 personnes un endroit non loin de la mer et cosy,logement recommandé,je n'ai pas fait attention,"RAS tout était parfait, bravo pour le travail !",1,1,1,NA,NA,9,8,41.90141886798665,FALSE,84.3287706959527,TRUE,FALSE,FALSE,0,NA,1,FALSE,2026-11-06,choice_set_2,FALSE,FALSE,NA
synth0003,le-treport,10,m6cff81xui,O,FALSE,1,80,10,36,58,0,0,4,4244,3960.9189999103546,Homme,54,Non étudiant,J'habite en couple,0,3,2,1,0,"la localisation de l'hotel est l'un des éléments les plus importants pour moi lors de la réservation d'un hotel. Sont également importants la propreté de l'établissement, la possibilité d'avoir un petit déjeuner complet inclus dans le prix de la réservation; le libre accès à l'hôtel à tout horaire de la journée ainsi que le standing de l'hôtel (convivial, service premium, options spa)",Pour 2 personnes un endroit non loin de la mer et cosy,logement recommandé,je n'ai pas fait attention,"RAS tout était parfait, bravo pour le travail !",1,1,1,NA,NA,9,8,41.90141886798665,FALSE,84.3287706959527,TRUE,FALSE,FALSE,0,NA,3,FALSE,2026-11-06,choice_set_2,FALSE,FALSE,NA
synth0003,le-treport,10,-u1tjvf0qaityvrgvuh2iuw6pforlyjwulh65nf8i1p9qdt4,O,FALSE,1,80,10,36,58,0,0,4,4244,3960.9189999103546,Homme,54,Non étudiant,J'habite en couple,0,3,2,1,0,"la localisation de l'hotel est l'un des éléments les plus importants pour moi lors de la réservation d'un hotel. Sont également importants la propreté de l'établissement, la possibilité d'avoir un petit déjeuner complet inclus dans le prix de la réservation; le libre accès à l'hôtel à tout horaire de la journée ainsi que le standing de l'hôtel (convivial, service premium, options spa)",Pour 2 personnes un endroit non loin de la mer et cosy,logement recommandé,je n'ai pas fait attention,"RAS tout était parfait, bravo pour le travail !",1,1,1,NA,NA,9,8,41.90141886798665,FALSE,84.3287706959527,TRUE,FALSE,FALSE,0,NA,3,FALSE,2026-11-06,choice_set_2,TRUE,FALSE,NA
synth0003,le-treport,10,5qrvb59k5wsx-0vkv3y7jx616a3wh74pq3ufbnava,O,FALSE,1,80,10,36,58,0,0,4,4244,3960.9189999103546,Homme,54,Non étudiant,J'habite en couple,0,3,2,1,0,"la localisation de l'hotel est l'un des éléments les plus importants pour moi lors de la réservation d'un hotel. Sont également importants la propreté de l'établissement, la possibilité d'avoir un petit déjeuner complet inclus dans le prix de la réservation; le libre accès à l'hôtel à tout horaire de la journée ainsi que le standing de l'hôtel (convivial, service premium, options spa)",Pour 2 personnes un endroit non loin de la mer et cosy,logement recommandé,je n'ai pas fait attention,"RAS tout était parfait, bravo pour le travail !",1,1,1,NA,NA,9,8,41.90141886798665,FALSE,84.3287706959527,TRUE,FALSE,TRUE,5,32.350240907398984,1,FALSE,2026-11-06,choice_set_2,FALSE,FALSE,NA
synth0003,le-treport,10,o2s5rwc1,O,FALSE,1,80,10,36,58,0,0,4,4244,3960.9189999103546,Homme,54,Non étudiant,J'habite en couple,0,3,2,1,0,"la localisation de l'hotel est l'un des éléments les plus importants pour moi lors de la réservation d'un hotel. Sont également importants la propreté de l'établissement, la possibilité d'avoir un petit déjeuner complet inclus dans le prix de la réservation; le libre accès à l'hôtel à tout horaire de la journée ainsi que le standing de l'hôtel (convivial, service premium, options spa)",Pour 2 personnes un endroit non loin de la mer et cosy,logement recommandé,je n'ai pas fait attention,"RAS tout était parfait, bravo pour le travail !",1,1,1,NA,NA,9,8,41.90141886798665,FALSE,84.3287706959527,TRUE,FALSE,TRUE,9,54.05801705317572,2,FALSE,2026-11-06,choice_set_2,FALSE,FALSE,NA
synth0003,le-treport,10,yvz3cp1c2qoczsuzweop,O,FALSE,1,80,10,36,58,0,0,4,4244,3960.9189999103546,Homme,54,Non étudiant,J'habite en couple,0,3,2,1,0,"la localisation de l'hotel est l'un des éléments les plus importants pour moi lors de la réservation d'un hotel. Sont également importants la propreté de l'établissement, la possibilité d'avoir un petit déjeuner complet inclus dans le prix de la réservation; le libre accès à l'hôtel à tout horaire de la journée ainsi que le standing de l'hôtel (convivial, service premium, options spa)",Pour 2 personnes un endroit non loin de la mer et cosy,logement recommandé,je n'ai pas fait attention,"RAS tout était parfait, bravo pour le travail !",1,1,1,NA,NA,9,8,41.90141886798665,FALSE,84.3287706959527,TRUE,FALSE,FALSE,0,NA,3,FALSE,2026-11-06,choice_set_2,FALSE,FALSE,NA
synth0003,le-treport,10,z67g2ya2qfij0nku5zih-8wxihy,O,FALSE,1,80,10,36,58,0,0,4,4244,3960.9189999103546,Homme,54,Non étudiant,J'habite en couple,0,3,2,1,0,"la localisation de l'hotel est l'un des éléments les plus importants pour moi lors de la réservation d'un hotel. Sont également importants la propreté de l'établissement, la possibilité d'avoir un petit déjeuner complet inclus dans le prix de la réservation; le libre accès à l'hôtel à tout horaire de la journée ainsi que le standing de l'hôtel (convivial, service premium, options spa)",Pour 2 personnes un endroit non loin de la mer et cosy,logement recommandé,je n'ai pas fait attention,"RAS tout était parfait, bravo pour le travail !",1,1,1,NA,NA,9,8,41.90141886798665,FALSE,84.3287706959527,TRUE,FALSE,FALSE,0,NA,1,FALSE,2026-11-06,choice_set_2,TRUE,FALSE,NA
synth0003,le-treport,10,h3d8o0ubavm--66z7dg2pmmgrj5-qathyg5k00rsyfwy,O,FALSE,1,80,10,36,58,0,0,4,4244,3960.9189999103546,Homme,54,Non étudiant,J'habite en couple,0,3,2,1,0,"la localisation de l'hotel est l'un des éléments les plus importants pour moi lors de la réservation d'un hotel. Sont également importants la propreté de l'établissement, la possibilité d'avoir un petit déjeuner complet inclus dans le prix de la réservation; le libre accès à l'hôtel à tout horaire de la journée ainsi que le standing de l'hôtel (convivial, service premium, options spa)",Pour 2 personnes un endroit non loin de la mer et cosy,logement recommandé,je n'ai pas fait attention,"RAS tout était parfait, bravo pour le travail !",1,1,1,NA,NA,9,8,41.90141886798665,FALSE,84.3287706959527,TRUE,FALSE,FALSE,0,NA,2,FALSE,2026-11-06,choice_set_2,TRUE,FALSE,NA
synth0003,le-treport,11,tnomvnihxjzaxg2027fws0-ciyflhst1dx0rhn9ikly5whsqd6c9k,O,FALSE,1,80,10,36,58,0,0,4,4244,3960.9189999103546,Homme,54,Non étudiant,J'habite en couple,0,3,2,1,0,"la localisation de l'hotel est l'un des éléments les plus importants pour moi lors de la réservation d'un hotel. Sont également importants la propreté de l'établissement, la possibilité d'avoir un petit déjeuner complet inclus dans le prix de la réservation; le libre accès à l'hôtel à tout horaire de la journée ainsi que le standing de l'hôtel (convivial, service premium, options spa)",Pour 2 personnes un endroit non loin de la mer et cosy,logement recommandé,je n'ai pas fait attention,"RAS tout était parfait, bravo pour le travail !",1,1,1,NA,NA,9,4,187.39688746468164,FALSE,79.96385274105705,TRUE,FALSE,FALSE,0,NA,2,FALSE,2026-10-30,choice_set_3,FALSE,FALSE,NA
synth0003,le-treport,11,b9txovujwoiqyxpy72shzpja,O,FALSE,1,80,10,36,58,0,0,4,4244,3960.9189999103546,Homme,54,Non étudiant,J'habite en couple,0,3,2,1,0,"la localisation de l'hotel est l'un des éléments les plus importants pour moi lors de la réservation d'un hotel. Sont également importants la propreté de l'établissement, la possibilité d'avoir un petit déjeuner complet inclus dans le prix de la réservation; le libre accès à l'hôtel à tout horaire de la journée ainsi que le standing de l'hôtel (convivial, service premium, options spa)",Pour 2 personnes un endroit non loin de la mer et cosy,logement recommandé,je n'ai pas fait attention,"RAS tout était parfait, bravo pour le travail !",1,1,1,NA,NA,9,4,187.39688746468164,FALSE,79.96385274105705,TRUE,FALSE,TRUE,11,NA,1,FALSE,2026-10-30,choice_set_3,FALSE,FALSE,NA
synth0003,le-treport,11,begb4qb3pir9sjhg72,O,FALSE,1,80,10,36,58,0,0,4,4244,3960.9189999103546,Homme,54,Non étudiant,J'habite en couple,0,3,2,1,0,"la localisation de l'hotel est l'un des éléments les plus importants pour moi lors de la réservation d'un hotel. Sont également importants la propreté de l'établissement, la possibilité d'avoir un petit déjeuner complet inclus dans le prix de la réservation; le libre accès à l'hôtel à tout horaire de la journée ainsi que le standing de l'hôtel (convivial, service premium, options spa)",Pour 2 personnes un endroit non loin de la mer et cosy,logement recommandé,je n'ai pas fait attention,"RAS tout était parfait, bravo pour le travail !",1,1,1,NA,NA,9,4,187.39688746468164,FALSE,79.96385274105705,TRUE,FALSE,FALSE,0,NA,3,TRUE,2026-10-30,choice_set_3,TRUE,FALSE,NA
synth0003,le-treport,11,j-up8tes11czx5vghk9-1as1ldkasqd--ha66w5xivfi2i,O,FALSE,1,80,10,36,58,0,0,4,4244,3960.9189999103546,Homme,54,Non étudiant,J'habite en couple,0,3,2,1,0,"la localisation de l'hotel est l'un des éléments les plus importants pour moi lors de la réservation d'un hotel. Sont également importants la propreté de l'établissement, la possibilité d'avoir un petit déjeuner complet inclus dans le prix de la réservation; le libre accès à l'hôtel à tout horaire de la journée ainsi que le standing de l'hôtel (convivial, service premium, options spa)",Pour 2 personnes un endroit non loin de la mer et cosy,logement recommandé,je n'ai pas fait attention,"RAS tout était parfait, bravo pour le travail !",1,1,1,NA,NA,9,4,187.39688746468164,FALSE,79.96385274105705,TRUE,FALSE,FALSE,0,NA,1,FALSE,2026-10-30,choice_set_3,FALSE,FALSE,NA
synth0003,le-treport,11,3-gk88,O,FALSE,1,80,10,36,58,0,0,4,4244,3960.9189999103546,Homme,54,Non étudiant,J'habite en couple,0,3,2,1,0,"la localisation de l'hotel est l'un des éléments les plus importants pour moi lors de la réservation d'un hotel. Sont également importants la propreté de l'établissement, la possibilité d'avoir un petit déjeuner complet inclus dans le prix de la réservation; le libre accès à l'hôtel à tout horaire de la journée ainsi que le standing de l'hôtel (convivial, service premium, options spa)",Pour 2 personnes un endroit non loin de la mer et cosy,logement recommandé,je n'ai pas fait attention,"RAS tout était parfait, bravo pour le travail !",1,1,1,NA,NA,9,4,187.39688746468164,FALSE,79.96385274105705,TRUE,FALSE,FALSE,0,NA,3,FALSE,2026-10-30,choice_set_3,FALSE,FALSE,NA
synth0003,le-treport,11,e4chh2kdfo,O,FALSE,1,80,10,36,58,0,0,4,4244,3960.9189999103546,Homme,54,Non étudiant,J'habite en couple,0,3,2,1,0,"la localisation de l'hotel est l'un des éléments les plus importants pour moi lors de la réservation d'un hotel. Sont également importants la propreté de l'établissement, la possibilité d'avoir un petit déjeuner complet inclus dans le prix de la réservation; le libre accès à l'hôtel à tout horaire de la journée ainsi que le standing de l'hôtel (convivial, service premium, options spa)",Pour 2 personnes un endroit non loin de la mer et cosy,logement recommandé,je n'ai pas fait attention,"RAS tout était parfait, bravo pour le travail !",1,1,1,NA,NA,9,4,187.39688746468164,FALSE,79.96385274105705,TRUE,FALSE,FALSE,0,NA,3,FALSE,2026-10-30,choice_set_3,FALSE,FALSE,NA
synth0003,le-treport,11,9c-4o60p80gmb306,O,FALSE,1,80,10,36,58,0,0,4,4244,3960.9189999103546,Homme,54,Non étudiant,J'habite en couple,0,3,2,1,0,"la localisation de l'hotel est l'un des éléments les plus importants pour moi lors de la réservation d'un hotel. Sont également importants la propreté de l'établissement, la possibilité d'avoir un petit déjeuner complet inclus dans le prix de la réservation; le libre accès à l'hôtel à tout horaire de la journée ainsi que le standing de l'hôtel (convivial, service premium, options spa)",Pour 2 personnes un endroit non loin de la mer et cosy,logement recommandé,je n'ai pas fait attention,"RAS tout était parfait, bravo pour le travail !",1,1,1,NA,NA,9,4,187.39688746468164,FALSE,79.96385274105705,TRUE,TRUE,TRUE,14,NA,2,FALSE,2026-10-30,choice_set_3,FALSE,FALSE,NA
synth0003,le-treport,11,9igb4okt-prepd85f7m6ep-f9ro4dlvwywpkobrcxvysl53qdns68sr1bbi,O,FALSE,1,80,10,36,58,0,0,4,4244,3960.9189999103546,Homme,54,Non étudiant,J'habite en couple,0,3,2,1,0,"la localisation de l'hotel est l'un des éléments les plus importants pour moi lors de la réservation d'un hotel. Sont également importants la propreté de l'établissement, la possibilité d'avoir un petit déjeuner complet inclus dans le prix de la réservation; le libre accès à l'hôtel à tout horaire de la journée ainsi que le standing de l'hôtel (convivial, service premium, options spa)",Pour 2 personnes un endroit non loin de la mer et cosy,logement recommandé,je n'ai pas fait attention,"RAS tout était parfait, bravo pour le travail !",1,1,1,NA,NA,9,4,187.39688746468164,FALSE,79.96385274105705,TRUE,FALSE,TRUE,1,NA,2,FALSE,2026-10-30,choice_set_3,TRUE,FALSE,NA
synth0003,le-treport,11,86ifcvz7y6dtpogyq44ys0p6tm,O,FALSE,1,80,10,36,58,0,0,4,4244,3960.9189999103546,Homme,54,Non étudiant,J'habite en couple,0,3,2,1,0,"la localisation de l'hotel est l'un des éléments les plus importants pour moi lors de la réservation d'un hotel. Sont également importants la propreté de l'établissement, la possibilité d'avoir un petit déjeuner complet inclus dans le prix de la réservation; le libre accès à l'hôtel à tout horaire de la journée ainsi que le standing de l'hôtel (convivial, service premium, options spa)",Pour 2 personnes un endroit non loin de la mer et cosy,logement recommandé,je n'ai pas fait attention,"RAS tout était parfait, bravo pour le travail !",1,1,1,NA,NA,9,4,187.39688746468164,FALSE,79.96385274105705,TRUE,FALSE,FALSE,0,NA,1,FALSE,2026-10-30,choice_set_3,TRUE,FALSE,NA
synth0003,le-treport,12,o22jprli3ezk0mo39vca042vemob01caykaehqp4ef,O,FALSE,1,80,10,36,58,0,0,4,4244,3960.9189999103546,Homme,54,Non étudiant,J'habite en couple,0,3,2,1,0,"la localisation de l'hotel est l'un des éléments les plus importants pour moi lors de la réservation d'un hotel. Sont également importants la propreté de l'établissement, la possibilité d'avoir un petit déjeuner complet inclus dans le prix de la réservation; le libre accès à l'hôtel à tout horaire de la journée ainsi que le standing de l'hôtel (convivial, service premium, options spa)",Pour 2 personnes un endroit non loin de la mer et cosy,logement recommandé,je n'ai pas fait attention,"RAS tout était parfait, bravo pour le travail !",1,1,1,NA,NA,9,8,24.04187362617813,FALSE,199.70192315941676,TRUE,FALSE,FALSE,0,NA,2,FALSE,2026-11-27,choice_set_4,TRUE,TRUE,05by3eleulo2ca6zjum1e9uh8c4dx7ks-ala
synth0003,le-treport,12,tcwhhsldrsnh0jkhi,O,FALSE,1,80,10,36,58,0,0,4,4244,3960.9189999103546,Homme,54,Non étudiant,J'habite en couple,0,3,2,1,0,"la localisation de l'hotel est l'un des éléments les plus importants pour moi lors de la réservation d'un hotel. Sont également importants la propreté de l'établissement, la possibilité d'avoir un petit déjeuner complet inclus dans le prix de la réservation; le libre accès à l'hôtel à tout horaire de la journée ainsi que le standing de l'hôtel (convivial, service premium, options spa)",Pour 2 personnes un endroit non loin de la mer et cosy,logement recommandé,je n'ai pas fait attention,"RAS tout était parfait, bravo pour le travail !",1,1,1,NA,NA,9,8,24.04187362617813,FALSE,199.70192315941676,TRUE,FALSE,FALSE,0,NA,2,FALSE,2026-11-27,choice_set_4,FALSE,FALSE,NA
synth0003,le-treport,12,xtpvt0zyhk9gx4c-bzprly5,O,FALSE,1,80,10,36,58,0,0,4,4244,3960.9189999103546,Homme,54,Non étudiant,J'habite en couple,0,3,2,1,0,"la localisation de l'hotel est l'un des éléments les plus importants pour moi lors de la réservation d'un hotel. Sont également importants la propreté de l'établissement, la possibilité d'avoir un petit déjeuner complet inclus dans le prix de la réservation; le libre accès à l'hôtel à tout horaire de la journée ainsi que le standing de l'hôtel (convivial, service premium, options spa)",Pour 2 personnes un endroit non loin de la mer et cosy,logement recommandé,je n'ai pas fait attention,"RAS tout était parfait, bravo pour le travail !",1,1,1,NA,NA,9,8,24.04187362617813,FALSE,199.70192315941676,TRUE,FALSE,FALSE,0,NA,1,FALSE,2026-11-27,choice_set_4,TRUE,FALSE,NA
synth0003,le-treport,12,iq69n3b7a4ahdmuw1liadm7zocjpco3885oon5sqa1d43n4tt,O,FALSE,1,80,10,36,58,0,0,4,4244,3960.9189999103546,Homme,54,Non étudiant,J'habite en couple,0,3,2,1,0,"la localisation de l'hotel est l'un des éléments les plus importants pour moi lors de la réservation d'un hotel. Sont également importants la propreté de l'établissement, la possibilité d'avoir un petit déjeuner complet inclus dans le prix de la réservation; le libre accès à l'hôtel à tout horaire de la journée ainsi que le standing de l'hôtel (convivial, service premium, options spa)",Pour 2 personnes un endroit non loin de la mer et cosy,logement recommandé,je n'ai pas fait attention,"RAS tout était parfait, bravo pour le travail !",1,1,1,NA,NA,9,8,24.04187362617813,FALSE,199.70192315941676,TRUE,TRUE,TRUE,4,121.55264195636846,3,FALSE,2026-11-27,choice_set_4,FALSE,FALSE,NA
synth0003,le-treport,12,zzb144hqnbonsh9tvcln5s0joszt95166ebo9,O,FALSE,1,80,10,36,58,0,0,4,4244,3960.9189999103546,Homme,54,Non étudiant,J'habite en couple,0,3,2,1,0,"la localisation de l'hotel est l'un des éléments les plus importants pour moi lors de la réservation d'un hotel. Sont également importants la propreté de l'établissement, la possibilité d'avoir un petit déjeuner complet inclus dans le prix de la réservation; le libre accès à l'hôtel à tout horaire de la journée ainsi que le standing de l'hôtel (convivial, service premium, options spa)",Pour 2 personnes un endroit non loin de la mer et cosy,logement recommandé,je n'ai pas fait attention,"RAS tout était parfait, bravo pour le travail !",1,1,1,NA,NA,9,8,24.04187362617813,FALSE,199.70192315941676,TRUE,FALSE,FALSE,0,NA,3,FALSE,2026-11-27,choice_set_4,TRUE,FALSE,NA
synth0003,le-treport,12,60l3jl1rb4jfc6-fmzvlkbz1l3r2ne65o59e32kwvv,O,FALSE,1,80,10,36,58,0,0,4,4244,3960.9189999103546,Homme,54,Non étudiant,J'habite en couple,0,3,2,1,0,"la localisation de l'hotel est l'un des éléments les plus importants pour moi lors de la réservation d'un hotel. Sont également importants la propreté de l'établissement, la possibilité d'avoir un petit déjeuner complet inclus dans le prix de la réservation; le libre accès à l'hôtel à tout horaire de la journée ainsi que le standing de l'hôtel (convivial, service premium, options spa)",Pour 2 personnes un endroit non loin de la mer et cosy,logement recommandé,je n'ai pas fait attention,"RAS tout était parfait, bravo pour le travail !",1,1,1,NA,NA,9,8,24.04187362617813,FALSE,199.70192315941676,TRUE,FALSE,FALSE,0,NA,1,FALSE,2026-11-27,choice_set_4,FALSE,FALSE,NA
synth0003,le-treport,12,ny2llc,O,FALSE,1,80,10,36,58,0,0,4,4244,3960.9189999103546,Homme,54,Non étudiant,J'habite en couple,0,3,2,1,0,"la localisation de l'hotel est l'un des éléments les plus importants pour moi lors de la réservation d'un hotel. Sont également importants la propreté de l'établissement, la possibilité d'avoir un petit déjeuner complet inclus dans le prix de la réservation; le libre accès à l'hôtel à tout horaire de la journée ainsi que le standing de l'hôtel (convivial, service premium, options spa)",Pour 2 personnes un endroit non loin de la mer et cosy,logement recommandé,je n'ai pas fait attention,"RAS tout était parfait, bravo pour le travail !",1,1,1,NA,NA,9,8,24.04187362617813,FALSE,199.70192315941676,TRUE,FALSE,FALSE,0,NA,3,FALSE,2026-11-27,choice_set_4,FALSE,FALSE,NA
synth0003,le-treport,12,od1932g4d0tu6uz8bz1ejxo8opm9ldt-x2znboev78oaxalw9g-6vx,O,FALSE,1,80,10,36,58,0,0,4,4244,3960.9189999103546,Homme,54,Non étudiant,J'habite en couple,0,3,2,1,0,"la localisation de l'hotel est l'un des éléments les plus importants pour moi lors de la réservation d'un hotel. Sont également importants la propreté de l'établissement, la possibilité d'avoir un petit déjeuner complet inclus dans le prix de la réservation; le libre accès à l'hôtel à tout horaire de la journée ainsi que le standing de l'hôtel (convivial, service premium, options spa)",Pour 2 personnes un endroit non loin de la mer et cosy,logement recommandé,je n'ai pas fait attention,"RAS tout était parfait, bravo pour le travail !",1,1,1,NA,NA,9,8,24.04187362617813,FALSE,199.70192315941676,TRUE,FALSE,FALSE,0,NA,2,FALSE,2026-11-27,choice_set_4,FALSE,FALSE,NA
synth0003,le-treport,12,n2enyw82-88k6r,O,FALSE,1,80,10,36,58,0,0,4,4244,3960.9189999103546,Homme,54,Non étudiant,J'habite en couple,0,3,2,1,0,"la localisation de l'hotel est l'un des éléments les plus importants pour moi lors de la réservation d'un hotel. Sont également importants la propreté de l'établissement, la possibilité d'avoir un petit déjeuner complet inclus dans le prix de la réservation; le libre accès à l'hôtel à tout horaire de la journée ainsi que le standing de l'hôtel (convivial, service premium, options spa)",Pour 2 personnes un endroit non loin de la mer et cosy,logement recommandé,je n'ai pas fait attention,"RAS tout était parfait, bravo pour le travail !",1,1,1,NA,NA,9,8,24.04187362617813,FALSE,199.70192315941676,TRUE,FALSE,FALSE,0,NA,1,TRUE,2026-11-27,choice_set_4,FALSE,FALSE,NA
synth0004,arcachon,1,hqsyag7r,O,TRUE,0,25,5,59,80,86,0,1,3587,2330.723000049591,Femme,48,Non étudiant,J'habite seul,1,4,3,0,0,attrait de la ville proximité commerces et lieux touristiques/,"L e prix inferieur à 400e et avec le plus de services possibles (piscine, cuisine et autres)",Recommandé par le site,non,merci,0,1,0,FALSE,NA,9,9,121.65023392741568,FALSE,105.13061583577655,TRUE,FALSE,TRUE,5,104.82562535442412,3,FALSE,2026-11-27,choice_set_1,FALSE,FALSE,NA
synth0004,arcachon,1,2wu6z3f4kbbnw4,O,TRUE,0,25,5,59,80,86,0,1,3587,2330.723000049591,Femme,48,Non étudiant,J'habite seul,1,4,3,0,0,attrait de la ville proximité commerces et lieux touristiques/,"L e prix inferieur à 400e et avec le plus de services possibles (piscine, cuisine et autres)",Recommandé par le site,non,merci,0,1,0,FALSE,NA,9,9,121.65023392741568,FALSE,105.13061583577655,TRUE,FALSE,TRUE,7,87.38392621395178,2,FALSE,2026-11-27,choice_set_1,FALSE,FALSE,NA
synth0004,arcachon,1,yt445mnj7fobm91dugyg4o66q6fem-nupi3v2t1k2c49ve8-vt1pehe9,O,TRUE,0,25,5,59,80,86,0,1,3587,2330.723000049591,Femme,48,Non étudiant,J'habite seul,1,4,3,0,0,attrait de la ville proximité commerces et lieux touristiques/,"L e prix inferieur à 400e et avec le plus de services possibles (piscine, cuisine et autres)",Recommandé par le site,non,merci,0,1,0,FALSE,NA,9,9,121.65023392741568,FALSE,105.13061583577655,TRUE,FALSE,FALSE,0,NA,1,FALSE,2026-11-27,choice_set_1,FALSE,FALSE,NA
synth0004,arcachon,1,52vmwidoob183e63y1x7cgilwpfsgs0c3txjrxw0x0rgahtcrcck172i,O,TRUE,0,25,5,59,80,86,0,1,3587,2330.723000049591,Femme,48,Non étudiant,J'habite seul,1,4,3,0,0,attrait de la ville proximité commerces et lieux touristiques/,"L e prix inferieur à 400e et avec le plus de services possibles (piscine, cuisine et autres)",Recommandé par le site,non,merci,0,1,0,FALSE,NA,9,9,121.65023392741568,FALSE,105.13061583577655,TRUE,TRUE,TRUE,6,NA,1,FALSE,2026-11-27,choice_set_1,FALSE,FALSE,NA
synth0004,arcachon,1,mbt2wrn5y04g7fsewh4bqs3iz0axqj6m8jx-ss43yqbem03ww5i,O,TRUE,0,25,5,59,80,86,0,1,3587,2330.723000049591,Femme,48,Non étudiant,J'habite seul,1,4,3,0,0,attrait de la ville proximité commerces et lieux touristiques/,"L e prix inferieur à 400e et avec le plus de services possibles (piscine, cuisine et autres)",Recommandé par le site,non,merci,0,1,0,FALSE,NA,9,9,121.65023392741568,FALSE,105.13061583577655,TRUE,FALSE,FALSE,0,NA,3,FALSE,2026-11-27,choice_set_1,TRUE,FALSE,NA
synth0004,arcachon,1,q9hv41mk0cdc620,O,TRUE,0,25,5,59,80,86,0,1,3587,2330.723000049591,Femme,48,Non étudiant,J'habite seul,1,4,3,0,0,attrait de la ville proximité commerces et lieux touristiques/,"L e prix inferieur à 400e et avec le plus de services possibles (piscine, cuisine et autres)",Recommandé par le site,non,merci,0,1,0,FALSE,NA,9,9,121.65023392741568,FALSE,105.13061583577655,TRUE,FALSE,FALSE,0,NA,3,FALSE,2026-11-27,choice_set_1,FALSE,FALSE,NA
synth0004,arcachon,1,983z7ocu7a4olq6g5b5yc52ki5zsq9n-,O,TRUE,0,25,5,59,80,86,0,1,3587,2330.723000049591,Femme,48,Non étudiant,J'habite seul,1,4,3,0,0,attrait de la ville proximité commerces et lieux touristiques/,"L e prix inferieur à 400e et avec le plus de services possibles (piscine, cuisine et autres)",Recommandé par le site,non,merci,0,1,0,FALSE,NA,9,9,121.65023392741568,FALSE,105.13061583577655,TRUE,FALSE,FALSE,0,NA,1,FALSE,2026-11-27,choice_set_1,TRUE,FALSE,NA
synth0004,arcachon,1,l63gsd6pulpidan,O,TRUE,0,25,5,59,80,86,0,1,3587,2330.723000049591,Femme,48,Non étudiant,J'habite seul,1,4,3,0,0,attrait de la ville proximité commerces et lieux touristiques/,"L e prix inferieur à 400e et avec le plus de services possibles (piscine, cuisine et autres)",Recommandé par le site,non,merci,0,1,0,FALSE,NA,9,9,121.65023392741568,FALSE,105.13061583577655,TRUE,FALSE,FALSE,0,NA,2,TRUE,2026-11-27,choice_set_1,TRUE,FALSE,NA
synth0004,arcachon,1,8mt0iio-uxutv8owc8ywjmwr95hod2a3,O,TRUE,0,25,5,59,80,86,0,1,3587,2330.723000049591,Femme,48,Non étudiant,J'habite seul,1,4,3,0,0,attrait de la ville proximité commerces et lieux touristiques/,"L e prix inferieur à 400e et avec le plus de services possibles (piscine, cuisine et autres)",Recommandé par le site,non,merci,0,1,0,FALSE,NA,9,9,121.65023392741568,FALSE,105.13061583577655,TRUE,FALSE,FALSE,0,NA,2,FALSE,2026-11-27,choice_set_1,FALSE,FALSE,NA
synth0004,arcachon,2,q6pqsdvntpxddwk7ewccjknk8v2by7pjq9tht,O,TRUE,0,25,5,59,80,86,0,1,3587,2330.723000049591,Femme,48,Non étudiant,J'habite seul,1,4,3,0,0,attrait de la ville proximité commerces et lieux touristiques/,"L e prix inferieur à 400e et avec le plus de services possibles (piscine, cuisine et autres)",Recommandé par le site,non,merci,0,1,0,FALSE,NA,9,3,104.7120642887894,FALSE,164.0200526029803,FALSE,TRUE,TRUE,6,67.0049965812359,2,FALSE,2026-11-27,choice_set_2,TRUE,FALSE,NA
synth0004,arcachon,2,lzf5b5eqhhi-f5rt1c4s0tds6bozhc6nkqqaodlq,O,TRUE,0,25,5,59,80,86,0,1,3587,2330.723000049591,Femme,48,Non étudiant,J'habite seul,1,4,3,0,0,attrait de la ville proximité commerces et lieux touristiques/,"L e prix inferieur à 400e et avec le plus de services possibles (piscine, cuisine et autres)",Recommandé par le site,non,merci,0,1,0,FALSE,NA,9,3,104.7120642887894,FALSE,164.0200526029803,FALSE,FALSE,FALSE,0,NA,2,FALSE,2026-11-27,choice_set_2,FALSE,FALSE,NA
synth0004,arcachon,2,98z-1a42z10x7ylkoau0svp7vawy4dd6i353jzoil-pzoucsc0rkq,O,TRUE,0,25,5,59,80,86,0,1,3587,2330.723000049591,Femme,48,Non étudiant,J'habite seul,1,4,3,0,0,attrait de la ville proximité commerces et lieux touristiques/,"L e prix inferieur à 400e et avec le plus de services possibles (piscine, cuisine et autres)",Recommandé par le site,non,merci,0,1,0,FALSE,NA,9,3,104.7120642887894,FALSE,164.0200526029803,FALSE,FALSE,FALSE,0,NA,3,FALSE,2026-11-27,choice_set_2,FALSE,FALSE,NA
synth0004,arcachon,2,tg5x1l6l9b92a80aw,O,TRUE,0,25,5,59,80,86,0,1,3587,2330.723000049591,Femme,48,Non étudiant,J'habite seul,1,4,3,0,0,attrait de la ville proximité commerces et lieux touristiques/,"L e prix inferieur à 400e et avec le plus de services possibles (piscine, cuisine et autres)",Recommandé par le site,non,merci,0,1,0,FALSE,NA,9,3,104.7120642887894,FALSE,164.0200526029803,FALSE,FALSE,FALSE,0,NA,1,FALSE,2026-11-27,choice_set_2,TRUE,FALSE,NA
synth0004,arcachon,2,77xai0c0zxcy6hawjntg3k34p2fkabm,O,TRUE,0,25,5,59,80,86,0,1,3587,2330.723000049591,Femme,48,Non étudiant,J'habite seul,1,4,3,0,0,attrait de la ville proximité commerces et lieux touristiques/,"L e prix inferieur à 400e et avec le plus de services possibles (piscine, cuisine et autres)",Recommandé par le site,non,merci,0,1,0,FALSE,NA,9,3,104.7120642887894,FALSE,164.0200526029803,FALSE,FALSE,FALSE,0,NA,1,FALSE,2026-11-27,choice_set_2,FALSE,FALSE,NA
synth0004,arcachon,2,rmka278wum2birhein6w8frtioy0-m73qmnwpu5r73iay2ng,O,TRUE,0,25,5,59,80,86,0,1,3587,2330.723000049591,Femme,48,Non étudiant,J'habite seul,1,4,3,0,0,attrait de la ville proximité commerces et lieux touristiques/,"L e prix inferieur à 400e et avec le plus de services possibles (piscine, cuisine et autres)",Recommandé par le site,non,merci,0,1,0,FALSE,NA,9,3,104.7120642887894,FALSE,164.0200526029803,FALSE,FALSE,FALSE,0,NA,2,FALSE,2026-11-27,choice_set_2,FALSE,FALSE,NA
synth0004,arcachon,2,bnmt4esnjyjz5jddwz28dex3-6msfncy40kkfnwhika87,O,TRUE,0,25,5,59,80,86,0,1,3587,2330.723000049591,Femme,48,Non étudiant,J'habite seul,1,4,3,0,0,attrait de la ville proximité commerces et lieux touristiques/,"L e prix inferieur à 400e et avec le plus de services possibles (piscine, cuisine et autres)",Recommandé par le site,non,merci,0,1,0,FALSE,NA,9,3,104.7120642887894,FALSE,164.0200526029803,FALSE,FALSE,TRUE,2,204.03138409019448,3,FALSE,2026-11-27,choice_set_2,FALSE,FALSE,NA
synth0004,arcachon,2,c7kwfeg-wch2sp5cbcl81hzs2jjkxv90148ijg8kp2r,O,TRUE,0,25,5,59,80,86,0,1,3587,2330.723000049591,Femme,48,Non étudiant,J'habite seul,1,4,3,0,0,attrait de la ville proximité commerces et lieux touristiques/,"L e prix inferieur à 400e et avec le plus de services possibles (piscine, cuisine et autres)",Recommandé par le site,non,merci,0,1,0,FALSE,NA,9,3,104.7120642887894,FALSE,164.0200526029803,FALSE,FALSE,FALSE,0,NA,3,FALSE,2026-11-27,choice_set_2,TRUE,FALSE,NA
synth0004,arcachon,2,esjpwkef-3oblwq68ky75bumnspi,O,TRUE,0,25,5,59,80,86,0,1,3587,2330.723000049591,Femme,48,Non étudiant,J'habite seul,1,4,3,0,0,attrait de la ville proximité commerces et lieux touristiques/,"L e prix inferieur à 400e et avec le plus de services possibles (piscine, cuisine et autres)",Recommandé par le site,non,merci,0,1,0,FALSE,NA,9,3,104.7120642887894,FALSE,164.0200526029803,FALSE,FALSE,FALSE,0,NA,1,FALSE,2026-11-27,choice_set_2,FALSE,FALSE,NA
synth0004,arcachon,3,gfvghcn1p46e2k68iiptglzjafc9q17nnicb0,O,TRUE,0,25,5,59,80,86,0,1,3587,2330.723000049591,Femme,48,Non étudiant,J'habite seul,1,4,3,0,0,attrait de la ville proximité commerces et lieux touristiques/,"L e prix inferieur à 400e et avec le plus de services possibles (piscine, cuisine et autres)",Recommandé par le site,non,merci,0,1,0,FALSE,NA,9,9,3.2161788118537515,FALSE,10.916363193187863,FALSE,FALSE,FALSE,0,NA,3,FALSE,2026-11-20,choice_set_3,FALSE,FALSE,NA
synth0004,arcachon,3,fy0ercsf6g,O,TRUE,0,25,5,59,80,86,0,1,3587,2330.723000049591,Femme,48,Non étudiant,J'habite seul,1,4,3,0,0,attrait de la ville proximité commerces et lieux touristiques/,"L e prix inferieur à 400e et avec le plus de services possibles (piscine, cuisine et autres)",Recommandé par le site,non,merci,0,1,0,FALSE,NA,9,9,3.2161788118537515,FALSE,10.916363193187863,FALSE,FALSE,TRUE,12,NA,1,FALSE,2026-11-20,choice_set_3,FALSE,FALSE,NA
synth0004,arcachon,3,h-17liadpu5m66jgh-hngxzaeizlxjorlblq66qgdmghx-jp3f74yh0qp,O,TRUE,0,25,5,59,80,86,0,1,3587,2330.723000049591,Femme,48,Non étudiant,J'habite seul,1,4,3,0,0,attrait de la ville proximité commerces et lieux touristiques/,"L e prix inferieur à 400e et avec le plus de services possibles (piscine, cuisine et autres)",Recommandé par le site,non,merci,0,1,0,FALSE,NA,9,9,3.2161788118537515,FALSE,10.916363193187863,FALSE,FALSE,TRUE,5,NA,2,FALSE,2026-11-20,choice_set_3,FALSE,FALSE,NA
synth0004,arcachon,3,c4efpi7zd5awgi8yh124k,O,TRUE,0,25,5,59,80,86,0,1,3587,2330.723000049591,Femme,48,Non étudiant,J'habite seul,1,4,3,0,0,attrait de la ville proximité commerces et lieux touristiques/,"L e prix inferieur à 400e et avec le plus de services possibles (piscine, cuisine et autres)",Recommandé par le site,non,merci,0,1,0,FALSE,NA,9,9,3.2161788118537515,FALSE,10.916363193187863,FALSE,FALSE,FALSE,0,NA,1,FALSE,2026-11-20,choice_set_3,TRUE,FALSE,NA
synth0004,arcachon,3,ipo2h1tdih098brymmuiw7trmxbo2tv09cmz7,O,TRUE,0,25,5,59,80,86,0,1,3587,2330.723000049591,Femme,48,Non étudiant,J'habite seul,1,4,3,0,0,attrait de la ville proximité commerces et lieux touristiques/,"L e prix inferieur à 400e et avec le plus de services possibles (piscine, cuisine et autres)",Recommandé par le site,non,merci,0,1,0,FALSE,NA,9,9,3.2161788118537515,FALSE,10.916363193187863,FALSE,TRUE,TRUE,3,NA,3,FALSE,2026-11-20,choice_set_3,TRUE,FALSE,NA
synth0004,arcachon,3,sp6mctsy19t74n3zo2hyd-9u9qvdkdw54gseeq-yd6cxx,O,TRUE,0,25,5,59,80,86,0,1,3587,2330.723000049591,Femme,48,Non étudiant,J'habite seul,1,4,3,0,0,attrait de la ville proximité commerces et lieux touristiques/,"L e prix inferieur à 400e et avec le plus de services possibles (piscine, cuisine et autres)",Recommandé par le site,non,merci,0,1,0,FALSE,NA,9,9,3.2161788118537515,FALSE,10.916363193187863,FALSE,FALSE,FALSE,0,NA,2,FALSE,2026-11-20,choice_set_3,TRUE,FALSE,NA
synth0004,arcachon,3,zys7wt8ttqd7bd9v3z,O,TRUE,0,25,5,59,80,86,0,1,3587,2330.723000049591,Femme,48,Non étudiant,J'habite seul,1,4,3,0,0,attrait de la ville proximité commerces et lieux touristiques/,"L e prix inferieur à 400e et avec le plus de services possibles (piscine, cuisine et autres)",Recommandé par le site,non,merci,0,1,0,FALSE,NA,9,9,3.2161788118537515,FALSE,10.916363193187863,FALSE,FALSE,FALSE,0,NA,2,FALSE,2026-11-20,choice_set_3,FALSE,FALSE,NA
synth0004,arcachon,3,ya50e49i5p9ma4ffra8tjknk7nzwy4p40ouyebjic3dnqfu6j6wn,O,TRUE,0,25,5,59,80,86,0,1,3587,2330.723000049591,Femme,48,Non étudiant,J'habite seul,1,4,3,0,0,attrait de la ville proximité commerces et lieux touristiques/,"L e prix inferieur à 400e et avec le plus de services possibles (piscine, cuisine et autres)",Recommandé par le site,non,merci,0,1,0,FALSE,NA,9,9,3.2161788118537515,FALSE,10.916363193187863,FALSE,FALSE,TRUE,7,233.6861039698124,3,FALSE,2026-11-20,choice_set_3,FALSE,FALSE,NA
synth0004,arcachon,3,zsayih5vbvm1vec88-xg7oc94f,O,TRUE,0,25,5,59,80,86,0,1,3587,2330.723000049591,Femme,48,Non étudiant,J'habite seul,1,4,3,0,0,attrait de la ville proximité commerces et lieux touristiques/,"L e prix inferieur à 400e et avec le plus de services possibles (piscine, cuisine et autres)",Recommandé par le site,non,merci,0,1,0,FALSE,NA,9,9,3.2161788118537515,FALSE,10.916363193187863,FALSE,FALSE,FALSE,0,NA,1,FALSE,2026-11-20,choice_set_3,FALSE,FALSE,NA
synth0004,arcachon,4,0tbh88dixjoinbar212hk2gl19pk,O,TRUE,0,25,5,59,80,86,0,1,3587,2330.723000049591,Femme,48,Non étudiant,J'habite seul,1,4,3,0,0,attrait de la ville proximité commerces et lieux touristiques/,"L e prix inferieur à 400e et avec le plus de services possibles (piscine, cuisine et autres)",Recommandé par le site,non,merci,0,1,0,FALSE,NA,9,5,301.40407771617174,FALSE,186.69255201844499,TRUE,TRUE,TRUE,2,87.4709235096816,2,FALSE,2026-10-30,choice_set_4,FALSE,FALSE,NA
synth0004,arcachon,4,8sfrb7s1qf8a2dpmd10p-a1et1st12qcz-j,O,TRUE,0,25,5,59,80,86,0,1,3587,2330.723000049591,Femme,48,Non étudiant,J'habite seul,1,4,3,0,0,attrait de la ville proximité commerces et lieux touristiques/,"L e prix inferieur à 400e et avec le plus de services possibles (piscine, cuisine et autres)",Recommandé par le site,non,merci,0,1,0,FALSE,NA,9,5,301.40407771617174,FALSE,186.69255201844499,TRUE,FALSE,FALSE,0,NA,3,FALSE,2026-10-30,choice_set_4,FALSE,FALSE,NA
synth0004,arcachon,4,f6j90ml220w,O,TRUE,0,25,5,59,80,86,0,1,3587,2330.723000049591,Femme,48,Non étudiant,J'habite seul,1,4,3,0,0,attrait de la ville proximité commerces et lieux touristiques/,"L e prix inferieur à 400e et avec le plus de services possibles (piscine, cuisine et autres)",Recommandé par le site,non,merci,0,1,0,FALSE,NA,9,5,301.40407771617174,FALSE,186.69255201844499,TRUE,FALSE,FALSE,0,NA,1,FALSE,2026-10-30,choice_set_4,FALSE,FALSE,NA
synth0004,arcachon,4,k8i1pd-ezzbf17e3u2c9,O,TRUE,0,25,5,59,80,86,0,1,3587,2330.723000049591,Femme,48,Non étudiant,J'habite seul,1,4,3,0,0,attrait de la ville proximité commerces et lieux touristiques/,"L e prix inferieur à 400e et avec le plus de services possibles (piscine, cuisine et autres)",Recommandé par le site,non,merci,0,1,0,FALSE,NA,9,5,301.40407771617174,FALSE,186.69255201844499,TRUE,FALSE,TRUE,5,186.32378057111055,1,FALSE,2026-10-30,choice_set_4,TRUE,FALSE,NA
synth0004,arcachon,4,e9h-1x79zbjdq,O,TRUE,0,25,5,59,80,86,0,1,3587,2330.723000049591,Femme,48,Non étudiant,J'habite seul,1,4,3,0,0,attrait de la ville proximité commerces et lieux touristiques/,"L e prix inferieur à 400e et avec le plus de services possibles (piscine, cuisine et autres)",Recommandé par le site,non,merci,0,1,0,FALSE,NA,9,5,301.40407771617174,FALSE,186.69255201844499,TRUE,FALSE,FALSE,0,NA,3,FALSE,2026-10-30,choice_set_4,FALSE,FALSE,NA
synth0004,arcachon,4,1x1h5wo99oh8e98ldb6hiotyduu0cu,O,TRUE,0,25,5,59,80,86,0,1,3587,2330.723000049591,Femme,48,Non étudiant,J'habite seul,1,4,3,0,0,attrait de la ville proximité commerces et lieux touristiques/,"L e prix inferieur à 400e et avec le plus de services possibles (piscine, cuisine et autres)",Recommandé par le site,non,merci,0,1,0,FALSE,NA,9,5,301.40407771617174,FALSE,186.69255201844499,TRUE,FALSE,TRUE,7,99.75004975334741,1,TRUE,2026-10-30,choice_set_4,FALSE,FALSE,NA
synth0004,arcachon,4,0vzv1hmv25d38l5o84n9,O,TRUE,0,25,5,59,80,86,0,1,3587,2330.723000049591,Femme,48,Non étudiant,J'habite seul,1,4,3,0,0,attrait de la ville proximité commerces et lieux touristiques/,"L e prix inferieur à 400e et avec le plus de services possibles (piscine, cuisine et autres)",Recommandé par le site,non,merci,0,1,0,FALSE,NA,9,5,301.40407771617174,FALSE,186.69255201844499,TRUE,FALSE,FALSE,0,NA,2,FALSE,2026-10-30,choice_set_4,FALSE,FALSE,NA
synth0004,arcachon,4,4lp5k7ga7m5ie3orp53dps1qqk-hmj35-an5jpc7w5o341s,O,TRUE,0,25,5,59,80,86,0,1,3587,2330.723000049591,Femme,48,Non étudiant,J'habite seul,1,4,3,0,0,attrait de la ville proximité commerces et lieux touristiques/,"L e prix inferieur à 400e et avec le plus de services possibles (piscine, cuisine et autres)",Recommandé par le site,non,merci,0,1,0,FALSE,NA,9,5,301.40407771617174,FALSE,186.69255201844499,TRUE,FALSE,FALSE,0,NA,2,FALSE,2026-10-30,choice_set_4,TRUE,FALSE,NA
synth0004,arcachon,4,t700s9yswgb4fe-2b8jg5px65,O,TRUE,0,25,5,59,80,86,0,1,3587,2330.723000049591,Femme,48,Non étudiant,J'habite seul,1,4,3,0,0,attrait de la ville proximité commerces et lieux touristiques/,"L e prix inferieur à 400e et avec le plus de services possibles (piscine, cuisine et autres)",Recommandé par le site,non,merci,0,1,0,FALSE,NA,9,5,301.40407771617174,FALSE,186.69255201844499,TRUE,FALSE,FALSE,0,NA,3,FALSE,2026-10-30,choice_set_4,TRUE,FALSE,NA
synth0004,sete,5,yin9v4ls25uv5nky3mjizy9qm33rq7z1597c03z1dm2-u,O,TRUE,0,25,5,59,80,86,0,1,3587,2330.723000049591,Femme,48,Non étudiant,J'habite seul,1,4,3,0,0,attrait de la ville proximité commerces et lieux touristiques/,"L e prix inferieur à 400e et avec le plus de services possibles (piscine, cuisine et autres)",Recommandé par le site,non,merci,0,1,0,TRUE,TRUE,9,6,250.43799526337534,FALSE,34.62708705919795,FALSE,FALSE,FALSE,0,NA,2,FALSE,2026-11-27,choice_set_1,TRUE,FALSE,NA
synth0004,sete,5,sqmajdb5t-mshibhyjnxasd6tjgusew9q,O,TRUE,0,25,5,59,80,86,0,1,3587,2330.723000049591,Femme,48,Non étudiant,J'habite seul,1,4,3,0,0,attrait de la ville proximité commerces et lieux touristiques/,"L e prix inferieur à 400e et avec le plus de services possibles (piscine, cuisine et autres)",Recommandé par le site,non,merci,0,1,0,TRUE,TRUE,9,6,250.43799526337534,FALSE,34.62708705919795,FALSE,FALSE,FALSE,0,NA,3,FALSE,2026-11-27,choice_set_1,FALSE,FALSE,NA
synth0004,sete,5,r46s-umpwexvq1h8sq,O,TRUE,0,25,5,59,80,86,0,1,3587,2330.723000049591,Femme,48,Non étudiant,J'habite seul,1,4,3,0,0,attrait de la ville proximité commerces et lieux touristiques/,"L e prix inferieur à 400e et avec le plus de services possibles (piscine, cuisine et autres)",Recommandé par le site,non,merci,0,1,0,TRUE,TRUE,9,6,250.43799526337534,FALSE,34.62708705919795,FALSE,FALSE,FALSE,0,NA,2,FALSE,2026-11-27,choice_set_1,FALSE,FALSE,NA
synth0004,sete,5,iwluatlwvftvcg0fsf3u73r13g,O,TRUE,0,25,5,59,80,86,0,1,3587,2330.723000049591,Femme,48,Non étudiant,J'habite seul,1,4,3,0,0,attrait de la ville proximité commerces et lieux touristiques/,"L e prix inferieur à 400e et avec le plus de services possibles (piscine, cuisine et autres)",Recommandé par le site,non,merci,0,1,0,TRUE,TRUE,9,6,250.43799526337534,FALSE,34.62708705919795,FALSE,TRUE,TRUE,14,NA,1,FALSE,2026-11-27,choice_set_1,FALSE,FALSE,NA
synth0004,sete,5,0-a2l--7a70j6fz9asx,O,TRUE,0,25,5,59,80,86,0,1,3587,2330.723000049591,Femme,48,Non étudiant,J'habite seul,1,4,3,0,0,attrait de la ville proximité commerces et lieux touristiques/,"L e prix inferieur à 400e et avec le plus de services possibles (piscine, cuisine et autres)",Recommandé par le site,non,merci,0,1,0,TRUE,TRUE,9,6,250.43799526337534,FALSE,34.62708705919795,FALSE,FALSE,FALSE,0,NA,1,FALSE,2026-11-27,choice_set_1,TRUE,FALSE,NA
synth0004,sete,5,iwg9z31ihh9s3ianpd5dihzu736jk4qoiq08oqyet,O,TRUE,0,25,5,59,80,86,0,1,3587,2330.723000049591,Femme,48,Non étudiant,J'habite seul,1,4,3,0,0,attrait de la ville proximité commerces et lieux touristiques/,"L e prix inferieur à 400e et avec le plus de services possibles (piscine, cuisine et autres)",Recommandé par le site,non,merci,0,1,0,TRUE,TRUE,9,6,250.43799526337534,FALSE,34.62708705919795,FALSE,FALSE,FALSE,0,NA,2,FALSE,2026-11-27,choice_set_1,FALSE,FALSE,NA
synth0004,sete,5,z0z88w0qlllzxbdqsq91y1tvro6e8mpgskrmojazlvl5sw2kxc,O,TRUE,0,25,5,59,80,86,0,1,3587,2330.723000049591,Femme,48,Non étudiant,J'habite seul,1,4,3,0,0,attrait de la ville proximité commerces et lieux touristiques/,"L e prix inferieur à 400e et avec le plus de services possibles (piscine, cuisine et autres)",Recommandé par le site,non,merci,0,1,0,TRUE,TRUE,9,6,250.43799526337534,FALSE,34.62708705919795,FALSE,FALSE,FALSE,0,NA,3,FALSE,2026-11-27,choice_set_1,TRUE,FALSE,NA
synth0004,sete,5,5vulkaw-ojada95sofkiz5yclvs8u8pn,O,TRUE,0,25,5,59,80,86,0,1,3587,2330.723000049591,Femme,48,Non étudiant,J'habite seul,1,4,3,0,0,attrait de la ville proximité commerces et lieux touristiques/,"L e prix inferieur à 400e et avec le plus de services possibles (piscine, cuisine et autres)",Recommandé par le site,non,merci,0,1,0,TRUE,TRUE,9,6,250.43799526337534,FALSE,34.62708705919795,FALSE,FALSE,FALSE,0,NA,1,FALSE,2026-11-27,choice_set_1,FALSE,FALSE,NA
synth0004,sete,5,jfg70ct14a-cck3bo64wmgv6ggz6o0p3xzx6okga--wcjcqlj,O,TRUE,0,25,5,59,80,86,0,1,3587,2330.723000049591,Femme,48,Non étudiant,J'habite seul,1,4,3,0,0,attrait de la ville proximité commerces et lieux touristiques/,"L e prix inferieur à 400e et avec le plus de services possibles (piscine, cuisine et autres)",Recommandé par le site,non,merci,0,1,0,TRUE,TRUE,9,6,250.43799526337534,FALSE,34.62708705919795,FALSE,FALSE,FALSE,0,NA,3,FALSE,2026-11-27,choice_set_1,FALSE,FALSE,NA
synth0004,sete,6,v5ord9lpd9-0w5m2672-qh-v6fguf3v54y5b80hdfn9uvx9-a2wdt,O,TRUE,0,25,5,59,80,86,0,1,3587,2330.723000049591,Femme,48,Non étudiant,J'habite seul,1,4,3,0,0,attrait de la ville proximité commerces et lieux touristiques/,"L e prix inferieur à 400e et avec le plus de services possibles (piscine, cuisine et autres)",Recommandé par le site,non,merci,0,1,0,TRUE,TRUE,9,8,316.8237977302633,FALSE,191.65810028510168,FALSE,FALSE,FALSE,0,NA,2,FALSE,2026-10-09,choice_set_2,FALSE,FALSE,NA
synth0004,sete,6,yo7vo3537im1m86orwp10dkz36ttha7vlfbx,O,TRUE,0,25,5,59,80,86,0,1,3587,2330.723000049591,Femme,48,Non étudiant,J'habite seul,1,4,3,0,0,attrait de la ville proximité commerces et lieux touristiques/,"L e prix inferieur à 400e et avec le plus de services possibles (piscine, cuisine et autres)",Recommandé par le site,non,merci,0,1,0,TRUE,TRUE,9,8,316.8237977302633,FALSE,191.65810028510168,FALSE,FALSE,FALSE,0,NA,3,FALSE,2026-10-09,choice_set_2,FALSE,FALSE,NA
synth0004,sete,6,p1y9mh37m4,O,TRUE,0,25,5,59,80,86,0,1,3587,2330.723000049591,Femme,48,Non étudiant,J'habite seul,1,4,3,0,0,attrait de la ville proximité commerces et lieux touristiques/,"L e prix inferieur à 400e et avec le plus de services possibles (piscine, cuisine et autres)",Recommandé par le site,non,merci,0,1,0,TRUE,TRUE,9,8,316.8237977302633,FALSE,191.65810028510168,FALSE,TRUE,TRUE,5,NA,1,FALSE,2026-10-09,choice_set_2,FALSE,FALSE,NA
synth0004,sete,6,yw9lrzvc6s46ffdyngepfudwrwdf63jsqoas,O,TRUE,0,25,5,59,80,86,0,1,3587,2330.723000049591,Femme,48,Non étudiant,J'habite seul,1,4,3,0,0,attrait de la ville proximité commerces et lieux touristiques/,"L e prix inferieur à 400e et avec le plus de services possibles (piscine, cuisine et autres)",Recommandé par le site,non,merci,0,1,0,TRUE,TRUE,9,8,316.8237977302633,FALSE,191.65810028510168,FALSE,FALSE,FALSE,0,NA,2,FALSE,2026-10-09,choice_set_2,FALSE,FALSE,NA
synth0004,sete,6,8xkvqk1hu7x8729e1ui976nke,O,TRUE,0,25,5,59,80,86,0,1,3587,2330.723000049591,Femme,48,Non étudiant,J'habite seul,1,4,3,0,0,attrait de la ville proximité commerces et lieux touristiques/,"L e prix inferieur à 400e et avec le plus de services possibles (piscine, cuisine et autres)",Recommandé par le site,non,merci,0,1,0,TRUE,TRUE,9,8,316.8237977302633,FALSE,191.65810028510168,FALSE,FALSE,FALSE,0,NA,2,FALSE,2026-10-09,choice_set_2,TRUE,FALSE,NA
synth0004,sete,6,c028pspdmyvkgdr74k--w-2xw3xxqcwuxj,O,TRUE,0,25,5,59,80,86,0,1,3587,2330.723000049591,Femme,48,Non étudiant,J'habite seul,1,4,3,0,0,attrait de la ville proximité commerces et lieux touristiques/,"L e prix inferieur à 400e et avec le plus de services possibles (piscine, cuisine et autres)",Recommandé par le site,non,merci,0,1,0,TRUE,TRUE,9,8,316.8237977302633,FALSE,191.65810028510168,FALSE,FALSE,FALSE,0,NA,1,FALSE,2026-10-09,choice_set_2,TRUE,FALSE,NA
synth0004,sete,6,yzxrg59ny,O,TRUE,0,25,5,59,80,86,0,1,3587,2330.723000049591,Femme,48,Non étudiant,J'habite seul,1,4,3,0,0,attrait de la ville proximité commerces et lieux touristiques/,"L e prix inferieur à 400e et avec le plus de services possibles (piscine, cuisine et autres)",Recommandé par le site,non,merci,0,1,0,TRUE,TRUE,9,8,316.8237977302633,FALSE,191.65810028510168,FALSE,FALSE,FALSE,0,NA,1,FALSE,2026-10-09,choice_set_2,FALSE,FALSE,NA
synth0004,sete,6,73y490iy9-5bwqfb9-w1jzh0b53bx4axi9,O,TRUE,0,25,5,59,80,86,0,1,3587,2330.723000049591,Femme,48,Non étudiant,J'habite seul,1,4,3,0,0,attrait de la ville proximité commerces et lieux touristiques/,"L e prix inferieur à 400e et avec le plus de services possibles (piscine, cuisine et autres)",Recommandé par le site,non,merci,0,1,0,TRUE,TRUE,9,8,316.8237977302633,FALSE,191.65810028510168,FALSE,FALSE,FALSE,0,NA,3,FALSE,2026-10-09,choice_set_2,TRUE,FALSE,NA
synth0004,sete,6,ko0zga24jiyyk120qzsqj,O,TRUE,0,25,5,59,80,86,0,1,3587,2330.723000049591,Femme,48,Non étudiant,J'habite seul,1,4,3,0,0,attrait de la ville proximité commerces et lieux touristiques/,"L e prix inferieur à 400e et avec le plus de services possibles (piscine, cuisine et autres)",Recommandé par le site,non,merci,0,1,0,TRUE,TRUE,9,8,316.8237977302633,FALSE,191.65810028510168,FALSE,FALSE,FALSE,0,NA,3,FALSE,2026-10-09,choice_set_2,FALSE,FALSE,NA
synth0004,sete,7,plgvmkfm8-egdp9kdh0zctb2rsvspkiiwjzj06f7,O,TRUE,0,25,5,59,80,86,0,1,3587,2330.723000049591,Femme,48,Non étudiant,J'habite seul,1,4,3,0,0,attrait de la ville proximité commerces et lieux touristiques/,"L e prix inferieur à 400e et avec le plus de services possibles (piscine, cuisine et autres)",Recommandé par le site,non,merci,0,1,0,TRUE,TRUE,9,3,325.895957512781,FALSE,189.05533301038668,TRUE,FALSE,TRUE,11,NA,3,FALSE,2026-11-06,choice_set_3,TRUE,FALSE,NA
synth0004,sete,7,cz-51f9uaxorv99l33f9sur-d3mu9p09dddot-av,O,TRUE,0,25,5,59,80,86,0,1,3587,2330.723000049591,Femme,48,Non étudiant,J'habite seul,1,4,3,0,0,attrait de la ville proximité commerces et lieux touristiques/,"L e prix inferieur à 400e et avec le plus de services possibles (piscine, cuisine et autres)",Recommandé par le site,non,merci,0,1,0,TRUE,TRUE,9,3,325.895957512781,FALSE,189.05533301038668,TRUE,FALSE,TRUE,6,247.93133487808518,1,FALSE,2026-11-06,choice_set_3,FALSE,FALSE,NA
synth0004,sete,7,c2lmjgrocnyfiyr83-3tqnls9k3arpxgx,O,TRUE,0,25,5,59,80,86,0,1,3587,2330.723000049591,Femme,48,Non étudiant,J'habite seul,1,4,3,0,0,attrait de la ville proximité commerces et lieux touristiques/,"L e prix inferieur à 400e et avec le plus de services possibles (piscine, cuisine et autres)",Recommandé par le site,non,merci,0,1,0,TRUE,TRUE,9,3,325.895957512781,FALSE,189.05533301038668,TRUE,TRUE,TRUE,13,273.5723834601231,1,FALSE,2026-11-06,choice_set_3,TRUE,FALSE,NA
synth0004,sete,7,51t9mhseffana26qamo5zn-3uz7-rz51x7ftcg39ayc0zy,O,TRUE,0,25,5,59,80,86,0,1,3587,2330.723000049591,Femme,48,Non étudiant,J'habite seul,1,4,3,0,0,attrait de la ville proximité commerces et lieux touristiques/,"L e prix inferieur à 400e et avec le plus de services possibles (piscine, cuisine et autres)",Recommandé par le site,non,merci,0,1,0,TRUE,TRUE,9,3,325.895957512781,FALSE,189.05533301038668,TRUE,FALSE,FALSE,0,NA,3,FALSE,2026-11-06,choice_set_3,FALSE,FALSE,NA
synth0004,sete,7,z8kwwwnck1g6ckwi88nkcki6fyarzq33-x2egdpq5rxzruwygm,O,TRUE,0,25,5,59,80,86,0,1,3587,2330.723000049591,Femme,48,Non étudiant,J'habite seul,1,4,3,0,0,attrait de la ville proximité commerces et lieux touristiques/,"L e prix inferieur à 400e et avec le plus de services possibles (piscine, cuisine et autres)",Recommandé par le site,non,merci,0,1,0,TRUE,TRUE,9,3,325.895957512781,FALSE,189.05533301038668,TRUE,FALSE,FALSE,0,NA,1,FALSE,2026-11-06,choice_set_3,FALSE,FALSE,NA
synth0004,sete,7,7yjen1pgncl4yonr0rrw0zz989oolx34rx9n6r2wr5ah-gf6u28lbe,O,TRUE,0,25,5,59,80,86,0,1,3587,2330.723000049591,Femme,48,Non étudiant,J'habite seul,1,4,3,0,0,attrait de la ville proximité commerces et lieux touristiques/,"L e prix inferieur à 400e et avec le plus de services possibles (piscine, cuisine et autres)",Recommandé par le site,non,merci,0,1,0,TRUE,TRUE,9,3,325.895957512781,FALSE,189.05533301038668,TRUE,FALSE,FALSE,0,NA,2,TRUE,2026-11-06,choice_set_3,FALSE,FALSE,NA
synth0004,sete,7,v69npvn6-ky9-54ugiizck8jwkb9x42ufdt3xspdesmqb,O,TRUE,0,25,5,59,80,86,0,1,3587,2330.723000049591,Femme,48,Non étudiant,J'habite seul,1,4,3,0,0,attrait de la ville proximité commerces et lieux touristiques/,"L e prix inferieur à 400e et avec le plus de services possibles (piscine, cuisine et autres)",Recommandé par le site,non,merci,0,1,0,TRUE,TRUE,9,3,325.895957512781,FALSE,189.05533301038668,TRUE,FALSE,TRUE,5,NA,3,FALSE,2026-11-06,choice_set_3,FALSE,FALSE,NA
synth0004,sete,7,eliolv7-awoxxq-4i6s9cpsdbnlne16k0xgh82jdm9378v,O,TRUE,0,25,5,59,80,86,0,1,3587,2330.723000049591,Femme,48,Non étudiant,J'habite seul,1,4,3,0,0,attrait de la ville proximité commerces et lieux touristiques/,"L e prix inferieur à 400e et avec le plus de services possibles (piscine, cuisine et autres)",Recommandé par le site,non,merci,0,1,0,TRUE,TRUE,9,3,325.895957512781,FALSE,189.05533301038668,TRUE,FALSE,FALSE,0,NA,2,FALSE,2026-11-06,choice_set_3,TRUE,FALSE,NA
synth0004,sete,7,1zv67rdfsyphl4ilr5nxn7sqqjkzne,O,TRUE,0,25,5,59,80,86,0,1,3587,2330.723000049591,Femme,48,Non étudiant,J'habite seul,1,4,3,0,0,attrait de la ville proximité commerces et lieux touristiques/,"L e prix inferieur à 400e et avec le plus de services possibles (piscine, cuisine et autres)",Recommandé par le site,non,merci,0,1,0,TRUE,TRUE,9,3,325.895957512781,FALSE,189.05533301038668,TRUE,FALSE,FALSE,0,NA,2,FALSE,2026-11-06,choice_set_3,FALSE,FALSE,NA
synth0004,sete,8,9tx81a-a9jnv4grdw9h-j-jum8gkc-gvrbcr1tk58i2xiddorpgqi22mt,O,TRUE,0,25,5,59,80,86,0,1,3587,2330.723000049591,Femme,48,Non étudiant,J'habite seul,1,4,3,0,0,attrait de la ville proximité commerces et lieux touristiques/,"L e prix inferieur à 400e et avec le plus de services possibles (piscine, cuisine et autres)",Recommandé par le site,non,merci,0,1,0,TRUE,TRUE,9,5,392.46815828885883,FALSE,190.07003121916205,TRUE,FALSE,FALSE,0,NA,3,FALSE,2026-11-20,choice_set_4,FALSE,FALSE,NA
synth0004,sete,8,5pntfaw9u,O,TRUE,0,25,5,59,80,86,0,1,3587,2330.723000049591,Femme,48,Non étudiant,J'habite seul,1,4,3,0,0,attrait de la ville proximité commerces et lieux touristiques/,"L e prix inferieur à 400e et avec le plus de services possibles (piscine, cuisine et autres)",Recommandé par le site,non,merci,0,1,0,TRUE,TRUE,9,5,392.46815828885883,FALSE,190.07003121916205,TRUE,FALSE,FALSE,0,NA,2,FALSE,2026-11-20,choice_set_4,FALSE,FALSE,NA
synth0004,sete,8,82dyqms758mxu7n-9a9nbz7nau2r-xp8rz0r3e6cwxozdh4zq,O,TRUE,0,25,5,59,80,86,0,1,3587,2330.723000049591,Femme,48,Non étudiant,J'habite seul,1,4,3,0,0,attrait de la ville proximité commerces et lieux touristiques/,"L e prix inferieur à 400e et avec le plus de services possibles (piscine, cuisine et autres)",Recommandé par le site,non,merci,0,1,0,TRUE,TRUE,9,5,392.46815828885883,FALSE,190.07003121916205,TRUE,FALSE,FALSE,0,NA,2,FALSE,2026-11-20,choice_set_4,TRUE,FALSE,NA
synth0004,sete,8,e1c6fvj-uk4-,O,TRUE,0,25,5,59,80,86,0,1,3587,2330.723000049591,Femme,48,Non étudiant,J'habite seul,1,4,3,0,0,attrait de la ville proximité commerces et lieux touristiques/,"L e prix inferieur à 400e et avec le plus de services possibles (piscine, cuisine et autres)",Recommandé par le site,non,merci,0,1,0,TRUE,TRUE,9,5,392.46815828885883,FALSE,190.07003121916205,TRUE,FALSE,FALSE,0,NA,1,FALSE,2026-11-20,choice_set_4,FALSE,FALSE,NA
synth0004,sete,8,-m2cnda4-h9z88o9ig4sfee6b5xe72sew60lfflcwmvomcexlwnyalph2i,O,TRUE,0,25,5,59,80,86,0,1,3587,2330.723000049591,Femme,48,Non étudiant,J'habite seul,1,4,3,0,0,attrait de la ville proximité commerces et lieux touristiques/,"L e prix inferieur à 400e et avec le plus de services possibles (piscine, cuisine et autres)",Recommandé par le site,non,merci,0,1,0,TRUE,TRUE,9,5,392.46815828885883,FALSE,190.07003121916205,TRUE,FALSE,FALSE,0,NA,3,FALSE,2026-11-20,choice_set_4,FALSE,FALSE,NA
synth0004,sete,8,mc2m7ntelknhs9l4es2agyj2jz,O,TRUE,0,25,5,59,80,86,0,1,3587,2330.723000049591,Femme,48,Non étudiant,J'habite seul,1,4,3,0,0,attrait de la ville proximité commerces et lieux touristiques/,"L e prix inferieur à 400e et avec le plus de services possibles (piscine, cuisine et autres)",Recommandé par le site,non,merci,0,1,0,TRUE,TRUE,9,5,392.46815828885883,FALSE,190.07003121916205,TRUE,FALSE,TRUE,11,NA,2,FALSE,2026-11-20,choice_set_4,FALSE,FALSE,NA
synth0004,sete,8,ure29n7s,O,TRUE,0,25,5,59,80,86,0,1,3587,2330.723000049591,Femme,48,Non étudiant,J'habite seul,1,4,3,0,0,attrait de la ville proximité commerces et lieux touristiques/,"L e prix inferieur à 400e et avec le plus de services possibles (piscine, cuisine et autres)",Recommandé par le site,non,merci,0,1,0,TRUE,TRUE,9,5,392.46815828885883,FALSE,190.07003121916205,TRUE,FALSE,FALSE,0,NA,1,TRUE,2026-11-20,choice_set_4,TRUE,FALSE,NA
synth0004,sete,8,zw8cljbvwdupz7vbc5end0o1hkeg4-w8js2bji,O,TRUE,0,25,5,59,80,86,0,1,3587,2330.723000049591,Femme,48,Non étudiant,J'habite seul,1,4,3,0,0,attrait de la ville proximité commerces et lieux touristiques/,"L e prix inferieur à 400e et avec le plus de services possibles (piscine, cuisine et autres)",Recommandé par le site,non,merci,0,1,0,TRUE,TRUE,9,5,392.46815828885883,FALSE,190.07003121916205,TRUE,TRUE,TRUE,1,NA,1,FALSE,2026-11-20,choice_set_4,FALSE,FALSE,NA
synth0004,sete,8,5-la9kno-hm7ckpt138sexqo8916wyxps-ksqvg,O,TRUE,0,25,5,59,80,86,0,1,3587,2330.723000049591,Femme,48,Non étudiant,J'habite seul,1,4,3,0,0,attrait de la ville proximité commerces et lieux touristiques/,"L e prix inferieur à 400e et avec le plus de services possibles (piscine, cuisine et autres)",Recommandé par le site,non,merci,0,1,0,TRUE,TRUE,9,5,392.46815828885883,FALSE,190.07003121916205,TRUE,FALSE,FALSE,0,NA,3,FALSE,2026-11-20,choice_set_4,TRUE,FALSE,NA
synth0004,la-ciotat,9,ep7kiuhlfmybg81d9j6kcu64aps784ej8p01h99466sc4,O,TRUE,0,25,5,59,80,86,0,1,3587,2330.723000049591,Femme,48,Non étudiant,J'habite seul,1,4,3,0,0,attrait de la ville proximité commerces et lieux touristiques/,"L e prix inferieur à 400e et avec le plus de services possibles (piscine, cuisine et autres)",Recommandé par le site,non,merci,0,1,0,FALSE,NA,9,0,167.74423486553133,FALSE,24.61560494103469,TRUE,FALSE,TRUE,6,NA,2,FALSE,2026-11-27,choice_set_1,TRUE,FALSE,NA
synth0004,la-ciotat,9,gqbgheif1yujyq5oh-gmntie05hdyh6i6k6kfb-ft0,O,TRUE,0,25,5,59,80,86,0,1,3587,2330.723000049591,Femme,48,Non étudiant,J'habite seul,1,4,3,0,0,attrait de la ville proximité commerces et lieux touristiques/,"L e prix inferieur à 400e et avec le plus de services possibles (piscine, cuisine et autres)",Recommandé par le site,non,merci,0,1,0,FALSE,NA,9,0,167.74423486553133,FALSE,24.61560494103469,TRUE,FALSE,FALSE,0,NA,2,FALSE,2026-11-27,choice_set_1,FALSE,FALSE,NA
synth0004,la-ciotat,9,n1o0nrp4h98x8so28mjl,O,TRUE,0,25,5,59,80,86,0,1,3587,2330.723000049591,Femme,48,Non étudiant,J'habite seul,1,4,3,0,0,attrait de la ville proximité commerces et lieux touristiques/,"L e prix inferieur à 400e et avec le plus de services possibles (piscine, cuisine et autres)",Recommandé par le site,non,merci,0,1,0,FALSE,NA,9,0,167.74423486553133,FALSE,24.61560494103469,TRUE,FALSE,FALSE,0,NA,1,FALSE,2026-11-27,choice_set_1,FALSE,FALSE,NA
synth0004,la-ciotat,9,w9w05oj9rwqbwoa-gs90x4j-otujbhrdw330alsm4kvyh7,O,TRUE,0,25,5,59,80,86,0,1,3587,2330.723000049591,Femme,48,Non étudiant,J'habite seul,1,4,3,0,0,attrait de la ville proximité commerces et lieux touristiques/,"L e prix inferieur à 400e et avec le plus de services possibles (piscine, cuisine et autres)",Recommandé par le site,non,merci,0,1,0,FALSE,NA,9,0,167.74423486553133,FALSE,24.61560494103469,TRUE,FALSE,FALSE,0,NA,3,FALSE,2026-11-27,choice_set_1,FALSE,FALSE,NA
synth0004,la-ciotat,9,k8o-sxt1twf2mu9b19w2td8qsds4yj-nnw6tv5-1aypwyyz-,O,TRUE,0,25,5,59,80,86,0,1,3587,2330.723000049591,Femme,48,Non étudiant,J'habite seul,1,4,3,0,0,attrait de la ville proximité commerces et lieux touristiques/,"L e prix inferieur à 400e et avec le plus de services possibles (piscine, cuisine et autres)",Recommandé par le site,non,merci,0,1,0,FALSE,NA,9,0,167.74423486553133,FALSE,24.61560494103469,TRUE,FALSE,FALSE,0,NA,2,FALSE,2026-11-27,choice_set_1,FALSE,FALSE,NA
synth0004,la-ciotat,9,nu7l0cyxf5-40mdadq2lqedlghdgvkz2gqt,O,TRUE,0,25,5,59,80,86,0,1,3587,2330.723000049591,Femme,48,Non étudiant,J'habite seul,1,4,3,0,0,attrait de la ville proximité commerces et lieux touristiques/,"L e prix inferieur à 400e et avec le plus de services possibles (piscine, cuisine et autres)",Recommandé par le site,non,merci,0,1,0,FALSE,NA,9,0,167.74423486553133,FALSE,24.61560494103469,TRUE,FALSE,FALSE,0,NA,3,TRUE,2026-11-27,choice_set_1,TRUE,FALSE,NA
synth0004,la-ciotat,9,sc8mbrmo3tjb3at4nxi6u0cmcn77j77v3-vofjn36xo3jy,O,TRUE,0,25,5,59,80,86,0,1,3587,2330.723000049591,Femme,48,Non étudiant,J'habite seul,1,4,3,0,0,attrait de la ville proximité commerces et lieux touristiques/,"L e prix inferieur à 400e et avec le plus de services possibles (piscine, cuisine et autres)",Recommandé par le site,non,merci,0,1,0,FALSE,NA,9,0,167.74423486553133,FALSE,24.61560494103469,TRUE,FALSE,FALSE,0,NA,3,FALSE,2026-11-27,choice_set_1,FALSE,FALSE,NA
synth0004,la-ciotat,9,rb2ykk65mj24-e9fc27d9m0qmm8owax0xm0,O,TRUE,0,25,5,59,80,86,0,1,3587,2330.723000049591,Femme,48,Non étudiant,J'habite seul,1,4,3,0,0,attrait de la ville proximité commerces et lieux touristiques/,"L e prix inferieur à 400e et avec le plus de services possibles (piscine, cuisine et autres)",Recommandé par le site,non,merci,0,1,0,FALSE,NA,9,0,167.74423486553133,FALSE,24.61560494103469,TRUE,FALSE,FALSE,0,NA,1,FALSE,2026-11-27,choice_set_1,TRUE,FALSE,NA
synth0004,la-ciotat,9,u42yp1ytow8f4k3qwdpfub9arv3vjpoyigigu,O,TRUE,0,25,5,59,80,86,0,1,3587,2330.723000049591,Femme,48,Non étudiant,J'habite seul,1,4,3,0,0,attrait de la ville proximité commerces et lieux touristiques/,"L e prix inferieur à 400e et avec le plus de services possibles (piscine, cuisine et autres)",Recommandé par le site,non,merci,0,1,0,FALSE,NA,9,0,167.74423486553133,FALSE,24.61560494103469,TRUE,TRUE,TRUE,11,30.542611037380993,1,FALSE,2026-11-27,choice_set_1,FALSE,FALSE,NA
synth0004,la-ciotat,10,15ypefhpc50rkwtx8a2wzdamsl1cora0ar7bf7ny9y-1i8,O,TRUE,0,25,5,59,80,86,0,1,3587,2330.723000049591,Femme,48,Non étudiant,J'habite seul,1,4,3,0,0,attrait de la ville proximité commerces et lieux touristiques/,"L e prix inferieur à 400e et avec le plus de services possibles (piscine, cuisine et autres)",Recommandé par le site,non,merci,0,1,0,FALSE,NA,9,5,385.67220555827953,FALSE,181.41410813247785,FALSE,TRUE,TRUE,1,15.792247061617672,2,FALSE,2026-11-13,choice_set_2,FALSE,FALSE,NA
synth0004,la-ciotat,10,0ta5qqhr30ingwfv0d6784,O,TRUE,0,25,5,59,80,86,0,1,3587,2330.723000049591,Femme,48,Non étudiant,J'habite seul,1,4,3,0,0,attrait de la ville proximité commerces et lieux touristiques/,"L e prix inferieur à 400e et avec le plus de services possibles (piscine, cuisine et autres)",Recommandé par le site,non,merci,0,1,0,FALSE,NA,9,5,385.67220555827953,FALSE,181.41410813247785,FALSE,FALSE,FALSE,0,NA,3,FALSE,2026-11-13,choice_set_2,FALSE,FALSE,NA
synth0004,la-ciotat,10,9nnl5qi6gt88et,O,TRUE,0,25,5,59,80,86,0,1,3587,2330.723000049591,Femme,48,Non étudiant,J'habite seul,1,4,3,0,0,attrait de la ville proximité commerces et lieux touristiques/,"L e prix inferieur à 400e et avec le plus de services possibles (piscine, cuisine et autres)",Recommandé par le site,non,merci,0,1,0,FALSE,NA,9,5,385.67220555827953,FALSE,181.41410813247785,FALSE,FALSE,FALSE,0,NA,1,FALSE,2026-11-13,choice_set_2,FALSE,TRUE,rb5eveph7w0-2
synth0004,la-ciotat,10,n1lkuy28apwtqy7euw,O,TRUE,0,25,5,59,80,86,0,1,3587,2330.723000049591,Femme,48,Non étudiant,J'habite seul,1,4,3,0,0,attrait de la ville proximité commerces et lieux touristiques/,"L e prix inferieur à 400e et avec le plus de services possibles (piscine, cuisine et autres)",Recommandé par le site,non,merci,0,1,0,FALSE,NA,9,5,385.67220555827953,FALSE,181.41410813247785,FALSE,FALSE,FALSE,0,NA,3,FALSE,2026-11-13,choice_set_2,TRUE,FALSE,NA
synth0004,la-ciotat,10,2b80fv-,O,TRUE,0,25,5,59,80,86,0,1,3587,2330.723000049591,Femme,48,Non étudiant,J'habite seul,1,4,3,0,0,attrait de la ville proximité commerces et lieux touristiques/,"L e prix inferieur à 400e et avec le plus de services possibles (piscine, cuisine et autres)",Recommandé par le site,non,merci,0,1,0,FALSE,NA,9,5,385.67220555827953,FALSE,181.41410813247785,FALSE,FALSE,TRUE,3,43.70344796217978,1,FALSE,2026-11-13,choice_set_2,TRUE,FALSE,NA
synth0004,la-ciotat,10,23chbbzxoljb5vwsj2vjhmrrf8w6ruavgt4yaydk6qcmjw6wfo05l,O,TRUE,0,25,5,59,80,86,0,1,3587,2330.723000049591,Femme,48,Non étudiant,J'habite seul,1,4,3,0,0,attrait de la ville proximité commerces et lieux touristiques/,"L e prix inferieur à 400e et avec le plus de services possibles (piscine, cuisine et autres)",Recommandé par le site,non,merci,0,1,0,FALSE,NA,9,5,385.67220555827953,FALSE,181.41410813247785,FALSE,FALSE,TRUE,13,109.03705262695439,2,FALSE,2026-11-13,choice_set_2,FALSE,FALSE,NA
synth0004,la-ciotat,10,g4c5yye-aqx8i6lkz3jl5ozl3-d1yf3,O,TRUE,0,25,5,59,80,86,0,1,3587,2330.723000049591,Femme,48,Non étudiant,J'habite seul,1,4,3,0,0,attrait de la ville proximité commerces et lieux touristiques/,"L e prix inferieur à 400e et avec le plus de services possibles (piscine, cuisine et autres)",Recommandé par le site,non,merci,0,1,0,FALSE,NA,9,5,385.67220555827953,FALSE,181.41410813247785,FALSE,FALSE,TRUE,1,NA,3,FALSE,2026-11-13,choice_set_2,FALSE,FALSE,NA
synth0004,la-ciotat,10,dh2r-j8rmmohy,O,TRUE,0,25,5,59,80,86,0,1,3587,2330.723000049591,Femme,48,Non étudiant,J'habite seul,1,4,3,0,0,attrait de la ville proximité commerces et lieux touristiques/,"L e prix inferieur à 400e et avec le plus de services possibles (piscine, cuisine et autres)",Recommandé par le site,non,merci,0,1,0,FALSE,NA,9,5,385.67220555827953,FALSE,181.41410813247785,FALSE,FALSE,FALSE,0,NA,1,FALSE,2026-11-13,choice_set_2,FALSE,FALSE,NA
synth0004,la-ciotat,10,pwwgfb88g06gg-4xs4nwl8f0v5gkwepuyxhv1b0896zdlj,O,TRUE,0,25,5,59,80,86,0,1,3587,2330.723000049591,Femme,48,Non étudiant,J'habite seul,1,4,3,0,0,attrait de la ville proximité commerces et lieux touristiques/,"L e prix inferieur à 400e et avec le plus de services possibles (piscine, cuisine et autres)",Recommandé par le site,non,merci,0,1,0,FALSE,NA,9,5,385.67220555827953,FALSE,181.41410813247785,FALSE,FALSE,FALSE,0,NA,2,FALSE,2026-11-13,choice_set_2,TRUE,FALSE,NA
synth0004,la-ciotat,11,hfo5es,O,TRUE,0,25,5,59,80,86,0,1,3587,2330.723000049591,Femme,48,Non étudiant,J'habite seul,1,4,3,0,0,attrait de la ville proximité commerces et lieux touristiques/,"L e prix inferieur à 400e et avec le plus de services possibles (piscine, cuisine et autres)",Recommandé par le site,non,merci,0,1,0,FALSE,NA,9,3,78.78347598877735,FALSE,158.90403245645575,FALSE,FALSE,FALSE,0,NA,1,FALSE,2026-11-13,choice_set_3,FALSE,FALSE,NA
synth0004,la-ciotat,11,eyivslciuj90fmh1-1-7ta8,O,TRUE,0,25,5,59,80,86,0,1,3587,2330.723000049591,Femme,48,Non étudiant,J'habite seul,1,4,3,0,0,attrait de la ville proximité commerces et lieux touristiques/,"L e prix inferieur à 400e et avec le plus de services possibles (piscine, cuisine et autres)",Recommandé par le site,non,merci,0,1,0,FALSE,NA,9,3,78.78347598877735,FALSE,158.90403245645575,FALSE,FALSE,TRUE,4,NA,3,FALSE,2026-11-13,choice_set_3,TRUE,FALSE,NA
synth0004,la-ciotat,11,1oo0h94jcijw3y4,O,TRUE,0,25,5,59,80,86,0,1,3587,2330.723000049591,Femme,48,Non étudiant,J'habite seul,1,4,3,0,0,attrait de la ville proximité commerces et lieux touristiques/,"L e prix inferieur à 400e et avec le plus de services possibles (piscine, cuisine et autres)",Recommandé par le site,non,merci,0,1,0,FALSE,NA,9,3,78.78347598877735,FALSE,158.90403245645575,FALSE,FALSE,FALSE,0,NA,2,FALSE,2026-11-13,choice_set_3,FALSE,FALSE,NA
synth0004,la-ciotat,11,zgwiiw6nkosy4zc3rxmlek47gq,O,TRUE,0,25,5,59,80,86,0,1,3587,2330.723000049591,Femme,48,Non étudiant,J'habite seul,1,4,3,0,0,attrait de la ville proximité commerces et lieux touristiques/,"L e prix inferieur à 400e et avec le plus de services possibles (piscine, cuisine et autres)",Recommandé par le site,non,merci,0,1,0,FALSE,NA,9,3,78.78347598877735,FALSE,158.90403245645575,FALSE,FALSE,FALSE,0,NA,3,FALSE,2026-11-13,choice_set_3,FALSE,FALSE,NA
synth0004,la-ciotat,11,o0ygg4h5-5w9t5wrwagt4rw49xbiu-3eqw-jli-py06e8aynkc,O,TRUE,0,25,5,59,80,86,0,1,3587,2330.723000049591,Femme,48,Non étudiant,J'habite seul,1,4,3,0,0,attrait de la ville proximité commerces et lieux touristiques/,"L e prix inferieur à 400e et avec le plus de services possibles (piscine, cuisine et autres)",Recommandé par le site,non,merci,0,1,0,FALSE,NA,9,3,78.78347598877735,FALSE,158.90403245645575,FALSE,FALSE,FALSE,0,NA,3,FALSE,2026-11-13,choice_set_3,FALSE,FALSE,NA
synth0004,la-ciotat,11,kyzp8yts,O,TRUE,0,25,5,59,80,86,0,1,3587,2330.723000049591,Femme,48,Non étudiant,J'habite seul,1,4,3,0,0,attrait de la ville proximité commerces et lieux touristiques/,"L e prix inferieur à 400e et avec le plus de services possibles (piscine, cuisine et autres)",Recommandé par le site,non,merci,0,1,0,FALSE,NA,9,3,78.78347598877735,FALSE,158.90403245645575,FALSE,FALSE,FALSE,0,NA,1,FALSE,2026-11-13,choice_set_3,TRUE,FALSE,NA
synth0004,la-ciotat,11,-y-tv46xmbktqjwj-82d2qghhtxa80j1zqf81ly-8,O,TRUE,0,25,5,59,80,86,0,1,3587,2330.723000049591,Femme,48,Non étudiant,J'habite seul,1,4,3,0,0,attrait de la ville proximité commerces et lieux touristiques/,"L e prix inferieur à 400e et avec le plus de services possibles (piscine, cuisine et autres)",Recommandé par le site,non,merci,0,1,0,FALSE,NA,9,3,78.78347598877735,FALSE,158.90403245645575,FALSE,TRUE,TRUE,2,NA,1,FALSE,2026-11-13,choice_set_3,FALSE,FALSE,NA
synth0004,la-ciotat,11,p9b0spzlloaklq8i3zz,O,TRUE,0,25,5,59,80,86,0,1,3587,2330.723000049591,Femme,48,Non étudiant,J'habite seul,1,4,3,0,0,attrait de la ville proximité commerces et lieux touristiques/,"L e prix inferieur à 400e et avec le plus de services possibles (piscine, cuisine et autres)",Recommandé par le site,non,merci,0,1,0,FALSE,NA,9,3,78.78347598877735,FALSE,158.90403245645575,FALSE,FALSE,TRUE,13,NA,2,FALSE,2026-11-13,choice_set_3,TRUE,FALSE,NA
synth0004,la-ciotat,11,9kcxpseiuz-zddz7dhrxmho6pi0cyywm4juznu3h9icqtb9w,O,TRUE,0,25,5,59,80,86,0,1,3587,2330.723000049591,Femme,48,Non étudiant,J'habite seul,1,4,3,0,0,attrait de la ville proximité commerces et lieux touristiques/,"L e prix inferieur à 400e et avec le plus de services possibles (piscine, cuisine et autres)",Recommandé par le site,non,merci,0,1,0,FALSE,NA,9,3,78.78347598877735,FALSE,158.90403245645575,FALSE,FALSE,FALSE,0,NA,2,FALSE,2026-11-13,choice_set_3,FALSE,FALSE,NA
synth0004,la-ciotat,12,2unbis--hv5xoqh2dywc3h8vmnsn-a1qo1dms5pe38onad7aj08mgueqgr0,O,TRUE,0,25,5,59,80,86,0,1,3587,2330.723000049591,Femme,48,Non étudiant,J'habite seul,1,4,3,0,0,attrait de la ville proximité commerces et lieux touristiques/,"L e prix inferieur à 400e et avec le plus de services possibles (piscine, cuisine et autres)",Recommandé par le site,non,merci,0,1,0,FALSE,NA,9,3,141.62358714826405,FALSE,95.90202513872646,TRUE,FALSE,FALSE,0,NA,1,FALSE,2026-11-27,choice_set_4,FALSE,FALSE,NA
synth0004,la-ciotat,12,rkaj4w737ujn0hi3y5kcihn2w6-y,O,TRUE,0,25,5,59,80,86,0,1,3587,2330.723000049591,Femme,48,Non étudiant,J'habite seul,1,4,3,0,0,attrait de la ville proximité commerces et lieux touristiques/,"L e prix inferieur à 400e et avec le plus de services possibles (piscine, cuisine et autres)",Recommandé par le site,non,merci,0,1,0,FALSE,NA,9,3,141.62358714826405,FALSE,95.90202513872646,TRUE,FALSE,TRUE,14,232.58849711390212,1,FALSE,2026-11-27,choice_set_4,TRUE,FALSE,NA
synth0004,la-ciotat,12,s7vk0mt8v1oe7oq-mqpy26bz3tgejlz4ijbzinhlhlxgqjolm5c96pdl0h,O,TRUE,0,25,5,59,80,86,0,1,3587,2330.723000049591,Femme,48,Non étudiant,J'habite seul,1,4,3,0,0,attrait de la ville proximité commerces et lieux touristiques/,"L e prix inferieur à 400e et avec le plus de services possibles (piscine, cuisine et autres)",Recommandé par le site,non,merci,0,1,0,FALSE,NA,9,3,141.62358714826405,FALSE,95.90202513872646,TRUE,FALSE,FALSE,0,NA,2,FALSE,2026-11-27,choice_set_4,FALSE,FALSE,NA
synth0004,la-ciotat,12,fos05anlkgwxh2kwapu0ijzgyokqvpn33u0l2elur1tmeja6qjsjt,O,TRUE,0,25,5,59,80,86,0,1,3587,2330.723000049591,Femme,48,Non étudiant,J'habite seul,1,4,3,0,0,attrait de la ville proximité commerces et lieux touristiques/,"L e prix inferieur à 400e et avec le plus de services possibles (piscine, cuisine et autres)",Recommandé par le site,non,merci,0,1,0,FALSE,NA,9,3,141.62358714826405,FALSE,95.90202513872646,TRUE,FALSE,FALSE,0,NA,2,FALSE,2026-11-27,choice_set_4,TRUE,FALSE,NA
synth0004,la-ciotat,12,-dgm1o7gc6xmuwtveous34v6btv3ys0x85iomete-huds0mm4y,O,TRUE,0,25,5,59,80,86,0,1,3587,2330.723000049591,Femme,48,Non étudiant,J'habite seul,1,4,3,0,0,attrait de la ville proximité commerces et lieux touristiques/,"L e prix inferieur à 400e et avec le plus de services possibles (piscine, cuisine et autres)",Recommandé par le site,non,merci,0,1,0,FALSE,NA,9,3,141.62358714826405,FALSE,95.90202513872646,TRUE,TRUE,TRUE,10,NA,3,FALSE,2026-11-27,choice_set_4,FALSE,FALSE,NA
synth0004,la-ciotat,12,dnvu8-qgfjp40klgijnjuri0l254h4o4pg6f,O,TRUE,0,25,5,59,80,86,0,1,3587,2330.723000049591,Femme,48,Non étudiant,J'habite seul,1,4,3,0,0,attrait de la ville proximité commerces et lieux touristiques/,"L e prix inferieur à 400e et avec le plus de services possibles (piscine, cuisine et autres)",Recommandé par le site,non,merci,0,1,0,FALSE,NA,9,3,141.62358714826405,FALSE,95.90202513872646,TRUE,FALSE,FALSE,0,NA,2,FALSE,2026-11-27,choice_set_4,FALSE,FALSE,NA
synth0004,la-ciotat,12,9617fn6y1bvb,O,TRUE,0,25,5,59,80,86,0,1,3587,2330.723000049591,Femme,48,Non étudiant,J'habite seul,1,4,3,0,0,attrait de la ville proximité commerces et lieux touristiques/,"L e prix inferieur à 400e et avec le plus de services possibles (piscine, cuisine et autres)",Recommandé par le site,non,merci,0,1,0,FALSE,NA,9,3,141.62358714826405,FALSE,95.90202513872646,TRUE,FALSE,FALSE,0,NA,3,FALSE,2026-11-27,choice_set_4,TRUE,FALSE,NA
synth0004,la-ciotat,12,whl7icvk9,O,TRUE,0,25,5,59,80,86,0,1,3587,2330.723000049591,Femme,48,Non étudiant,J'habite seul,1,4,3,0,0,attrait de la ville proximité commerces et lieux touristiques/,"L e prix inferieur à 400e et avec le plus de services possibles (piscine, cuisine et autres)",Recommandé par le site,non,merci,0,1,0,FALSE,NA,9,3,141.62358714826405,FALSE,95.90202513872646,TRUE,FALSE,TRUE,5,114.14633980719373,3,TRUE,2026-11-27,choice_set_4,FALSE,FALSE,NA
synth0004,la-ciotat,12,q19p5lmfhsrxhg4rqugorm-l3okxo2,O,TRUE,0,25,5,59,80,86,0,1,3587,2330.723000049591,Femme,48,Non étudiant,J'habite seul,1,4,3,0,0,attrait de la ville proximité commerces et lieux touristiques/,"L e prix inferieur à 400e et avec le plus de services possibles (piscine, cuisine et autres)",Recommandé par le site,non,merci,0,1,0,FALSE,NA,9,3,141.62358714826405,FALSE,95.90202513872646,TRUE,FALSE,TRUE,13,NA,1,FALSE,2026-11-27,choice_set_4,FALSE,FALSE,NA
synth0005,le-treport,1,mvoo2j4lup42ky6xj2et15,N,TRUE,1,50,0,8,77,95,5,3,4763,2625.0510001182556,Femme,48,Non étudiant,J'habite en couple,1,3,3,1,0,"la situation, le prix, la propreté, les commodités,l accueil,s'il y a de quoi se restaurer",j'ai choisi de façon à être proche de la mer de ne pas à avoir trop de transports à prendre bien situé et logement agréable,que l'appartement a de bons retours ou de bons avis.,non,"l'attente des pages etait un peu longue, sinon c'était bien",0,1,0,NA,NA,8,9,14.125930020119995,FALSE,180.10204091691412,TRUE,FALSE,FALSE,0,NA,3,FALSE,2026-11-13,choice_set_1,FALSE,FALSE,NA
synth0005,le-treport,1,nzwbhb2oy3z9i4r2n7pvqz5c4sls,N,TRUE,1,50,0,8,77,95,5,3,4763,2625.0510001182556,Femme,48,Non étudiant,J'habite en couple,1,3,3,1,0,"la situation, le prix, la propreté, les commodités,l accueil,s'il y a de quoi se restaurer",j'ai choisi de façon à être proche de la mer de ne pas à avoir trop de transports à prendre bien situé et logement agréable,que l'appartement a de bons retours ou de bons avis.,non,"l'attente des pages etait un peu longue, sinon c'était bien",0,1,0,NA,NA,8,9,14.125930020119995,FALSE,180.10204091691412,TRUE,TRUE,TRUE,9,176.5882459108252,3,FALSE,2026-11-13,choice_set_1,TRUE,FALSE,NA
synth0005,le-treport,1,s37w3j0u8w-umnpyd6cthvl1qciywhcxf9xoxdxn,N,TRUE,1,50,0,8,77,95,5,3,4763,2625.0510001182556,Femme,48,Non étudiant,J'habite en couple,1,3,3,1,0,"la situation, le prix, la propreté, les commodités,l accueil,s'il y a de quoi se restaurer",j'ai choisi de façon à être proche de la mer de ne pas à avoir trop de transports à prendre bien situé et logement agréable,que l'appartement a de bons retours ou de bons avis.,non,"l'attente des pages etait un peu longue, sinon c'était bien",0,1,0,NA,NA,8,9,14.125930020119995,FALSE,180.10204091691412,TRUE,FALSE,FALSE,0,NA,2,FALSE,2026-11-13,choice_set_1,FALSE,FALSE,NA
synth0005,le-treport,1,hyes9olm153zfj-lq6aw293c9lf,N,TRUE,1,50,0,8,77,95,5,3,4763,2625.0510001182556,Femme,48,Non étudiant,J'habite en couple,1,3,3,1,0,"la situation, le prix, la propreté, les commodités,l accueil,s'il y a de quoi se restaurer",j'ai choisi de façon à être proche de la mer de ne pas à avoir trop de transports à prendre bien situé et logement agréable,que l'appartement a de bons retours ou de bons avis.,non,"l'attente des pages etait un peu longue, sinon c'était bien",0,1,0,NA,NA,8,9,14.125930020119995,FALSE,180.10204091691412,TRUE,FALSE,FALSE,0,NA,2,TRUE,2026-11-13,choice_set_1,FALSE,FALSE,NA
synth0005,le-treport,1,hfe5wrivl3tgs53qg5-14,N,TRUE,1,50,0,8,77,95,5,3,4763,2625.0510001182556,Femme,48,Non étudiant,J'habite en couple,1,3,3,1,0,"la situation, le prix, la propreté, les commodités,l accueil,s'il y a de quoi se restaurer",j'ai choisi de façon à être proche de la mer de ne pas à avoir trop de transports à prendre bien situé et logement agréable,que l'appartement a de bons retours ou de bons avis.,non,"l'attente des pages etait un peu longue, sinon c'était bien",0,1,0,NA,NA,8,9,14.125930020119995,FALSE,180.10204091691412,TRUE,FALSE,TRUE,10,154.8337809718214,1,FALSE,2026-11-13,choice_set_1,FALSE,FALSE,NA
synth0005,le-treport,1,nidbpqhj-87jxblowo1tudyudz3f7frv,N,TRUE,1,50,0,8,77,95,5,3,4763,2625.0510001182556,Femme,48,Non étudiant,J'habite en couple,1,3,3,1,0,"la situation, le prix, la propreté, les commodités,l accueil,s'il y a de quoi se restaurer",j'ai choisi de façon à être proche de la mer de ne pas à avoir trop de transports à prendre bien situé et logement agréable,que l'appartement a de bons retours ou de bons avis.,non,"l'attente des pages etait un peu longue, sinon c'était bien",0,1,0,NA,NA,8,9,14.125930020119995,FALSE,180.10204091691412,TRUE,FALSE,FALSE,0,NA,1,FALSE,2026-11-13,choice_set_1,FALSE,FALSE,NA
synth0005,le-treport,1,m80eus1cdi0fexvndy,N,TRUE,1,50,0,8,77,95,5,3,4763,2625.0510001182556,Femme,48,Non étudiant,J'habite en couple,1,3,3,1,0,"la situation, le prix, la propreté, les commodités,l accueil,s'il y a de quoi se restaurer",j'ai choisi de façon à être proche de la mer de ne pas à avoir trop de transports à prendre bien situé et logement agréable,que l'appartement a de bons retours ou de bons avis.,non,"l'attente des pages etait un peu longue, sinon c'était bien",0,1,0,NA,NA,8,9,14.125930020119995,FALSE,180.10204091691412,TRUE,FALSE,FALSE,0,NA,2,FALSE,2026-11-13,choice_set_1,TRUE,FALSE,NA
synth0005,le-treport,1,obieox-fg2549pn0p8syq3fgr7wuy78r30,N,TRUE,1,50,0,8,77,95,5,3,4763,2625.0510001182556,Femme,48,Non étudiant,J'habite en couple,1,3,3,1,0,"la situation, le prix, la propreté, les commodités,l accueil,s'il y a de quoi se restaurer",j'ai choisi de façon à être proche de la mer de ne pas à avoir trop de transports à prendre bien situé et logement agréable,que l'appartement a de bons retours ou de bons avis.,non,"l'attente des pages etait un peu longue, sinon c'était bien",0,1,0,NA,NA,8,9,14.125930020119995,FALSE,180.10204091691412,TRUE,FALSE,TRUE,14,NA,1,FALSE,2026-11-13,choice_set_1,TRUE,FALSE,NA
synth0005,le-treport,2,ehd65yshz1e1l34i6o7c10ic,N,TRUE,1,50,0,8,77,95,5,3,4763,2625.0510001182556,Femme,48,Non étudiant,J'habite en couple,1,3,3,1,0,"la situation, le prix, la propreté, les commodités,l accueil,s'il y a de quoi se restaurer",j'ai choisi de façon à être proche de la mer de ne pas à avoir trop de transports à prendre bien situé et logement agréable,que l'appartement a de bons retours ou de bons avis.,non,"l'attente des pages etait un peu longue, sinon c'était bien",0,1,0,NA,NA,9,10,172.66001249896362,FALSE,105.08528759959154,TRUE,FALSE,TRUE,8,71.16046793758869,1,TRUE,2026-11-06,choice_set_2,FALSE,FALSE,NA
synth0005,le-treport,2,oxusg3ht2niu9irfbu,N,TRUE,1,50,0,8,77,95,5,3,4763,2625.0510001182556,Femme,48,Non étudiant,J'habite en couple,1,3,3,1,0,"la situation, le prix, la propreté, les commodités,l accueil,s'il y a de quoi se restaurer",j'ai choisi de façon à être proche de la mer de ne pas à avoir trop de transports à prendre bien situé et logement agréable,que l'appartement a de bons retours ou de bons avis.,non,"l'attente des pages etait un peu longue, sinon c'était bien",0,1,0,NA,NA,9,10,172.66001249896362,FALSE,105.08528759959154,TRUE,FALSE,FALSE,0,NA,3,FALSE,2026-11-06,choice_set_2,FALSE,FALSE,NA
synth0005,le-treport,2,xsuevd2c9arh35s4--a9fm9s-i7fgw,N,TRUE,1,50,0,8,77,95,5,3,4763,2625.0510001182556,Femme,48,Non étudiant,J'habite en couple,1,3,3,1,0,"la situation, le prix, la propreté, les commodités,l accueil,s'il y a de quoi se restaurer",j'ai choisi de façon à être proche de la mer de ne pas à avoir trop de transports à prendre bien situé et logement agréable,que l'appartement a de bons retours ou de bons avis.,non,"l'attente des pages etait un peu longue, sinon c'était bien",0,1,0,NA,NA,9,10,172.66001249896362,FALSE,105.08528759959154,TRUE,FALSE,TRUE,13,64.58780628279783,2,FALSE,2026-11-06,choice_set_2,TRUE,FALSE,NA
synth0005,le-treport,2,cl4sokwrcjp4n9ftdymwj0c9,N,TRUE,1,50,0,8,77,95,5,3,4763,2625.0510001182556,Femme,48,Non étudiant,J'habite en couple,1,3,3,1,0,"la situation, le prix, la propreté, les commodités,l accueil,s'il y a de quoi se restaurer",j'ai choisi de façon à être proche de la mer de ne pas à avoir trop de transports à prendre bien situé et logement agréable,que l'appartement a de bons retours ou de bons avis.,non,"l'attente des pages etait un peu longue, sinon c'était bien",0,1,0,NA,NA,9,10,172.66001249896362,FALSE,105.08528759959154,TRUE,FALSE,FALSE,0,NA,3,FALSE,2026-11-06,choice_set_2,FALSE,FALSE,NA
synth0005,le-treport,2,8xqf8ttxp7k4uf8zxt305oopf0iko4b4ue3uhkjf7gvhgsv,N,TRUE,1,50,0,8,77,95,5,3,4763,2625.0510001182556,Femme,48,Non étudiant,J'habite en couple,1,3,3,1,0,"la situation, le prix, la propreté, les commodités,l accueil,s'il y a de quoi se restaurer",j'ai choisi de façon à être proche de la mer de ne pas à avoir trop de transports à prendre bien situé et logement agréable,que l'appartement a de bons retours ou de bons avis.,non,"l'attente des pages etait un peu longue, sinon c'était bien",0,1,0,NA,NA,9,10,172.66001249896362,FALSE,105.08528759959154,TRUE,FALSE,FALSE,0,NA,1,FALSE,2026-11-06,choice_set_2,FALSE,FALSE,NA
synth0005,le-treport,2,rtgo6-shany4n63-kgnz9vhwd0y49c2crvzorottm5bp,N,TRUE,1,50,0,8,77,95,5,3,4763,2625.0510001182556,Femme,48,Non étudiant,J'habite en couple,1,3,3,1,0,"la situation, le prix, la propreté, les commodités,l accueil,s'il y a de quoi se restaurer",j'ai choisi de façon à être proche de la mer de ne pas à avoir trop de transports à prendre bien situé et logement agréable,que l'appartement a de bons retours ou de bons avis.,non,"l'attente des pages etait un peu longue, sinon c'était bien",0,1,0,NA,NA,9,10,172.66001249896362,FALSE,105.08528759959154,TRUE,FALSE,FALSE,0,NA,2,FALSE,2026-11-06,choice_set_2,FALSE,FALSE,NA
synth0005,le-treport,2,x9-ldgcf7udsel6absdo0-qxb4lv2umwqzfcvp17649san8oyyjej78,N,TRUE,1,50,0,8,77,95,5,3,4763,2625.0510001182556,Femme,48,Non étudiant,J'habite en couple,1,3,3,1,0,"la situation, le prix, la propreté, les commodités,l accueil,s'il y a de quoi se restaurer",j'ai choisi de façon à être proche de la mer de ne pas à avoir trop de transports à prendre bien situé et logement agréable,que l'appartement a de bons retours ou de bons avis.,non,"l'attente des pages etait un peu longue, sinon c'était bien",0,1,0,NA,NA,9,10,172.66001249896362,FALSE,105.08528759959154,TRUE,TRUE,TRUE,14,NA,2,FALSE,2026-11-06,choice_set_2,FALSE,FALSE,NA
synth0005,le-treport,2,h-xtj2ywyhl5gw5xp9g8c15hercl66y,N,TRUE,1,50,0,8,77,95,5,3,4763,2625.0510001182556,Femme,48,Non étudiant,J'habite en couple,1,3,3,1,0,"la situation, le prix, la propreté, les commodités,l accueil,s'il y a de quoi se restaurer",j'ai choisi de façon à être proche de la mer de ne pas à avoir trop de transports à prendre bien situé et logement agréable,que l'appartement a de bons retours ou de bons avis.,non,"l'attente des pages etait un peu longue, sinon c'était bien",0,1,0,NA,NA,9,10,172.66001249896362,FALSE,105.08528759959154,TRUE,FALSE,FALSE,0,NA,3,FALSE,2026-11-06,choice_set_2,TRUE,TRUE,orlfy1c7uoenzr71k5gmom
synth0005,le-treport,2,1n3fc7ls1o9x8dc6p4-9rnw8xzugjs,N,TRUE,1,50,0,8,77,95,5,3,4763,2625.0510001182556,Femme,48,Non étudiant,J'habite en couple,1,3,3,1,0,"la situation, le prix, la propreté, les commodités,l accueil,s'il y a de quoi se restaurer",j'ai choisi de façon à être proche de la mer de ne pas à avoir trop de transports à prendre bien situé et logement agréable,que l'appartement a de bons retours ou de bons avis.,non,"l'attente des pages etait un peu longue, sinon c'était bien",0,1,0,NA,NA,9,10,172.66001249896362,FALSE,105.08528759959154,TRUE,FALSE,FALSE,0,NA,1,FALSE,2026-11-06,choice_set_2,TRUE,FALSE,NA
synth0005,le-treport,3,9ngxeihqfey8nls3rwz7aqpfz38jn7,N,TRUE,1,50,0,8,77,95,5,3,4763,2625.0510001182556,Femme,48,Non étudiant,J'habite en couple,1,3,3,1,0,"la situation, le prix, la propreté, les commodités,l accueil,s'il y a de quoi se restaurer",j'ai choisi de façon à être proche de la mer de ne pas à avoir trop de transports à prendre bien situé et logement agréable,que l'appartement a de bons retours ou de bons avis.,non,"l'attente des pages etait un peu longue, sinon c'était bien",0,1,0,NA,NA,9,3,44.530133706051856,FALSE,96.38242225628346,TRUE,FALSE,FALSE,0,NA,1,FALSE,2026-10-16,choice_set_3,FALSE,FALSE,NA
synth0005,le-treport,3,ha9225t8hvevpkrbp0-wetd7om99xqa0jxdj7b,N,TRUE,1,50,0,8,77,95,5,3,4763,2625.0510001182556,Femme,48,Non étudiant,J'habite en couple,1,3,3,1,0,"la situation, le prix, la propreté, les commodités,l accueil,s'il y a de quoi se restaurer",j'ai choisi de façon à être proche de la mer de ne pas à avoir trop de transports à prendre bien situé et logement agréable,que l'appartement a de bons retours ou de bons avis.,non,"l'attente des pages etait un peu longue, sinon c'était bien",0,1,0,NA,NA,9,3,44.530133706051856,FALSE,96.38242225628346,TRUE,FALSE,FALSE,0,NA,1,FALSE,2026-10-16,choice_set_3,FALSE,TRUE,wf-n-8qfvhzz-gj3l6y8wwrmfnjw9
synth0005,le-treport,3,t5xmfzon1ri9aj0dj48y6loxq5k0oc9keh3w12zf37jv3ga9ihzufx0,N,TRUE,1,50,0,8,77,95,5,3,4763,2625.0510001182556,Femme,48,Non étudiant,J'habite en couple,1,3,3,1,0,"la situation, le prix, la propreté, les commodités,l accueil,s'il y a de quoi se restaurer",j'ai choisi de façon à être proche de la mer de ne pas à avoir trop de transports à prendre bien situé et logement agréable,que l'appartement a de bons retours ou de bons avis.,non,"l'attente des pages etait un peu longue, sinon c'était bien",0,1,0,NA,NA,9,3,44.530133706051856,FALSE,96.38242225628346,TRUE,FALSE,TRUE,2,NA,3,FALSE,2026-10-16,choice_set_3,FALSE,FALSE,NA
synth0005,le-treport,3,lrr9h29irlf29qzmgatysqsuezevink7b2vvrob0kk9gbct51w8wmvt,N,TRUE,1,50,0,8,77,95,5,3,4763,2625.0510001182556,Femme,48,Non étudiant,J'habite en couple,1,3,3,1,0,"la situation, le prix, la propreté, les commodités,l accueil,s'il y a de quoi se restaurer",j'ai choisi de façon à être proche de la mer de ne pas à avoir trop de transports à prendre bien situé et logement agréable,que l'appartement a de bons retours ou de bons avis.,non,"l'attente des pages etait un peu longue, sinon c'était bien",0,1,0,NA,NA,9,3,44.530133706051856,FALSE,96.38242225628346,TRUE,TRUE,TRUE,2,232.10813736659475,1,FALSE,2026-10-16,choice_set_3,TRUE,FALSE,NA
synth0005,le-treport,3,s9g-rpu30ixne,N,TRUE,1,50,0,8,77,95,5,3,4763,2625.0510001182556,Femme,48,Non étudiant,J'habite en couple,1,3,3,1,0,"la situation, le prix, la propreté, les commodités,l accueil,s'il y a de quoi se restaurer",j'ai choisi de façon à être proche de la mer de ne pas à avoir trop de transports à prendre bien situé et logement agréable,que l'appartement a de bons retours ou de bons avis.,non,"l'attente des pages etait un peu longue, sinon c'était bien",0,1,0,NA,NA,9,3,44.530133706051856,FALSE,96.38242225628346,TRUE,FALSE,FALSE,0,NA,2,FALSE,2026-10-16,choice_set_3,FALSE,FALSE,NA
synth0005,le-treport,3,lt3efbwd0don2nkl,N,TRUE,1,50,0,8,77,95,5,3,4763,2625.0510001182556,Femme,48,Non étudiant,J'habite en couple,1,3,3,1,0,"la situation, le prix, la propreté, les commodités,l accueil,s'il y a de quoi se restaurer",j'ai choisi de façon à être proche de la mer de ne pas à avoir trop de transports à prendre bien situé et logement agréable,que l'appartement a de bons retours ou de bons avis.,non,"l'attente des pages etait un peu longue, sinon c'était bien",0,1,0,NA,NA,9,3,44.530133706051856,FALSE,96.38242225628346,TRUE,FALSE,TRUE,8,NA,2,TRUE,2026-10-16,choice_set_3,FALSE,FALSE,NA
synth0005,le-treport,3,bho5vo7kttkao5kw7,N,TRUE,1,50,0,8,77,95,5,3,4763,2625.0510001182556,Femme,48,Non étudiant,J'habite en couple,1,3,3,1,0,"la situation, le prix, la propreté, les commodités,l accueil,s'il y a de quoi se restaurer",j'ai choisi de façon à être proche de la mer de ne pas à avoir trop de transports à prendre bien situé et logement agréable,que l'appartement a de bons retours ou de bons avis.,non,"l'attente des pages etait un peu longue, sinon c'était bien",0,1,0,NA,NA,9,3,44.530133706051856,FALSE,96.38242225628346,TRUE,FALSE,FALSE,0,NA,3,FALSE,2026-10-16,choice_set_3,FALSE,FALSE,NA
synth0005,le-treport,3,-jq9y6h61i12uugzpv2g,N,TRUE,1,50,0,8,77,95,5,3,4763,2625.0510001182556,Femme,48,Non étudiant,J'habite en couple,1,3,3,1,0,"la situation, le prix, la propreté, les commodités,l accueil,s'il y a de quoi se restaurer",j'ai choisi de façon à être proche de la mer de ne pas à avoir trop de transports à prendre bien situé et logement agréable,que l'appartement a de bons retours ou de bons avis.,non,"l'attente des pages etait un peu longue, sinon c'était bien",0,1,0,NA,NA,9,3,44.530133706051856,FALSE,96.38242225628346,TRUE,FALSE,FALSE,0,NA,3,FALSE,2026-10-16,choice_set_3,TRUE,FALSE,NA
synth0005,le-treport,3,d5u6i6moa1a7m7xhmgn1n1rmy274xduldb-nwf-7jc3ur9639v69pmcqcqt,N,TRUE,1,50,0,8,77,95,5,3,4763,2625.0510001182556,Femme,48,Non étudiant,J'habite en couple,1,3,3,1,0,"la situation, le prix, la propreté, les commodités,l accueil,s'il y a de quoi se restaurer",j'ai choisi de façon à être proche de la mer de ne pas à avoir trop de transports à prendre bien situé et logement agréable,que l'appartement a de bons retours ou de bons avis.,non,"l'attente des pages etait un peu longue, sinon c'était bien",0,1,0,NA,NA,9,3,44.530133706051856,FALSE,96.38242225628346,TRUE,FALSE,FALSE,0,NA,2,FALSE,2026-10-16,choice_set_3,TRUE,FALSE,NA
synth0005,le-treport,4,7uoe3s0oo6luz,N,TRUE,1,50,0,8,77,95,5,3,4763,2625.0510001182556,Femme,48,Non étudiant,J'habite en couple,1,3,3,1,0,"la situation, le prix, la propreté, les commodités,l accueil,s'il y a de quoi se restaurer",j'ai choisi de façon à être proche de la mer de ne pas à avoir trop de transports à prendre bien situé et logement agréable,que l'appartement a de bons retours ou de bons avis.,non,"l'attente des pages etait un peu longue, sinon c'était bien",0,1,0,NA,NA,9,0,213.62061844579875,FALSE,83.51461546495557,TRUE,FALSE,TRUE,12,NA,1,TRUE,2026-11-27,choice_set_4,FALSE,FALSE,NA
synth0005,le-treport,4,l-c83u2wbti8nrula2q9ivtb6licsg8is5oakkpq-y,N,TRUE,1,50,0,8,77,95,5,3,4763,2625.0510001182556,Femme,48,Non étudiant,J'habite en couple,1,3,3,1,0,"la situation, le prix, la propreté, les commodités,l accueil,s'il y a de quoi se restaurer",j'ai choisi de façon à être proche de la mer de ne pas à avoir trop de transports à prendre bien situé et logement agréable,que l'appartement a de bons retours ou de bons avis.,non,"l'attente des pages etait un peu longue, sinon c'était bien",0,1,0,NA,NA,9,0,213.62061844579875,FALSE,83.51461546495557,TRUE,FALSE,FALSE,0,NA,2,FALSE,2026-11-27,choice_set_4,FALSE,FALSE,NA
synth0005,le-treport,4,7rg659bbh3fas76z-fl4x-vr,N,TRUE,1,50,0,8,77,95,5,3,4763,2625.0510001182556,Femme,48,Non étudiant,J'habite en couple,1,3,3,1,0,"la situation, le prix, la propreté, les commodités,l accueil,s'il y a de quoi se restaurer",j'ai choisi de façon à être proche de la mer de ne pas à avoir trop de transports à prendre bien situé et logement agréable,que l'appartement a de bons retours ou de bons avis.,non,"l'attente des pages etait un peu longue, sinon c'était bien",0,1,0,NA,NA,9,0,213.62061844579875,FALSE,83.51461546495557,TRUE,FALSE,FALSE,0,NA,3,FALSE,2026-11-27,choice_set_4,FALSE,FALSE,NA
synth0005,le-treport,4,qvbhomjqyawu0nl8b,N,TRUE,1,50,0,8,77,95,5,3,4763,2625.0510001182556,Femme,48,Non étudiant,J'habite en couple,1,3,3,1,0,"la situation, le prix, la propreté, les commodités,l accueil,s'il y a de quoi se restaurer",j'ai choisi de façon à être proche de la mer de ne pas à avoir trop de transports à prendre bien situé et logement agréable,que l'appartement a de bons retours ou de bons avis.,non,"l'attente des pages etait un peu longue, sinon c'était bien",0,1,0,NA,NA,9,0,213.62061844579875,FALSE,83.51461546495557,TRUE,FALSE,FALSE,0,NA,3,FALSE,2026-11-27,choice_set_4,TRUE,FALSE,NA
synth0005,le-treport,4,c7fjz9t4fcv5tiff809cu20s86x4e9xy981bv2a,N,TRUE,1,50,0,8,77,95,5,3,4763,2625.0510001182556,Femme,48,Non étudiant,J'habite en couple,1,3,3,1,0,"la situation, le prix, la propreté, les commodités,l accueil,s'il y a de quoi se restaurer",j'ai choisi de façon à être proche de la mer de ne pas à avoir trop de transports à prendre bien situé et logement agréable,que l'appartement a de bons retours ou de bons avis.,non,"l'attente des pages etait un peu longue, sinon c'était bien",0,1,0,NA,NA,9,0,213.62061844579875,FALSE,83.51461546495557,TRUE,TRUE,TRUE,14,262.9492845048662,3,FALSE,2026-11-27,choice_set_4,FALSE,FALSE,NA
synth0005,le-treport,4,yy-plb9ojfthc345s14-6xw2f3nmypmz0,N,TRUE,1,50,0,8,77,95,5,3,4763,2625.0510001182556,Femme,48,Non étudiant,J'habite en couple,1,3,3,1,0,"la situation, le prix, la propreté, les commodités,l accueil,s'il y a de quoi se restaurer",j'ai choisi de façon à être proche de la mer de ne pas à avoir trop de transports à prendre bien situé et logement agréable,que l'appartement a de bons retours ou de bons avis.,non,"l'attente des pages etait un peu longue, sinon c'était bien",0,1,0,NA,NA,9,0,213.62061844579875,FALSE,83.51461546495557,TRUE,FALSE,FALSE,0,NA,2,FALSE,2026-11-27,choice_set_4,FALSE,FALSE,NA
synth0005,le-treport,4,yp0e5d49r34-h54vreb5pv0t,N,TRUE,1,50,0,8,77,95,5,3,4763,2625.0510001182556,Femme,48,Non étudiant,J'habite en couple,1,3,3,1,0,"la situation, le prix, la propreté, les commodités,l accueil,s'il y a de quoi se restaurer",j'ai choisi de façon à être proche de la mer de ne pas à avoir trop de transports à prendre bien situé et logement agréable,que l'appartement a de bons retours ou de bons avis.,non,"l'attente des pages etait un peu longue, sinon c'était bien",0,1,0,NA,NA,9,0,213.62061844579875,FALSE,83.51461546495557,TRUE,FALSE,FALSE,0,NA,1,FALSE,2026-11-27,choice_set_4,TRUE,FALSE,NA
synth0005,le-treport,4,8w3mub-a-d2y-ojq5vip4qvwb0itt9-,N,TRUE,1,50,0,8,77,95,5,3,4763,2625.0510001182556,Femme,48,Non étudiant,J'habite en couple,1,3,3,1,0,"la situation, le prix, la propreté, les commodités,l accueil,s'il y a de quoi se restaurer",j'ai choisi de façon à être proche de la mer de ne pas à avoir trop de transports à prendre bien situé et logement agréable,que l'appartement a de bons retours ou de bons avis.,non,"l'attente des pages etait un peu longue, sinon c'était bien",0,1,0,NA,NA,9,0,213.62061844579875,FALSE,83.51461546495557,TRUE,FALSE,FALSE,0,NA,2,FALSE,2026-11-27,choice_set_4,TRUE,FALSE,NA
synth0005,le-treport,4,i8zh1ju6,N,TRUE,1,50,0,8,77,95,5,3,4763,2625.0510001182556,Femme,48,Non étudiant,J'habite en couple,1,3,3,1,0,"la situation, le prix, la propreté, les commodités,l accueil,s'il y a de quoi se restaurer",j'ai choisi de façon à être proche de la mer de ne pas à avoir trop de transports à prendre bien situé et logement agréable,que l'appartement a de bons retours ou de bons avis.,non,"l'attente des pages etait un peu longue, sinon c'était bien",0,1,0,NA,NA,9,0,213.62061844579875,FALSE,83.51461546495557,TRUE,FALSE,FALSE,0,NA,1,FALSE,2026-11-27,choice_set_4,FALSE,FALSE,NA
synth0005,arcachon,5,1qe001g0h6cudhqqt5cm1ub179mcgey9y63l9yb5y6jtt2,N,TRUE,1,50,0,8,77,95,5,3,4763,2625.0510001182556,Femme,48,Non étudiant,J'habite en couple,1,3,3,1,0,"la situation, le prix, la propreté, les commodités,l accueil,s'il y a de quoi se restaurer",j'ai choisi de façon à être proche de la mer de ne pas à avoir trop de transports à prendre bien situé et logement agréable,que l'appartement a de bons retours ou de bons avis.,non,"l'attente des pages etait un peu longue, sinon c'était bien",0,1,0,FALSE,NA,9,8,15.835769269848242,FALSE,142.81326708686538,FALSE,FALSE,FALSE,0,NA,1,FALSE,2026-11-27,choice_set_1,FALSE,FALSE,NA
synth0005,arcachon,5,mdbflt0jse4g6t1x3t0f9xdkll0tgck22sfr8ya9g2tc4,N,TRUE,1,50,0,8,77,95,5,3,4763,2625.0510001182556,Femme,48,Non étudiant,J'habite en couple,1,3,3,1,0,"la situation, le prix, la propreté, les commodités,l accueil,s'il y a de quoi se restaurer",j'ai choisi de façon à être proche de la mer de ne pas à avoir trop de transports à prendre bien situé et logement agréable,que l'appartement a de bons retours ou de bons avis.,non,"l'attente des pages etait un peu longue, sinon c'était bien",0,1,0,FALSE,NA,9,8,15.835769269848242,FALSE,142.81326708686538,FALSE,FALSE,FALSE,0,NA,3,FALSE,2026-11-27,choice_set_1,FALSE,FALSE,NA
synth0005,arcachon,5,zlylvpyt26s,N,TRUE,1,50,0,8,77,95,5,3,4763,2625.0510001182556,Femme,48,Non étudiant,J'habite en couple,1,3,3,1,0,"la situation, le prix, la propreté, les commodités,l accueil,s'il y a de quoi se restaurer",j'ai choisi de façon à être proche de la mer de ne pas à avoir trop de transports à prendre bien situé et logement agréable,que l'appartement a de bons retours ou de bons avis.,non,"l'attente des pages etait un peu longue, sinon c'était bien",0,1,0,FALSE,NA,9,8,15.835769269848242,FALSE,142.81326708686538,FALSE,FALSE,FALSE,0,NA,1,FALSE,2026-11-27,choice_set_1,TRUE,FALSE,NA
synth0005,arcachon,5,n-uai-655r4nhskmqq3ga42-9s5d,N,TRUE,1,50,0,8,77,95,5,3,4763,2625.0510001182556,Femme,48,Non étudiant,J'habite en couple,1,3,3,1,0,"la situation, le prix, la propreté, les commodités,l accueil,s'il y a de quoi se restaurer",j'ai choisi de façon à être proche de la mer de ne pas à avoir trop de transports à prendre bien situé et logement agréable,que l'appartement a de bons retours ou de bons avis.,non,"l'attente des pages etait un peu longue, sinon c'était bien",0,1,0,FALSE,NA,9,8,15.835769269848242,FALSE,142.81326708686538,FALSE,TRUE,TRUE,9,48.9608570409473,2,FALSE,2026-11-27,choice_set_1,FALSE,FALSE,NA
synth0005,arcachon,5,f2mxxwoemwykz5k3p6jfko0emb2mnr8ifrxjvr7ut,N,TRUE,1,50,0,8,77,95,5,3,4763,2625.0510001182556,Femme,48,Non étudiant,J'habite en couple,1,3,3,1,0,"la situation, le prix, la propreté, les commodités,l accueil,s'il y a de quoi se restaurer",j'ai choisi de façon à être proche de la mer de ne pas à avoir trop de transports à prendre bien situé et logement agréable,que l'appartement a de bons retours ou de bons avis.,non,"l'attente des pages etait un peu longue, sinon c'était bien",0,1,0,FALSE,NA,9,8,15.835769269848242,FALSE,142.81326708686538,FALSE,FALSE,FALSE,0,NA,1,FALSE,2026-11-27,choice_set_1,FALSE,FALSE,NA
synth0005,arcachon,5,jkj8jzwriu,N,TRUE,1,50,0,8,77,95,5,3,4763,2625.0510001182556,Femme,48,Non étudiant,J'habite en couple,1,3,3,1,0,"la situation, le prix, la propreté, les commodités,l accueil,s'il y a de quoi se restaurer",j'ai choisi de façon à être proche de la mer de ne pas à avoir trop de transports à prendre bien situé et logement agréable,que l'appartement a de bons retours ou de bons avis.,non,"l'attente des pages etait un peu longue, sinon c'était bien",0,1,0,FALSE,NA,9,8,15.835769269848242,FALSE,142.81326708686538,FALSE,FALSE,FALSE,0,NA,3,FALSE,2026-11-27,choice_set_1,TRUE,FALSE,NA
synth0005,arcachon,5,xkgx25jp4glp0f86b1od9g2cnuwsti89k-4siy9rd571-gftz1djr,N,TRUE,1,50,0,8,77,95,5,3,4763,2625.0510001182556,Femme,48,Non étudiant,J'habite en couple,1,3,3,1,0,"la situation, le prix, la propreté, les commodités,l accueil,s'il y a de quoi se restaurer",j'ai choisi de façon à être proche de la mer de ne pas à avoir trop de transports à prendre bien situé et logement agréable,que l'appartement a de bons retours ou de bons avis.,non,"l'attente des pages etait un peu longue, sinon c'était bien",0,1,0,FALSE,NA,9,8,15.835769269848242,FALSE,142.81326708686538,FALSE,FALSE,FALSE,0,NA,2,FALSE,2026-11-27,choice_set_1,FALSE,FALSE,NA
synth0005,arcachon,5,1xnhosmwaxdxvc7okywbh048tp6hctj5zf6r19us9b4o,N,TRUE,1,50,0,8,77,95,5,3,4763,2625.0510001182556,Femme,48,Non étudiant,J'habite en couple,1,3,3,1,0,"la situation, le prix, la propreté, les commodités,l accueil,s'il y a de quoi se restaurer",j'ai choisi de façon à être proche de la mer de ne pas à avoir trop de transports à prendre bien situé et logement agréable,que l'appartement a de bons retours ou de bons avis.,non,"l'attente des pages etait un peu longue, sinon c'était bien",0,1,0,FALSE,NA,9,8,15.835769269848242,FALSE,142.81326708686538,FALSE,FALSE,TRUE,5,NA,3,FALSE,2026-11-27,choice_set_1,FALSE,FALSE,NA
synth0005,arcachon,5,n0nygrby47svxh49jo-7vn5r1x0znzyh5y2nljhvhjny2l0,N,TRUE,1,50,0,8,77,95,5,3,4763,2625.0510001182556,Femme,48,Non étudiant,J'habite en couple,1,3,3,1,0,"la situation, le prix, la propreté, les commodités,l accueil,s'il y a de quoi se restaurer",j'ai choisi de façon à être proche de la mer de ne pas à avoir trop de transports à prendre bien situé et logement agréable,que l'appartement a de bons retours ou de bons avis.,non,"l'attente des pages etait un peu longue, sinon c'était bien",0,1,0,FALSE,NA,9,8,15.835769269848242,FALSE,142.81326708686538,FALSE,FALSE,FALSE,0,NA,2,FALSE,2026-11-27,choice_set_1,TRUE,FALSE,NA
synth0005,arcachon,6,1ro5tuohi1i4f3v87qwv1pdjb0nkwoal8o7iel6onrn3d1e5ptmj7pow,N,TRUE,1,50,0,8,77,95,5,3,4763,2625.0510001182556,Femme,48,Non étudiant,J'habite en couple,1,3,3,1,0,"la situation, le prix, la propreté, les commodités,l accueil,s'il y a de quoi se restaurer",j'ai choisi de façon à être proche de la mer de ne pas à avoir trop de transports à prendre bien situé et logement agréable,que l'appartement a de bons retours ou de bons avis.,non,"l'attente des pages etait un peu longue, sinon c'était bien",0,1,0,FALSE,NA,9,1,374.99498907499947,FALSE,168.8698301743716,TRUE,FALSE,FALSE,0,NA,1,TRUE,2026-11-27,choice_set_2,FALSE,FALSE,NA
synth0005,arcachon,6,ou6zhrew6qoopnghdg948k1ilteb6w7rx25-k7frido2-3,N,TRUE,1,50,0,8,77,95,5,3,4763,2625.0510001182556,Femme,48,Non étudiant,J'habite en couple,1,3,3,1,0,"la situation, le prix, la propreté, les commodités,l accueil,s'il y a de quoi se restaurer",j'ai choisi de façon à être proche de la mer de ne pas à avoir trop de transports à prendre bien situé et logement agréable,que l'appartement a de bons retours ou de bons avis.,non,"l'attente des pages etait un peu longue, sinon c'était bien",0,1,0,FALSE,NA,9,1,374.99498907499947,FALSE,168.8698301743716,TRUE,FALSE,FALSE,0,NA,2,FALSE,2026-11-27,choice_set_2,FALSE,FALSE,NA
synth0005,arcachon,6,szwsxlz,N,TRUE,1,50,0,8,77,95,5,3,4763,2625.0510001182556,Femme,48,Non étudiant,J'habite en couple,1,3,3,1,0,"la situation, le prix, la propreté, les commodités,l accueil,s'il y a de quoi se restaurer",j'ai choisi de façon à être proche de la mer de ne pas à avoir trop de transports à prendre bien situé et logement agréable,que l'appartement a de bons retours ou de bons avis.,non,"l'attente des pages etait un peu longue, sinon c'était bien",0,1,0,FALSE,NA,9,1,374.99498907499947,FALSE,168.8698301743716,TRUE,FALSE,FALSE,0,NA,2,FALSE,2026-11-27,choice_set_2,FALSE,FALSE,NA
synth0005,arcachon,6,2o7-x03c48inkz7sfqx42wmngo,N,TRUE,1,50,0,8,77,95,5,3,4763,2625.0510001182556,Femme,48,Non étudiant,J'habite en couple,1,3,3,1,0,"la situation, le prix, la propreté, les commodités,l accueil,s'il y a de quoi se restaurer",j'ai choisi de façon à être proche de la mer de ne pas à avoir trop de transports à prendre bien situé et logement agréable,que l'appartement a de bons retours ou de bons avis.,non,"l'attente des pages etait un peu longue, sinon c'était bien",0,1,0,FALSE,NA,9,1,374.99498907499947,FALSE,168.8698301743716,TRUE,TRUE,TRUE,12,233.04182428400964,1,FALSE,2026-11-27,choice_set_2,FALSE,FALSE,NA
synth0005,arcachon,6,5nah5l2pwt0mutirq,N,TRUE,1,50,0,8,77,95,5,3,4763,2625.0510001182556,Femme,48,Non étudiant,J'habite en couple,1,3,3,1,0,"la situation, le prix, la propreté, les commodités,l accueil,s'il y a de quoi se restaurer",j'ai choisi de façon à être proche de la mer de ne pas à avoir trop de transports à prendre bien situé et logement agréable,que l'appartement a de bons retours ou de bons avis.,non,"l'attente des pages etait un peu longue, sinon c'était bien",0,1,0,FALSE,NA,9,1,374.99498907499947,FALSE,168.8698301743716,TRUE,FALSE,FALSE,0,NA,1,FALSE,2026-11-27,choice_set_2,TRUE,FALSE,NA
synth0005,arcachon,6,w81wq2ilotly6kiat8aie89ejcqztc7,N,TRUE,1,50,0,8,77,95,5,3,4763,2625.0510001182556,Femme,48,Non étudiant,J'habite en couple,1,3,3,1,0,"la situation, le prix, la propreté, les commodités,l accueil,s'il y a de quoi se restaurer",j'ai choisi de façon à être proche de la mer de ne pas à avoir trop de transports à prendre bien situé et logement agréable,que l'appartement a de bons retours ou de bons avis.,non,"l'attente des pages etait un peu longue, sinon c'était bien",0,1,0,FALSE,NA,9,1,374.99498907499947,FALSE,168.8698301743716,TRUE,FALSE,TRUE,3,NA,3,FALSE,2026-11-27,choice_set_2,FALSE,FALSE,NA
synth0005,arcachon,6,751llpm6kwb58k,N,TRUE,1,50,0,8,77,95,5,3,4763,2625.0510001182556,Femme,48,Non étudiant,J'habite en couple,1,3,3,1,0,"la situation, le prix, la propreté, les commodités,l accueil,s'il y a de quoi se restaurer",j'ai choisi de façon à être proche de la mer de ne pas à avoir trop de transports à prendre bien situé et logement agréable,que l'appartement a de bons retours ou de bons avis.,non,"l'attente des pages etait un peu longue, sinon c'était bien",0,1,0,FALSE,NA,9,1,374.99498907499947,FALSE,168.8698301743716,TRUE,FALSE,TRUE,13,NA,2,FALSE,2026-11-27,choice_set_2,TRUE,FALSE,NA
synth0005,arcachon,6,6kazs9irp63k9exlanm8g4mx,N,TRUE,1,50,0,8,77,95,5,3,4763,2625.0510001182556,Femme,48,Non étudiant,J'habite en couple,1,3,3,1,0,"la situation, le prix, la propreté, les commodités,l accueil,s'il y a de quoi se restaurer",j'ai choisi de façon à être proche de la mer de ne pas à avoir trop de transports à prendre bien situé et logement agréable,que l'appartement a de bons retours ou de bons avis.,non,"l'attente des pages etait un peu longue, sinon c'était bien",0,1,0,FALSE,NA,9,1,374.99498907499947,FALSE,168.8698301743716,TRUE,FALSE,FALSE,0,NA,3,FALSE,2026-11-27,choice_set_2,TRUE,FALSE,NA
synth0005,arcachon,6,ptg3sls,N,TRUE,1,50,0,8,77,95,5,3,4763,2625.0510001182556,Femme,48,Non étudiant,J'habite en couple,1,3,3,1,0,"la situation, le prix, la propreté, les commodités,l accueil,s'il y a de quoi se restaurer",j'ai choisi de façon à être proche de la mer de ne pas à avoir trop de transports à prendre bien situé et logement agréable,que l'appartement a de bons retours ou de bons avis.,non,"l'attente des pages etait un peu longue, sinon c'était bien",0,1,0,FALSE,NA,9,1,374.99498907499947,FALSE,168.8698301743716,TRUE,FALSE,TRUE,6,NA,3,FALSE,2026-11-27,choice_set_2,FALSE,FALSE,NA
synth0005,arcachon,7,wr5-2wu9nlmj-sk7v34gepypfxsu51x,N,TRUE,1,50,0,8,77,95,5,3,4763,2625.0510001182556,Femme,48,Non étudiant,J'habite en couple,1,3,3,1,0,"la situation, le prix, la propreté, les commodités,l accueil,s'il y a de quoi se restaurer",j'ai choisi de façon à être proche de la mer de ne pas à avoir trop de transports à prendre bien situé et logement agréable,que l'appartement a de bons retours ou de bons avis.,non,"l'attente des pages etait un peu longue, sinon c'était bien",0,1,0,FALSE,NA,9,10,402.4616276829038,FALSE,185.597849547863,TRUE,TRUE,TRUE,12,94.8680880072061,1,FALSE,2026-11-20,choice_set_3,FALSE,FALSE,NA
synth0005,arcachon,7,cwct1kqdd8e,N,TRUE,1,50,0,8,77,95,5,3,4763,2625.0510001182556,Femme,48,Non étudiant,J'habite en couple,1,3,3,1,0,"la situation, le prix, la propreté, les commodités,l accueil,s'il y a de quoi se restaurer",j'ai choisi de façon à être proche de la mer de ne pas à avoir trop de transports à prendre bien situé et logement agréable,que l'appartement a de bons retours ou de bons avis.,non,"l'attente des pages etait un peu longue, sinon c'était bien",0,1,0,FALSE,NA,9,10,402.4616276829038,FALSE,185.597849547863,TRUE,FALSE,FALSE,0,NA,2,FALSE,2026-11-20,choice_set_3,FALSE,FALSE,NA
synth0005,arcachon,7,ymzi60-6pr,N,TRUE,1,50,0,8,77,95,5,3,4763,2625.0510001182556,Femme,48,Non étudiant,J'habite en couple,1,3,3,1,0,"la situation, le prix, la propreté, les commodités,l accueil,s'il y a de quoi se restaurer",j'ai choisi de façon à être proche de la mer de ne pas à avoir trop de transports à prendre bien situé et logement agréable,que l'appartement a de bons retours ou de bons avis.,non,"l'attente des pages etait un peu longue, sinon c'était bien",0,1,0,FALSE,NA,9,10,402.4616276829038,FALSE,185.597849547863,TRUE,FALSE,FALSE,0,NA,2,FALSE,2026-11-20,choice_set_3,FALSE,FALSE,NA
synth0005,arcachon,7,j3uuxvyars06lum61srim33a,N,TRUE,1,50,0,8,77,95,5,3,4763,2625.0510001182556,Femme,48,Non étudiant,J'habite en couple,1,3,3,1,0,"la situation, le prix, la propreté, les commodités,l accueil,s'il y a de quoi se restaurer",j'ai choisi de façon à être proche de la mer de ne pas à avoir trop de transports à prendre bien situé et logement agréable,que l'appartement a de bons retours ou de bons avis.,non,"l'attente des pages etait un peu longue, sinon c'était bien",0,1,0,FALSE,NA,9,10,402.4616276829038,FALSE,185.597849547863,TRUE,FALSE,TRUE,10,NA,3,FALSE,2026-11-20,choice_set_3,FALSE,FALSE,NA
synth0005,arcachon,7,hq27boujer4awxhycbhc,N,TRUE,1,50,0,8,77,95,5,3,4763,2625.0510001182556,Femme,48,Non étudiant,J'habite en couple,1,3,3,1,0,"la situation, le prix, la propreté, les commodités,l accueil,s'il y a de quoi se restaurer",j'ai choisi de façon à être proche de la mer de ne pas à avoir trop de transports à prendre bien situé et logement agréable,que l'appartement a de bons retours ou de bons avis.,non,"l'attente des pages etait un peu longue, sinon c'était bien",0,1,0,FALSE,NA,9,10,402.4616276829038,FALSE,185.597849547863,TRUE,FALSE,FALSE,0,NA,3,FALSE,2026-11-20,choice_set_3,FALSE,FALSE,NA
synth0005,arcachon,7,hmuo1ukk16446da7msllrqzlzzvyoqrcea3414uea1kmtjxj1e,N,TRUE,1,50,0,8,77,95,5,3,4763,2625.0510001182556,Femme,48,Non étudiant,J'habite en couple,1,3,3,1,0,"la situation, le prix, la propreté, les commodités,l accueil,s'il y a de quoi se restaurer",j'ai choisi de façon à être proche de la mer de ne pas à avoir trop de transports à prendre bien situé et logement agréable,que l'appartement a de bons retours ou de bons avis.,non,"l'attente des pages etait un peu longue, sinon c'était bien",0,1,0,FALSE,NA,9,10,402.4616276829038,FALSE,185.597849547863,TRUE,FALSE,FALSE,0,NA,1,FALSE,2026-11-20,choice_set_3,FALSE,FALSE,NA
synth0005,arcachon,7,xstnax-nbt4ngv-snjkr8v2eac,N,TRUE,1,50,0,8,77,95,5,3,4763,2625.0510001182556,Femme,48,Non étudiant,J'habite en couple,1,3,3,1,0,"la situation, le prix, la propreté, les commodités,l accueil,s'il y a de quoi se restaurer",j'ai choisi de façon à être proche de la mer de ne pas à avoir trop de transports à prendre bien situé et logement agréable,que l'appartement a de bons retours ou de bons avis.,non,"l'attente des pages etait un peu longue, sinon c'était bien",0,1,0,FALSE,NA,9,10,402.4616276829038,FALSE,185.597849547863,TRUE,FALSE,FALSE,0,NA,3,TRUE,2026-11-20,choice_set_3,TRUE,FALSE,NA
synth0005,arcachon,7,b5jehehk9q0w7rnu9txaei2fxdqhmyk6lwhsb28x,N,TRUE,1,50,0,8,77,95,5,3,4763,2625.0510001182556,Femme,48,Non étudiant,J'habite en couple,1,3,3,1,0,"la situation, le prix, la propreté, les commodités,l accueil,s'il y a de quoi se restaurer",j'ai choisi de façon à être proche de la mer de ne pas à avoir trop de transports à prendre bien situé et logement agréable,que l'appartement a de bons retours ou de bons avis.,non,"l'attente des pages etait un peu longue, sinon c'était bien",0,1,0,FALSE,NA,9,10,402.4616276829038,FALSE,185.597849547863,TRUE,FALSE,FALSE,0,NA,1,FALSE,2026-11-20,choice_set_3,TRUE,FALSE,NA
synth0005,arcachon,7,d1dwk4ygcmsdocwwkepl6msjfcfmvmrmsntf1kghk1356z9jphux-m4y,N,TRUE,1,50,0,8,77,95,5,3,4763,2625.0510001182556,Femme,48,Non étudiant,J'habite en couple,1,3,3,1,0,"la situation, le prix, la propreté, les commodités,l accueil,s'il y a de quoi se restaurer",j'ai choisi de façon à être proche de la mer de ne pas à avoir trop de transports à prendre bien situé et logement agréable,que l'appartement a de bons retours ou de bons avis.,non,"l'attente des pages etait un peu longue, sinon c'était bien",0,1,0,FALSE,NA,9,10,402.4616276829038,FALSE,185.597849547863,TRUE,FALSE,FALSE,0,NA,2,FALSE,2026-11-20,choice_set_3,TRUE,FALSE,NA
synth0005,arcachon,8,z2hr39r7cwpilr3ugwfeu60,N,TRUE,1,50,0,8,77,95,5,3,4763,2625.0510001182556,Femme,48,Non étudiant,J'habite en couple,1,3,3,1,0,"la situation, le prix, la propreté, les commodités,l accueil,s'il y a de quoi se restaurer",j'ai choisi de façon à être proche de la mer de ne pas à avoir trop de transports à prendre bien situé et logement agréable,que l'appartement a de bons retours ou de bons avis.,non,"l'attente des pages etait un peu longue, sinon c'était bien",0,1,0,FALSE,NA,9,3,475.35197256179526,FALSE,138.21007435489446,FALSE,TRUE,TRUE,13,217.24717158824205,3,FALSE,2026-10-09,choice_set_4,FALSE,FALSE,NA
synth0005,arcachon,8,zxc2k1pdxfwpmzfrnmybe0hobx8-4g8kicvzkpf22f0g2dkp55demd,N,TRUE,1,50,0,8,77,95,5,3,4763,2625.0510001182556,Femme,48,Non étudiant,J'habite en couple,1,3,3,1,0,"la situation, le prix, la propreté, les commodités,l accueil,s'il y a de quoi se restaurer",j'ai choisi de façon à être proche de la mer de ne pas à avoir trop de transports à prendre bien situé et logement agréable,que l'appartement a de bons retours ou de bons avis.,non,"l'attente des pages etait un peu longue, sinon c'était bien",0,1,0,FALSE,NA,9,3,475.35197256179526,FALSE,138.21007435489446,FALSE,FALSE,TRUE,13,205.9237112000119,1,FALSE,2026-10-09,choice_set_4,FALSE,FALSE,NA
synth0005,arcachon,8,j97x2ijgovd4kq7wjdh4rqqju-7cb9cuiqm2l6ymlyu012a4b,N,TRUE,1,50,0,8,77,95,5,3,4763,2625.0510001182556,Femme,48,Non étudiant,J'habite en couple,1,3,3,1,0,"la situation, le prix, la propreté, les commodités,l accueil,s'il y a de quoi se restaurer",j'ai choisi de façon à être proche de la mer de ne pas à avoir trop de transports à prendre bien situé et logement agréable,que l'appartement a de bons retours ou de bons avis.,non,"l'attente des pages etait un peu longue, sinon c'était bien",0,1,0,FALSE,NA,9,3,475.35197256179526,FALSE,138.21007435489446,FALSE,FALSE,TRUE,1,NA,2,FALSE,2026-10-09,choice_set_4,FALSE,FALSE,NA
synth0005,arcachon,8,k90uj4n2vwu7sxcivelfnlyeem,N,TRUE,1,50,0,8,77,95,5,3,4763,2625.0510001182556,Femme,48,Non étudiant,J'habite en couple,1,3,3,1,0,"la situation, le prix, la propreté, les commodités,l accueil,s'il y a de quoi se restaurer",j'ai choisi de façon à être proche de la mer de ne pas à avoir trop de transports à prendre bien situé et logement agréable,que l'appartement a de bons retours ou de bons avis.,non,"l'attente des pages etait un peu longue, sinon c'était bien",0,1,0,FALSE,NA,9,3,475.35197256179526,FALSE,138.21007435489446,FALSE,FALSE,TRUE,9,255.31873456086032,1,FALSE,2026-10-09,choice_set_4,TRUE,FALSE,NA
synth0005,arcachon,8,b4xbr2yjmbyuyn5jm5228uz8s5,N,TRUE,1,50,0,8,77,95,5,3,4763,2625.0510001182556,Femme,48,Non étudiant,J'habite en couple,1,3,3,1,0,"la situation, le prix, la propreté, les commodités,l accueil,s'il y a de quoi se restaurer",j'ai choisi de façon à être proche de la mer de ne pas à avoir trop de transports à prendre bien situé et logement agréable,que l'appartement a de bons retours ou de bons avis.,non,"l'attente des pages etait un peu longue, sinon c'était bien",0,1,0,FALSE,NA,9,3,475.35197256179526,FALSE,138.21007435489446,FALSE,FALSE,FALSE,0,NA,3,FALSE,2026-10-09,choice_set_4,FALSE,FALSE,NA
synth0005,arcachon,8,q67spi1pfz590at-4y0pzurj15mbg9iy,N,TRUE,1,50,0,8,77,95,5,3,4763,2625.0510001182556,Femme,48,Non étudiant,J'habite en couple,1,3,3,1,0,"la situation, le prix, la propreté, les commodités,l accueil,s'il y a de quoi se restaurer",j'ai choisi de façon à être proche de la mer de ne pas à avoir trop de transports à prendre bien situé et logement agréable,que l'appartement a de bons retours ou de bons avis.,non,"l'attente des pages etait un peu longue, sinon c'était bien",0,1,0,FALSE,NA,9,3,475.35197256179526,FALSE,138.21007435489446,FALSE,FALSE,FALSE,0,NA,2,FALSE,2026-10-09,choice_set_4,FALSE,FALSE,NA
synth0005,arcachon,8,0z7hfu43ici3ehtx7acgx-14ks,N,TRUE,1,50,0,8,77,95,5,3,4763,2625.0510001182556,Femme,48,Non étudiant,J'habite en couple,1,3,3,1,0,"la situation, le prix, la propreté, les commodités,l accueil,s'il y a de quoi se restaurer",j'ai choisi de façon à être proche de la mer de ne pas à avoir trop de transports à prendre bien situé et logement agréable,que l'appartement a de bons retours ou de bons avis.,non,"l'attente des pages etait un peu longue, sinon c'était bien",0,1,0,FALSE,NA,9,3,475.35197256179526,FALSE,138.21007435489446,FALSE,FALSE,FALSE,0,NA,3,FALSE,2026-10-09,choice_set_4,TRUE,FALSE,NA
synth0005,arcachon,8,bi3qo-0misecw7gfifpos96f56t8znzb7uufsr-s3jm5,N,TRUE,1,50,0,8,77,95,5,3,4763,2625.0510001182556,Femme,48,Non étudiant,J'habite en couple,1,3,3,1,0,"la situation, le prix, la propreté, les commodités,l accueil,s'il y a de quoi se restaurer",j'ai choisi de façon à être proche de la mer de ne pas à avoir trop de transports à prendre bien situé et logement agréable,que l'appartement a de bons retours ou de bons avis.,non,"l'attente des pages etait un peu longue, sinon c'était bien",0,1,0,FALSE,NA,9,3,475.35197256179526,FALSE,138.21007435489446,FALSE,FALSE,FALSE,0,NA,2,FALSE,2026-10-09,choice_set_4,TRUE,FALSE,NA
synth0005,arcachon,8,dx5usmo-ptdutdqjfz,N,TRUE,1,50,0,8,77,95,5,3,4763,2625.0510001182556,Femme,48,Non étudiant,J'habite en couple,1,3,3,1,0,"la situation, le prix, la propreté, les commodités,l accueil,s'il y a de quoi se restaurer",j'ai choisi de façon à être proche de la mer de ne pas à avoir trop de transports à prendre bien situé et logement agréable,que l'appartement a de bons retours ou de bons avis.,non,"l'attente des pages etait un peu longue, sinon c'était bien",0,1,0,FALSE,NA,9,3,475.35197256179526,FALSE,138.21007435489446,FALSE,FALSE,FALSE,0,NA,1,FALSE,2026-10-09,choice_set_4,FALSE,FALSE,NA
synth0005,sete,9,-8vmzsmwu3yk49nivkwl2ezosubp8e,N,TRUE,1,50,0,8,77,95,5,3,4763,2625.0510001182556,Femme,48,Non étudiant,J'habite en couple,1,3,3,1,0,"la situation, le prix, la propreté, les commodités,l accueil,s'il y a de quoi se restaurer",j'ai choisi de façon à être proche de la mer de ne pas à avoir trop de transports à prendre bien situé et logement agréable,que l'appartement a de bons retours ou de bons avis.,non,"l'attente des pages etait un peu longue, sinon c'était bien",0,1,0,FALSE,NA,9,5,372.161044256296,FALSE,82.7043027933687,TRUE,FALSE,FALSE,0,NA,1,FALSE,2026-10-23,choice_set_1,FALSE,FALSE,NA
synth0005,sete,9,4csogfys215ilnkpljr23-1qgs38ugr25l6c5aof48zt2wn6zeat4za,N,TRUE,1,50,0,8,77,95,5,3,4763,2625.0510001182556,Femme,48,Non étudiant,J'habite en couple,1,3,3,1,0,"la situation, le prix, la propreté, les commodités,l accueil,s'il y a de quoi se restaurer",j'ai choisi de façon à être proche de la mer de ne pas à avoir trop de transports à prendre bien situé et logement agréable,que l'appartement a de bons retours ou de bons avis.,non,"l'attente des pages etait un peu longue, sinon c'était bien",0,1,0,FALSE,NA,9,5,372.161044256296,FALSE,82.7043027933687,TRUE,FALSE,TRUE,11,NA,2,FALSE,2026-10-23,choice_set_1,FALSE,FALSE,NA
synth0005,sete,9,ie5l19mkauu1fmz8ow1sps7u7cu4fxwk0jvokkolx9tj,N,TRUE,1,50,0,8,77,95,5,3,4763,2625.0510001182556,Femme,48,Non étudiant,J'habite en couple,1,3,3,1,0,"la situation, le prix, la propreté, les commodités,l accueil,s'il y a de quoi se restaurer",j'ai choisi de façon à être proche de la mer de ne pas à avoir trop de transports à prendre bien situé et logement agréable,que l'appartement a de bons retours ou de bons avis.,non,"l'attente des pages etait un peu longue, sinon c'était bien",0,1,0,FALSE,NA,9,5,372.161044256296,FALSE,82.7043027933687,TRUE,TRUE,TRUE,5,80.70980185060762,2,FALSE,2026-10-23,choice_set_1,TRUE,FALSE,NA
synth0005,sete,9,m26s-n8cbfv1q0gpvwm-21yf7kfanax57mbs02j7rnneca-j86260on,N,TRUE,1,50,0,8,77,95,5,3,4763,2625.0510001182556,Femme,48,Non étudiant,J'habite en couple,1,3,3,1,0,"la situation, le prix, la propreté, les commodités,l accueil,s'il y a de quoi se restaurer",j'ai choisi de façon à être proche de la mer de ne pas à avoir trop de transports à prendre bien situé et logement agréable,que l'appartement a de bons retours ou de bons avis.,non,"l'attente des pages etait un peu longue, sinon c'était bien",0,1,0,FALSE,NA,9,5,372.161044256296,FALSE,82.7043027933687,TRUE,FALSE,FALSE,0,NA,3,FALSE,2026-10-23,choice_set_1,FALSE,FALSE,NA
synth0005,sete,9,t9u5722rqlx-3np6unewyr7d-25brkk4cf5vdwaj9rtm8q,N,TRUE,1,50,0,8,77,95,5,3,4763,2625.0510001182556,Femme,48,Non étudiant,J'habite en couple,1,3,3,1,0,"la situation, le prix, la propreté, les commodités,l accueil,s'il y a de quoi se restaurer",j'ai choisi de façon à être proche de la mer de ne pas à avoir trop de transports à prendre bien situé et logement agréable,que l'appartement a de bons retours ou de bons avis.,non,"l'attente des pages etait un peu longue, sinon c'était bien",0,1,0,FALSE,NA,9,5,372.161044256296,FALSE,82.7043027933687,TRUE,FALSE,FALSE,0,NA,1,FALSE,2026-10-23,choice_set_1,TRUE,FALSE,NA
synth0005,sete,9,1yl58a-31f0y9dlg1e59ipj0ylslqtdzyztfwdcxeq212qsi47o92wcfu,N,TRUE,1,50,0,8,77,95,5,3,4763,2625.0510001182556,Femme,48,Non étudiant,J'habite en couple,1,3,3,1,0,"la situation, le prix, la propreté, les commodités,l accueil,s'il y a de quoi se restaurer",j'ai choisi de façon à être proche de la mer de ne pas à avoir trop de transports à prendre bien situé et logement agréable,que l'appartement a de bons retours ou de bons avis.,non,"l'attente des pages etait un peu longue, sinon c'était bien",0,1,0,FALSE,NA,9,5,372.161044256296,FALSE,82.7043027933687,TRUE,FALSE,FALSE,0,NA,2,FALSE,2026-10-23,choice_set_1,FALSE,FALSE,NA
synth0005,sete,9,efcco5l8d2-ezjjij0jxlluw,N,TRUE,1,50,0,8,77,95,5,3,4763,2625.0510001182556,Femme,48,Non étudiant,J'habite en couple,1,3,3,1,0,"la situation, le prix, la propreté, les commodités,l accueil,s'il y a de quoi se restaurer",j'ai choisi de façon à être proche de la mer de ne pas à avoir trop de transports à prendre bien situé et logement agréable,que l'appartement a de bons retours ou de bons avis.,non,"l'attente des pages etait un peu longue, sinon c'était bien",0,1,0,FALSE,NA,9,5,372.161044256296,FALSE,82.7043027933687,TRUE,FALSE,FALSE,0,NA,3,FALSE,2026-10-23,choice_set_1,FALSE,FALSE,NA
synth0005,sete,9,djd5dg-mrm1o43n7seg-8hiqjwvdyi,N,TRUE,1,50,0,8,77,95,5,3,4763,2625.0510001182556,Femme,48,Non étudiant,J'habite en couple,1,3,3,1,0,"la situation, le prix, la propreté, les commodités,l accueil,s'il y a de quoi se restaurer",j'ai choisi de façon à être proche de la mer de ne pas à avoir trop de transports à prendre bien situé et logement agréable,que l'appartement a de bons retours ou de bons avis.,non,"l'attente des pages etait un peu longue, sinon c'était bien",0,1,0,FALSE,NA,9,5,372.161044256296,FALSE,82.7043027933687,TRUE,FALSE,FALSE,0,NA,1,FALSE,2026-10-23,choice_set_1,FALSE,FALSE,NA
synth0005,sete,9,n2jmqonjff1vko0qyoc4-csxany1e0-4l8b2e9eco8-3tuyk57rh-,N,TRUE,1,50,0,8,77,95,5,3,4763,2625.0510001182556,Femme,48,Non étudiant,J'habite en couple,1,3,3,1,0,"la situation, le prix, la propreté, les commodités,l accueil,s'il y a de quoi se restaurer",j'ai choisi de façon à être proche de la mer de ne pas à avoir trop de transports à prendre bien situé et logement agréable,que l'appartement a de bons retours ou de bons avis.,non,"l'attente des pages etait un peu longue, sinon c'était bien",0,1,0,FALSE,NA,9,5,372.161044256296,FALSE,82.7043027933687,TRUE,FALSE,FALSE,0,NA,3,TRUE,2026-10-23,choice_set_1,TRUE,FALSE,NA
synth0005,sete,10,ukcfmrv9cmhcsz8zatyd9fj32ga8ijbvo,N,TRUE,1,50,0,8,77,95,5,3,4763,2625.0510001182556,Femme,48,Non étudiant,J'habite en couple,1,3,3,1,0,"la situation, le prix, la propreté, les commodités,l accueil,s'il y a de quoi se restaurer",j'ai choisi de façon à être proche de la mer de ne pas à avoir trop de transports à prendre bien situé et logement agréable,que l'appartement a de bons retours ou de bons avis.,non,"l'attente des pages etait un peu longue, sinon c'était bien",0,1,0,FALSE,NA,9,7,87.84018686925992,FALSE,25.36154393525794,FALSE,FALSE,FALSE,0,NA,2,FALSE,2026-10-30,choice_set_2,TRUE,FALSE,NA
synth0005,sete,10,omvygkteaa3s8-5zahzzfs53k3h9lfychp7t22izten6czd3s2ewc0z,N,TRUE,1,50,0,8,77,95,5,3,4763,2625.0510001182556,Femme,48,Non étudiant,J'habite en couple,1,3,3,1,0,"la situation, le prix, la propreté, les commodités,l accueil,s'il y a de quoi se restaurer",j'ai choisi de façon à être proche de la mer de ne pas à avoir trop de transports à prendre bien situé et logement agréable,que l'appartement a de bons retours ou de bons avis.,non,"l'attente des pages etait un peu longue, sinon c'était bien",0,1,0,FALSE,NA,9,7,87.84018686925992,FALSE,25.36154393525794,FALSE,FALSE,FALSE,0,NA,3,FALSE,2026-10-30,choice_set_2,TRUE,FALSE,NA
synth0005,sete,10,3i2jxd1fuwvbcyk4uxz4-tbtkuzf,N,TRUE,1,50,0,8,77,95,5,3,4763,2625.0510001182556,Femme,48,Non étudiant,J'habite en couple,1,3,3,1,0,"la situation, le prix, la propreté, les commodités,l accueil,s'il y a de quoi se restaurer",j'ai choisi de façon à être proche de la mer de ne pas à avoir trop de transports à prendre bien situé et logement agréable,que l'appartement a de bons retours ou de bons avis.,non,"l'attente des pages etait un peu longue, sinon c'était bien",0,1,0,FALSE,NA,9,7,87.84018686925992,FALSE,25.36154393525794,FALSE,FALSE,FALSE,0,NA,1,FALSE,2026-10-30,choice_set_2,FALSE,FALSE,NA
synth0005,sete,10,06idhifbbsume9l0jt2bht3,N,TRUE,1,50,0,8,77,95,5,3,4763,2625.0510001182556,Femme,48,Non étudiant,J'habite en couple,1,3,3,1,0,"la situation, le prix, la propreté, les commodités,l accueil,s'il y a de quoi se restaurer",j'ai choisi de façon à être proche de la mer de ne pas à avoir trop de transports à prendre bien situé et logement agréable,que l'appartement a de bons retours ou de bons avis.,non,"l'attente des pages etait un peu longue, sinon c'était bien",0,1,0,FALSE,NA,9,7,87.84018686925992,FALSE,25.36154393525794,FALSE,FALSE,FALSE,0,NA,1,FALSE,2026-10-30,choice_set_2,TRUE,FALSE,NA
synth0005,sete,10,s7uv0he9axtg3vgy8n79cxserx2q5gcnprkbhuo2qf778-s,N,TRUE,1,50,0,8,77,95,5,3,4763,2625.0510001182556,Femme,48,Non étudiant,J'habite en couple,1,3,3,1,0,"la situation, le prix, la propreté, les commodités,l accueil,s'il y a de quoi se restaurer",j'ai choisi de façon à être proche de la mer de ne pas à avoir trop de transports à prendre bien situé et logement agréable,que l'appartement a de bons retours ou de bons avis.,non,"l'attente des pages etait un peu longue, sinon c'était bien",0,1,0,FALSE,NA,9,7,87.84018686925992,FALSE,25.36154393525794,FALSE,FALSE,FALSE,0,NA,2,FALSE,2026-10-30,choice_set_2,FALSE,FALSE,NA
synth0005,sete,10,cq52y6mbi89mb1gc65ck-dr7nti2i6htxjn0wz-3yn3v6ive5h5ga98cy,N,TRUE,1,50,0,8,77,95,5,3,4763,2625.0510001182556,Femme,48,Non étudiant,J'habite en couple,1,3,3,1,0,"la situation, le prix, la propreté, les commodités,l accueil,s'il y a de quoi se restaurer",j'ai choisi de façon à être proche de la mer de ne pas à avoir trop de transports à prendre bien situé et logement agréable,que l'appartement a de bons retours ou de bons avis.,non,"l'attente des pages etait un peu longue, sinon c'était bien",0,1,0,FALSE,NA,9,7,87.84018686925992,FALSE,25.36154393525794,FALSE,FALSE,FALSE,0,NA,3,FALSE,2026-10-30,choice_set_2,FALSE,FALSE,NA
synth0005,sete,10,t9oluekdztlltq46,N,TRUE,1,50,0,8,77,95,5,3,4763,2625.0510001182556,Femme,48,Non étudiant,J'habite en couple,1,3,3,1,0,"la situation, le prix, la propreté, les commodités,l accueil,s'il y a de quoi se restaurer",j'ai choisi de façon à être proche de la mer de ne pas à avoir trop de transports à prendre bien situé et logement agréable,que l'appartement a de bons retours ou de bons avis.,non,"l'attente des pages etait un peu longue, sinon c'était bien",0,1,0,FALSE,NA,9,7,87.84018686925992,FALSE,25.36154393525794,FALSE,TRUE,TRUE,13,235.51639317185618,2,FALSE,2026-10-30,choice_set_2,FALSE,FALSE,NA
synth0005,sete,10,hnyzay5l4ws5ok1q6vvem6sn2qagsz7kki,N,TRUE,1,50,0,8,77,95,5,3,4763,2625.0510001182556,Femme,48,Non étudiant,J'habite en couple,1,3,3,1,0,"la situation, le prix, la propreté, les commodités,l accueil,s'il y a de quoi se restaurer",j'ai choisi de façon à être proche de la mer de ne pas à avoir trop de transports à prendre bien situé et logement agréable,que l'appartement a de bons retours ou de bons avis.,non,"l'attente des pages etait un peu longue, sinon c'était bien",0,1,0,FALSE,NA,9,7,87.84018686925992,FALSE,25.36154393525794,FALSE,FALSE,FALSE,0,NA,1,FALSE,2026-10-30,choice_set_2,FALSE,FALSE,NA
synth0005,sete,10,sy2ziyu63re89kuahli2-epin7jw,N,TRUE,1,50,0,8,77,95,5,3,4763,2625.0510001182556,Femme,48,Non étudiant,J'habite en couple,1,3,3,1,0,"la situation, le prix, la propreté, les commodités,l accueil,s'il y a de quoi se restaurer",j'ai choisi de façon à être proche de la mer de ne pas à avoir trop de transports à prendre bien situé et logement agréable,que l'appartement a de bons retours ou de bons avis.,non,"l'attente des pages etait un peu longue, sinon c'était bien",0,1,0,FALSE,NA,9,7,87.84018686925992,FALSE,25.36154393525794,FALSE,FALSE,TRUE,7,162.13281171862036,3,FALSE,2026-10-30,choice_set_2,FALSE,FALSE,NA
synth0005,sete,11,293jit3ckw7nz0cickcu8i-zkl4sfunmqdv83nw,N,TRUE,1,50,0,8,77,95,5,3,4763,2625.0510001182556,Femme,48,Non étudiant,J'habite en couple,1,3,3,1,0,"la situation, le prix, la propreté, les commodités,l accueil,s'il y a de quoi se restaurer",j'ai choisi de façon à être proche de la mer de ne pas à avoir trop de transports à prendre bien situé et logement agréable,que l'appartement a de bons retours ou de bons avis.,non,"l'attente des pages etait un peu longue, sinon c'était bien",0,1,0,FALSE,NA,9,1,24.82589352480136,FALSE,186.34635332180187,FALSE,FALSE,TRUE,2,NA,2,FALSE,2026-11-20,choice_set_3,TRUE,FALSE,NA
synth0005,sete,11,6jg-bnkmsbclepy5w7b7iz6n5ptmhm,N,TRUE,1,50,0,8,77,95,5,3,4763,2625.0510001182556,Femme,48,Non étudiant,J'habite en couple,1,3,3,1,0,"la situation, le prix, la propreté, les commodités,l accueil,s'il y a de quoi se restaurer",j'ai choisi de façon à être proche de la mer de ne pas à avoir trop de transports à prendre bien situé et logement agréable,que l'appartement a de bons retours ou de bons avis.,non,"l'attente des pages etait un peu longue, sinon c'était bien",0,1,0,FALSE,NA,9,1,24.82589352480136,FALSE,186.34635332180187,FALSE,FALSE,FALSE,0,NA,1,FALSE,2026-11-20,choice_set_3,FALSE,FALSE,NA
synth0005,sete,11,oi1af5maiqfd3huawqwvtfx2517u8lwdrqa,N,TRUE,1,50,0,8,77,95,5,3,4763,2625.0510001182556,Femme,48,Non étudiant,J'habite en couple,1,3,3,1,0,"la situation, le prix, la propreté, les commodités,l accueil,s'il y a de quoi se restaurer",j'ai choisi de façon à être proche de la mer de ne pas à avoir trop de transports à prendre bien situé et logement agréable,que l'appartement a de bons retours ou de bons avis.,non,"l'attente des pages etait un peu longue, sinon c'était bien",0,1,0,FALSE,NA,9,1,24.82589352480136,FALSE,186.34635332180187,FALSE,FALSE,FALSE,0,NA,2,FALSE,2026-11-20,choice_set_3,FALSE,FALSE,NA
synth0005,sete,11,l0nhmdq-i7chum7da4azfyaof8c8e3wgte5flu7hodfk-6s4,N,TRUE,1,50,0,8,77,95,5,3,4763,2625.0510001182556,Femme,48,Non étudiant,J'habite en couple,1,3,3,1,0,"la situation, le prix, la propreté, les commodités,l accueil,s'il y a de quoi se restaurer",j'ai choisi de façon à être proche de la mer de ne pas à avoir trop de transports à prendre bien situé et logement agréable,que l'appartement a de bons retours ou de bons avis.,non,"l'attente des pages etait un peu longue, sinon c'était bien",0,1,0,FALSE,NA,9,1,24.82589352480136,FALSE,186.34635332180187,FALSE,FALSE,FALSE,0,NA,3,FALSE,2026-11-20,choice_set_3,FALSE,FALSE,NA
synth0005,sete,11,h589ojg9mnhx,N,TRUE,1,50,0,8,77,95,5,3,4763,2625.0510001182556,Femme,48,Non étudiant,J'habite en couple,1,3,3,1,0,"la situation, le prix, la propreté, les commodités,l accueil,s'il y a de quoi se restaurer",j'ai choisi de façon à être proche de la mer de ne pas à avoir trop de transports à prendre bien situé et logement agréable,que l'appartement a de bons retours ou de bons avis.,non,"l'attente des pages etait un peu longue, sinon c'était bien",0,1,0,FALSE,NA,9,1,24.82589352480136,FALSE,186.34635332180187,FALSE,TRUE,TRUE,6,238.3357598609291,3,FALSE,2026-11-20,choice_set_3,FALSE,FALSE,NA
synth0005,sete,11,4n0dn7spbac0n4o548mta2uaznja,N,TRUE,1,50,0,8,77,95,5,3,4763,2625.0510001182556,Femme,48,Non étudiant,J'habite en couple,1,3,3,1,0,"la situation, le prix, la propreté, les commodités,l accueil,s'il y a de quoi se restaurer",j'ai choisi de façon à être proche de la mer de ne pas à avoir trop de transports à prendre bien situé et logement agréable,que l'appartement a de bons retours ou de bons avis.,non,"l'attente des pages etait un peu longue, sinon c'était bien",0,1,0,FALSE,NA,9,1,24.82589352480136,FALSE,186.34635332180187,FALSE,FALSE,FALSE,0,NA,2,FALSE,2026-11-20,choice_set_3,FALSE,FALSE,NA
synth0005,sete,11,z7qbpkvs5r9txshl0b5n40foiz157zvdm5x-y5bn,N,TRUE,1,50,0,8,77,95,5,3,4763,2625.0510001182556,Femme,48,Non étudiant,J'habite en couple,1,3,3,1,0,"la situation, le prix, la propreté, les commodités,l accueil,s'il y a de quoi se restaurer",j'ai choisi de façon à être proche de la mer de ne pas à avoir trop de transports à prendre bien situé et logement agréable,que l'appartement a de bons retours ou de bons avis.,non,"l'attente des pages etait un peu longue, sinon c'était bien",0,1,0,FALSE,NA,9,1,24.82589352480136,FALSE,186.34635332180187,FALSE,FALSE,TRUE,5,NA,1,FALSE,2026-11-20,choice_set_3,FALSE,FALSE,NA
synth0005,sete,11,g9ch7fb9rsmt48fqchzgg0oxym8kcgyxb06r9z6a3qn,N,TRUE,1,50,0,8,77,95,5,3,4763,2625.0510001182556,Femme,48,Non étudiant,J'habite en couple,1,3,3,1,0,"la situation, le prix, la propreté, les commodités,l accueil,s'il y a de quoi se restaurer",j'ai choisi de façon à être proche de la mer de ne pas à avoir trop de transports à prendre bien situé et logement agréable,que l'appartement a de bons retours ou de bons avis.,non,"l'attente des pages etait un peu longue, sinon c'était bien",0,1,0,FALSE,NA,9,1,24.82589352480136,FALSE,186.34635332180187,FALSE,FALSE,FALSE,0,NA,3,FALSE,2026-11-20,choice_set_3,TRUE,FALSE,NA
synth0005,sete,11,fhivzo1087b,N,TRUE,1,50,0,8,77,95,5,3,4763,2625.0510001182556,Femme,48,Non étudiant,J'habite en couple,1,3,3,1,0,"la situation, le prix, la propreté, les commodités,l accueil,s'il y a de quoi se restaurer",j'ai choisi de façon à être proche de la mer de ne pas à avoir trop de transports à prendre bien situé et logement agréable,que l'appartement a de bons retours ou de bons avis.,non,"l'attente des pages etait un peu longue, sinon c'était bien",0,1,0,FALSE,NA,9,1,24.82589352480136,FALSE,186.34635332180187,FALSE,FALSE,FALSE,0,NA,1,FALSE,2026-11-20,choice_set_3,TRUE,FALSE,NA
synth0005,sete,12,a38886k31unrcqp13-hoicxymc6riotik3p85q25ul3bge2bqs0c847s,N,TRUE,1,50,0,8,77,95,5,3,4763,2625.0510001182556,Femme,48,Non étudiant,J'habite en couple,1,3,3,1,0,"la situation, le prix, la propreté, les commodités,l accueil,s'il y a de quoi se restaurer",j'ai choisi de façon à être proche de la mer de ne pas à avoir trop de transports à prendre bien situé et logement agréable,que l'appartement a de bons retours ou de bons avis.,non,"l'attente des pages etait un peu longue, sinon c'était bien",0,1,0,FALSE,NA,9,3,34.779251262312755,FALSE,112.43249800149351,FALSE,FALSE,FALSE,0,NA,3,FALSE,2026-10-09,choice_set_4,TRUE,FALSE,NA
synth0005,sete,12,sq5e01sjq3t0ovde64-cz00co,N,TRUE,1,50,0,8,77,95,5,3,4763,2625.0510001182556,Femme,48,Non étudiant,J'habite en couple,1,3,3,1,0,"la situation, le prix, la propreté, les commodités,l accueil,s'il y a de quoi se restaurer",j'ai choisi de façon à être proche de la mer de ne pas à avoir trop de transports à prendre bien situé et logement agréable,que l'appartement a de bons retours ou de bons avis.,non,"l'attente des pages etait un peu longue, sinon c'était bien",0,1,0,FALSE,NA,9,3,34.779251262312755,FALSE,112.43249800149351,FALSE,TRUE,TRUE,11,198.8609508087393,2,FALSE,2026-10-09,choice_set_4,FALSE,FALSE,NA
synth0005,sete,12,9q94em5ogvzv,N,TRUE,1,50,0,8,77,95,5,3,4763,2625.0510001182556,Femme,48,Non étudiant,J'habite en couple,1,3,3,1,0,"la situation, le prix, la propreté, les commodités,l accueil,s'il y a de quoi se restaurer",j'ai choisi de façon à être proche de la mer de ne pas à avoir trop de transports à prendre bien situé et logement agréable,que l'appartement a de bons retours ou de bons avis.,non,"l'attente des pages etait un peu longue, sinon c'était bien",0,1,0,FALSE,NA,9,3,34.779251262312755,FALSE,112.43249800149351,FALSE,FALSE,TRUE,11,177.55826563457958,1,FALSE,2026-10-09,choice_set_4,FALSE,FALSE,NA
synth0005,sete,12,-pt348wuzjksi5rd9r9uh-0fuyi4mru0fx5c8nd68a72idt4swj9,N,TRUE,1,50,0,8,77,95,5,3,4763,2625.0510001182556,Femme,48,Non étudiant,J'habite en couple,1,3,3,1,0,"la situation, le prix, la propreté, les commodités,l accueil,s'il y a de quoi se restaurer",j'ai choisi de façon à être proche de la mer de ne pas à avoir trop de transports à prendre bien situé et logement agréable,que l'appartement a de bons retours ou de bons avis.,non,"l'attente des pages etait un peu longue, sinon c'était bien",0,1,0,FALSE,NA,9,3,34.779251262312755,FALSE,112.43249800149351,FALSE,FALSE,FALSE,0,NA,3,FALSE,2026-10-09,choice_set_4,FALSE,FALSE,NA
synth0005,sete,12,7ukxah-d-s1um99tebt1ui5fmvky5pz0gokvdiyw57ypc,N,TRUE,1,50,0,8,77,95,5,3,4763,2625.0510001182556,Femme,48,Non étudiant,J'habite en couple,1,3,3,1,0,"la situation, le prix, la propreté, les commodités,l accueil,s'il y a de quoi se restaurer",j'ai choisi de façon à être proche de la mer de ne pas à avoir trop de transports à prendre bien situé et logement agréable,que l'appartement a de bons retours ou de bons avis.,non,"l'attente des pages etait un peu longue, sinon c'était bien",0,1,0,FALSE,NA,9,3,34.779251262312755,FALSE,112.43249800149351,FALSE,FALSE,FALSE,0,NA,3,FALSE,2026-10-09,choice_set_4,FALSE,FALSE,NA
synth0005,sete,12,gi-tabb4rcmsk019lqvh84iu49gw08-kbz9bsmbt,N,TRUE,1,50,0,8,77,95,5,3,4763,2625.0510001182556,Femme,48,Non étudiant,J'habite en couple,1,3,3,1,0,"la situation, le prix, la propreté, les commodités,l accueil,s'il y a de quoi se restaurer",j'ai choisi de façon à être proche de la mer de ne pas à avoir trop de transports à prendre bien situé et logement agréable,que l'appartement a de bons retours ou de bons avis.,non,"l'attente des pages etait un peu longue, sinon c'était bien",0,1,0,FALSE,NA,9,3,34.779251262312755,FALSE,112.43249800149351,FALSE,FALSE,FALSE,0,NA,2,FALSE,2026-10-09,choice_set_4,TRUE,FALSE,NA
synth0005,sete,12,i6e6we0ov39-5wr4444iwab1cc0t0bhic7rmnwxen8b,N,TRUE,1,50,0,8,77,95,5,3,4763,2625.0510001182556,Femme,48,Non étudiant,J'habite en couple,1,3,3,1,0,"la situation, le prix, la propreté, les commodités,l accueil,s'il y a de quoi se restaurer",j'ai choisi de façon à être proche de la mer de ne pas à avoir trop de transports à prendre bien situé et logement agréable,que l'appartement a de bons retours ou de bons avis.,non,"l'attente des pages etait un peu longue, sinon c'était bien",0,1,0,FALSE,NA,9,3,34.779251262312755,FALSE,112.43249800149351,FALSE,FALSE,FALSE,0,NA,2,FALSE,2026-10-09,choice_set_4,FALSE,FALSE,NA
synth0005,sete,12,-8u1llabm8ab4x0t5p1ptlao0es6nv356nlwtw0x9nnrdsi9bewm8ugype,N,TRUE,1,50,0,8,77,95,5,3,4763,2625.0510001182556,Femme,48,Non étudiant,J'habite en couple,1,3,3,1,0,"la situation, le prix, la propreté, les commodités,l accueil,s'il y a de quoi se restaurer",j'ai choisi de façon à être proche de la mer de ne pas à avoir trop de transports à prendre bien situé et logement agréable,que l'appartement a de bons retours ou de bons avis.,non,"l'attente des pages etait un peu longue, sinon c'était bien",0,1,0,FALSE,NA,9,3,34.779251262312755,FALSE,112.43249800149351,FALSE,FALSE,FALSE,0,NA,1,FALSE,2026-10-09,choice_set_4,FALSE,FALSE,NA
synth0005,sete,12,oq-o7bo5izdnko-g6ntcw28wa2e6r,N,TRUE,1,50,0,8,77,95,5,3,4763,2625.0510001182556,Femme,48,Non étudiant,J'habite en couple,1,3,3,1,0,"la situation, le prix, la propreté, les commodités,l accueil,s'il y a de quoi se restaurer",j'ai choisi de façon à être proche de la mer de ne pas à avoir trop de transports à prendre bien situé et logement agréable,que l'appartement a de bons retours ou de bons avis.,non,"l'attente des pages etait un peu longue, sinon c'était bien",0,1,0,FALSE,NA,9,3,34.779251262312755,FALSE,112.43249800149351,FALSE,FALSE,FALSE,0,NA,1,FALSE,2026-10-09,choice_set_4,TRUE,FALSE,NA
synth0006,la-ciotat,1,e59o15ymqdmwynrm9fruwx0qg9k5,O,FALSE,NA,25,47,61,75,43,19,3,4367,3073.4370000362396,Femme,54,Non étudiant,J'habite en couple,1,3,1,0,0,"un lit de deux place avec un matelas confortable et propre ,  une ventilation , une baignoir, un mini frigo , la television , un petit balcon ,","Mes critères de confort, un appartement avec une superficie moyenne ou grande et très proche de la plage.",Bonnes expériences des dernièeres visites,NON JE NE L AI PAS REMARQUEE,expérience intéressante,1,0,0,NA,NA,9,11,2.1099273548461497,FALSE,53.090365590993315,TRUE,FALSE,FALSE,0,NA,1,FALSE,2026-10-23,choice_set_1,FALSE,FALSE,NA
synth0006,la-ciotat,1,pasqd9xnmkpjwq-9160mudv,O,FALSE,NA,25,47,61,75,43,19,3,4367,3073.4370000362396,Femme,54,Non étudiant,J'habite en couple,1,3,1,0,0,"un lit de deux place avec un matelas confortable et propre ,  une ventilation , une baignoir, un mini frigo , la television , un petit balcon ,","Mes critères de confort, un appartement avec une superficie moyenne ou grande et très proche de la plage.",Bonnes expériences des dernièeres visites,NON JE NE L AI PAS REMARQUEE,expérience intéressante,1,0,0,NA,NA,9,11,2.1099273548461497,FALSE,53.090365590993315,TRUE,FALSE,FALSE,0,NA,3,FALSE,2026-10-23,choice_set_1,TRUE,FALSE,NA
synth0006,la-ciotat,1,8c1nlqaqvntls-zfu32,O,FALSE,NA,25,47,61,75,43,19,3,4367,3073.4370000362396,Femme,54,Non étudiant,J'habite en couple,1,3,1,0,0,"un lit de deux place avec un matelas confortable et propre ,  une ventilation , une baignoir, un mini frigo , la television , un petit balcon ,","Mes critères de confort, un appartement avec une superficie moyenne ou grande et très proche de la plage.",Bonnes expériences des dernièeres visites,NON JE NE L AI PAS REMARQUEE,expérience intéressante,1,0,0,NA,NA,9,11,2.1099273548461497,FALSE,53.090365590993315,TRUE,FALSE,FALSE,0,NA,3,FALSE,2026-10-23,choice_set_1,FALSE,FALSE,NA
synth0006,la-ciotat,1,-uh-4tpsthvzr9slewb2vavxbb73eo-0q6qa49p,O,FALSE,NA,25,47,61,75,43,19,3,4367,3073.4370000362396,Femme,54,Non étudiant,J'habite en couple,1,3,1,0,0,"un lit de deux place avec un matelas confortable et propre ,  une ventilation , une baignoir, un mini frigo , la television , un petit balcon ,","Mes critères de confort, un appartement avec une superficie moyenne ou grande et très proche de la plage.",Bonnes expériences des dernièeres visites,NON JE NE L AI PAS REMARQUEE,expérience intéressante,1,0,0,NA,NA,9,11,2.1099273548461497,FALSE,53.090365590993315,TRUE,TRUE,TRUE,4,156.978251618566,2,FALSE,2026-10-23,choice_set_1,FALSE,FALSE,NA
synth0006,la-ciotat,1,vwuffs5,O,FALSE,NA,25,47,61,75,43,19,3,4367,3073.4370000362396,Femme,54,Non étudiant,J'habite en couple,1,3,1,0,0,"un lit de deux place avec un matelas confortable et propre ,  une ventilation , une baignoir, un mini frigo , la television , un petit balcon ,","Mes critères de confort, un appartement avec une superficie moyenne ou grande et très proche de la plage.",Bonnes expériences des dernièeres visites,NON JE NE L AI PAS REMARQUEE,expérience intéressante,1,0,0,NA,NA,9,11,2.1099273548461497,FALSE,53.090365590993315,TRUE,FALSE,FALSE,0,NA,3,TRUE,2026-10-23,choice_set_1,FALSE,FALSE,NA
synth0006,la-ciotat,1,-7vsnzyllo38mcfv5eyj296wqvdqx24rbqlnjc2e1ezwhkw1d,O,FALSE,NA,25,47,61,75,43,19,3,4367,3073.4370000362396,Femme,54,Non étudiant,J'habite en couple,1,3,1,0,0,"un lit de deux place avec un matelas confortable et propre ,  une ventilation , une baignoir, un mini frigo , la television , un petit balcon ,","Mes critères de confort, un appartement avec une superficie moyenne ou grande et très proche de la plage.",Bonnes expériences des dernièeres visites,NON JE NE L AI PAS REMARQUEE,expérience intéressante,1,0,0,NA,NA,9,11,2.1099273548461497,FALSE,53.090365590993315,TRUE,FALSE,FALSE,0,NA,2,FALSE,2026-10-23,choice_set_1,FALSE,FALSE,NA
synth0006,la-ciotat,1,nfx-k731ut6ku20cp1x0fi4,O,FALSE,NA,25,47,61,75,43,19,3,4367,3073.4370000362396,Femme,54,Non étudiant,J'habite en couple,1,3,1,0,0,"un lit de deux place avec un matelas confortable et propre ,  une ventilation , une baignoir, un mini frigo , la television , un petit balcon ,","Mes critères de confort, un appartement avec une superficie moyenne ou grande et très proche de la plage.",Bonnes expériences des dernièeres visites,NON JE NE L AI PAS REMARQUEE,expérience intéressante,1,0,0,NA,NA,9,11,2.1099273548461497,FALSE,53.090365590993315,TRUE,FALSE,TRUE,4,NA,2,FALSE,2026-10-23,choice_set_1,TRUE,FALSE,NA
synth0006,la-ciotat,1,-vipp6y21z6hape7-a4srf3a2yl2jiw3q84t0gzb8lfzq,O,FALSE,NA,25,47,61,75,43,19,3,4367,3073.4370000362396,Femme,54,Non étudiant,J'habite en couple,1,3,1,0,0,"un lit de deux place avec un matelas confortable et propre ,  une ventilation , une baignoir, un mini frigo , la television , un petit balcon ,","Mes critères de confort, un appartement avec une superficie moyenne ou grande et très proche de la plage.",Bonnes expériences des dernièeres visites,NON JE NE L AI PAS REMARQUEE,expérience intéressante,1,0,0,NA,NA,9,11,2.1099273548461497,FALSE,53.090365590993315,TRUE,FALSE,TRUE,2,NA,1,FALSE,2026-10-23,choice_set_1,FALSE,FALSE,NA
synth0006,la-ciotat,1,mtk9jlku0wk98w4pk3aua2q2mjg72o252z,O,FALSE,NA,25,47,61,75,43,19,3,4367,3073.4370000362396,Femme,54,Non étudiant,J'habite en couple,1,3,1,0,0,"un lit de deux place avec un matelas confortable et propre ,  une ventilation , une baignoir, un mini frigo , la television , un petit balcon ,","Mes critères de confort, un appartement avec une superficie moyenne ou grande et très proche de la plage.",Bonnes expériences des dernièeres visites,NON JE NE L AI PAS REMARQUEE,expérience intéressante,1,0,0,NA,NA,9,11,2.1099273548461497,FALSE,53.090365590993315,TRUE,FALSE,FALSE,0,NA,1,FALSE,2026-10-23,choice_set_1,TRUE,FALSE,NA
synth0006,la-ciotat,2,e5pwrlye2,O,FALSE,NA,25,47,61,75,43,19,3,4367,3073.4370000362396,Femme,54,Non étudiant,J'habite en couple,1,3,1,0,0,"un lit de deux place avec un matelas confortable et propre ,  une ventilation , une baignoir, un mini frigo , la television , un petit balcon ,","Mes critères de confort, un appartement avec une superficie moyenne ou grande et très proche de la plage.",Bonnes expériences des dernièeres visites,NON JE NE L AI PAS REMARQUEE,expérience intéressante,1,0,0,NA,NA,9,3,154.7167741539888,FALSE,131.25568909849972,TRUE,FALSE,FALSE,0,NA,3,FALSE,2026-10-23,choice_set_2,TRUE,FALSE,NA
synth0006,la-ciotat,2,i5s2tpw,O,FALSE,NA,25,47,61,75,43,19,3,4367,3073.4370000362396,Femme,54,Non étudiant,J'habite en couple,1,3,1,0,0,"un lit de deux place avec un matelas confortable et propre ,  une ventilation , une baignoir, un mini frigo , la television , un petit balcon ,","Mes critères de confort, un appartement avec une superficie moyenne ou grande et très proche de la plage.",Bonnes expériences des dernièeres visites,NON JE NE L AI PAS REMARQUEE,expérience intéressante,1,0,0,NA,NA,9,3,154.7167741539888,FALSE,131.25568909849972,TRUE,FALSE,FALSE,0,NA,3,FALSE,2026-10-23,choice_set_2,FALSE,FALSE,NA
synth0006,la-ciotat,2,dwhzfyoehmk6n2mblwf3itrt7ycixklso9r8utom3fje4w,O,FALSE,NA,25,47,61,75,43,19,3,4367,3073.4370000362396,Femme,54,Non étudiant,J'habite en couple,1,3,1,0,0,"un lit de deux place avec un matelas confortable et propre ,  une ventilation , une baignoir, un mini frigo , la television , un petit balcon ,","Mes critères de confort, un appartement avec une superficie moyenne ou grande et très proche de la plage.",Bonnes expériences des dernièeres visites,NON JE NE L AI PAS REMARQUEE,expérience intéressante,1,0,0,NA,NA,9,3,154.7167741539888,FALSE,131.25568909849972,TRUE,FALSE,TRUE,6,62.365483478643,2,FALSE,2026-10-23,choice_set_2,FALSE,FALSE,NA
synth0006,la-ciotat,2,vy1w5yg2gyu0rx2kfa,O,FALSE,NA,25,47,61,75,43,19,3,4367,3073.4370000362396,Femme,54,Non étudiant,J'habite en couple,1,3,1,0,0,"un lit de deux place avec un matelas confortable et propre ,  une ventilation , une baignoir, un mini frigo , la television , un petit balcon ,","Mes critères de confort, un appartement avec une superficie moyenne ou grande et très proche de la plage.",Bonnes expériences des dernièeres visites,NON JE NE L AI PAS REMARQUEE,expérience intéressante,1,0,0,NA,NA,9,3,154.7167741539888,FALSE,131.25568909849972,TRUE,TRUE,TRUE,1,5.831320313736796,1,FALSE,2026-10-23,choice_set_2,FALSE,FALSE,NA
synth0006,la-ciotat,2,0z2gu3g7w5dvy,O,FALSE,NA,25,47,61,75,43,19,3,4367,3073.4370000362396,Femme,54,Non étudiant,J'habite en couple,1,3,1,0,0,"un lit de deux place avec un matelas confortable et propre ,  une ventilation , une baignoir, un mini frigo , la television , un petit balcon ,","Mes critères de confort, un appartement avec une superficie moyenne ou grande et très proche de la plage.",Bonnes expériences des dernièeres visites,NON JE NE L AI PAS REMARQUEE,expérience intéressante,1,0,0,NA,NA,9,3,154.7167741539888,FALSE,131.25568909849972,TRUE,FALSE,FALSE,0,NA,1,FALSE,2026-10-23,choice_set_2,FALSE,FALSE,NA
synth0006,la-ciotat,2,kdu9-f-sk7kklpdwzby0om161qxoj9je9,O,FALSE,NA,25,47,61,75,43,19,3,4367,3073.4370000362396,Femme,54,Non étudiant,J'habite en couple,1,3,1,0,0,"un lit de deux place avec un matelas confortable et propre ,  une ventilation , une baignoir, un mini frigo , la television , un petit balcon ,","Mes critères de confort, un appartement avec une superficie moyenne ou grande et très proche de la plage.",Bonnes expériences des dernièeres visites,NON JE NE L AI PAS REMARQUEE,expérience intéressante,1,0,0,NA,NA,9,3,154.7167741539888,FALSE,131.25568909849972,TRUE,FALSE,FALSE,0,NA,3,FALSE,2026-10-23,choice_set_2,FALSE,FALSE,NA
synth0006,la-ciotat,2,w722j-tdsqhc-9u10bu3jr1,O,FALSE,NA,25,47,61,75,43,19,3,4367,3073.4370000362396,Femme,54,Non étudiant,J'habite en couple,1,3,1,0,0,"un lit de deux place avec un matelas confortable et propre ,  une ventilation , une baignoir, un mini frigo , la television , un petit balcon ,","Mes critères de confort, un appartement avec une superficie moyenne ou grande et très proche de la plage.",Bonnes expériences des dernièeres visites,NON JE NE L AI PAS REMARQUEE,expérience intéressante,1,0,0,NA,NA,9,3,154.7167741539888,FALSE,131.25568909849972,TRUE,FALSE,TRUE,12,259.09781272290275,2,FALSE,2026-10-23,choice_set_2,FALSE,FALSE,NA
synth0006,la-ciotat,2,hv80dml9woqs3,O,FALSE,NA,25,47,61,75,43,19,3,4367,3073.4370000362396,Femme,54,Non étudiant,J'habite en couple,1,3,1,0,0,"un lit de deux place avec un matelas confortable et propre ,  une ventilation , une baignoir, un mini frigo , la television , un petit balcon ,","Mes critères de confort, un appartement avec une superficie moyenne ou grande et très proche de la plage.",Bonnes expériences des dernièeres visites,NON JE NE L AI PAS REMARQUEE,expérience intéressante,1,0,0,NA,NA,9,3,154.7167741539888,FALSE,131.25568909849972,TRUE,FALSE,FALSE,0,NA,2,TRUE,2026-10-23,choice_set_2,TRUE,FALSE,NA
synth0006,la-ciotat,2,924ulp5zcea87ekydvnql3fmjnp69tk,O,FALSE,NA,25,47,61,75,43,19,3,4367,3073.4370000362396,Femme,54,Non étudiant,J'habite en couple,1,3,1,0,0,"un lit de deux place avec un matelas confortable et propre ,  une ventilation , une baignoir, un mini frigo , la television , un petit balcon ,","Mes critères de confort, un appartement avec une superficie moyenne ou grande et très proche de la plage.",Bonnes expériences des dernièeres visites,NON JE NE L AI PAS REMARQUEE,expérience intéressante,1,0,0,NA,NA,9,3,154.7167741539888,FALSE,131.25568909849972,TRUE,FALSE,FALSE,0,NA,1,FALSE,2026-10-23,choice_set_2,TRUE,FALSE,NA
synth0006,la-ciotat,3,txxxrvpf5ko2nsgzs6dx32b3xgkj-7x0oq,O,FALSE,NA,25,47,61,75,43,19,3,4367,3073.4370000362396,Femme,54,Non étudiant,J'habite en couple,1,3,1,0,0,"un lit de deux place avec un matelas confortable et propre ,  une ventilation , une baignoir, un mini frigo , la television , un petit balcon ,","Mes critères de confort, un appartement avec une superficie moyenne ou grande et très proche de la plage.",Bonnes expériences des dernièeres visites,NON JE NE L AI PAS REMARQUEE,expérience intéressante,1,0,0,NA,NA,9,0,460.97255475632846,FALSE,142.16728986660019,TRUE,FALSE,FALSE,0,NA,2,FALSE,2026-10-09,choice_set_3,FALSE,FALSE,NA
synth0006,la-ciotat,3,m6tb8ks-,O,FALSE,NA,25,47,61,75,43,19,3,4367,3073.4370000362396,Femme,54,Non étudiant,J'habite en couple,1,3,1,0,0,"un lit de deux place avec un matelas confortable et propre ,  une ventilation , une baignoir, un mini frigo , la television , un petit balcon ,","Mes critères de confort, un appartement avec une superficie moyenne ou grande et très proche de la plage.",Bonnes expériences des dernièeres visites,NON JE NE L AI PAS REMARQUEE,expérience intéressante,1,0,0,NA,NA,9,0,460.97255475632846,FALSE,142.16728986660019,TRUE,FALSE,FALSE,0,NA,2,FALSE,2026-10-09,choice_set_3,FALSE,FALSE,NA
synth0006,la-ciotat,3,8oflijquk9sgk5wo5d,O,FALSE,NA,25,47,61,75,43,19,3,4367,3073.4370000362396,Femme,54,Non étudiant,J'habite en couple,1,3,1,0,0,"un lit de deux place avec un matelas confortable et propre ,  une ventilation , une baignoir, un mini frigo , la television , un petit balcon ,","Mes critères de confort, un appartement avec une superficie moyenne ou grande et très proche de la plage.",Bonnes expériences des dernièeres visites,NON JE NE L AI PAS REMARQUEE,expérience intéressante,1,0,0,NA,NA,9,0,460.97255475632846,FALSE,142.16728986660019,TRUE,FALSE,TRUE,10,105.51783710136078,3,FALSE,2026-10-09,choice_set_3,FALSE,FALSE,NA
synth0006,la-ciotat,3,yj3b5ulbd29xqzml09m8d3qqlafp4n3q6d86b5pmvnnm4rv8mf7g,O,FALSE,NA,25,47,61,75,43,19,3,4367,3073.4370000362396,Femme,54,Non étudiant,J'habite en couple,1,3,1,0,0,"un lit de deux place avec un matelas confortable et propre ,  une ventilation , une baignoir, un mini frigo , la television , un petit balcon ,","Mes critères de confort, un appartement avec une superficie moyenne ou grande et très proche de la plage.",Bonnes expériences des dernièeres visites,NON JE NE L AI PAS REMARQUEE,expérience intéressante,1,0,0,NA,NA,9,0,460.97255475632846,FALSE,142.16728986660019,TRUE,FALSE,FALSE,0,NA,3,FALSE,2026-10-09,choice_set_3,FALSE,FALSE,NA
synth0006,la-ciotat,3,ufpmi3b89klmhstv8ta7bn9hcemu,O,FALSE,NA,25,47,61,75,43,19,3,4367,3073.4370000362396,Femme,54,Non étudiant,J'habite en couple,1,3,1,0,0,"un lit de deux place avec un matelas confortable et propre ,  une ventilation , une baignoir, un mini frigo , la television , un petit balcon ,","Mes critères de confort, un appartement avec une superficie moyenne ou grande et très proche de la plage.",Bonnes expériences des dernièeres visites,NON JE NE L AI PAS REMARQUEE,expérience intéressante,1,0,0,NA,NA,9,0,460.97255475632846,FALSE,142.16728986660019,TRUE,FALSE,FALSE,0,NA,1,TRUE,2026-10-09,choice_set_3,FALSE,FALSE,NA
synth0006,la-ciotat,3,sariwku3o4ultquc9m8gm3o08ahgv0vbqfv2gvfahe0d3,O,FALSE,NA,25,47,61,75,43,19,3,4367,3073.4370000362396,Femme,54,Non étudiant,J'habite en couple,1,3,1,0,0,"un lit de deux place avec un matelas confortable et propre ,  une ventilation , une baignoir, un mini frigo , la television , un petit balcon ,","Mes critères de confort, un appartement avec une superficie moyenne ou grande et très proche de la plage.",Bonnes expériences des dernièeres visites,NON JE NE L AI PAS REMARQUEE,expérience intéressante,1,0,0,NA,NA,9,0,460.97255475632846,FALSE,142.16728986660019,TRUE,TRUE,TRUE,3,NA,1,FALSE,2026-10-09,choice_set_3,TRUE,FALSE,NA
synth0006,la-ciotat,3,074-0felhpbs3-d7ka075oaexxymbmt043pru-,O,FALSE,NA,25,47,61,75,43,19,3,4367,3073.4370000362396,Femme,54,Non étudiant,J'habite en couple,1,3,1,0,0,"un lit de deux place avec un matelas confortable et propre ,  une ventilation , une baignoir, un mini frigo , la television , un petit balcon ,","Mes critères de confort, un appartement avec une superficie moyenne ou grande et très proche de la plage.",Bonnes expériences des dernièeres visites,NON JE NE L AI PAS REMARQUEE,expérience intéressante,1,0,0,NA,NA,9,0,460.97255475632846,FALSE,142.16728986660019,TRUE,FALSE,FALSE,0,NA,2,FALSE,2026-10-09,choice_set_3,TRUE,FALSE,NA
synth0006,la-ciotat,3,oh098yy6sh-849883130qzy6tuap,O,FALSE,NA,25,47,61,75,43,19,3,4367,3073.4370000362396,Femme,54,Non étudiant,J'habite en couple,1,3,1,0,0,"un lit de deux place avec un matelas confortable et propre ,  une ventilation , une baignoir, un mini frigo , la television , un petit balcon ,","Mes critères de confort, un appartement avec une superficie moyenne ou grande et très proche de la plage.",Bonnes expériences des dernièeres visites,NON JE NE L AI PAS REMARQUEE,expérience intéressante,1,0,0,NA,NA,9,0,460.97255475632846,FALSE,142.16728986660019,TRUE,FALSE,FALSE,0,NA,3,FALSE,2026-10-09,choice_set_3,TRUE,FALSE,NA
synth0006,la-ciotat,3,q6645blosazo2y2ss-aiqs5xt,O,FALSE,NA,25,47,61,75,43,19,3,4367,3073.4370000362396,Femme,54,Non étudiant,J'habite en couple,1,3,1,0,0,"un lit de deux place avec un matelas confortable et propre ,  une ventilation , une baignoir, un mini frigo , la television , un petit balcon ,","Mes critères de confort, un appartement avec une superficie moyenne ou grande et très proche de la plage.",Bonnes expériences des dernièeres visites,NON JE NE L AI PAS REMARQUEE,expérience intéressante,1,0,0,NA,NA,9,0,460.97255475632846,FALSE,142.16728986660019,TRUE,FALSE,TRUE,3,NA,1,FALSE,2026-10-09,choice_set_3,FALSE,FALSE,NA
synth0006,la-ciotat,4,k5v17jdar6dll6dhs9f5xpcdgzm1ycoy-cmfrebupwcm53j5d,O,FALSE,NA,25,47,61,75,43,19,3,4367,3073.4370000362396,Femme,54,Non étudiant,J'habite en couple,1,3,1,0,0,"un lit de deux place avec un matelas confortable et propre ,  une ventilation , une baignoir, un mini frigo , la television , un petit balcon ,","Mes critères de confort, un appartement avec une superficie moyenne ou grande et très proche de la plage.",Bonnes expériences des dernièeres visites,NON JE NE L AI PAS REMARQUEE,expérience intéressante,1,0,0,NA,NA,9,10,124.6854304058943,FALSE,85.59857466933317,TRUE,FALSE,TRUE,1,NA,1,FALSE,2026-11-06,choice_set_4,FALSE,FALSE,NA
synth0006,la-ciotat,4,rfeba68c4xps-z-aptvkmrjyne,O,FALSE,NA,25,47,61,75,43,19,3,4367,3073.4370000362396,Femme,54,Non étudiant,J'habite en couple,1,3,1,0,0,"un lit de deux place avec un matelas confortable et propre ,  une ventilation , une baignoir, un mini frigo , la television , un petit balcon ,","Mes critères de confort, un appartement avec une superficie moyenne ou grande et très proche de la plage.",Bonnes expériences des dernièeres visites,NON JE NE L AI PAS REMARQUEE,expérience intéressante,1,0,0,NA,NA,9,10,124.6854304058943,FALSE,85.59857466933317,TRUE,FALSE,TRUE,7,88.78492739167996,2,FALSE,2026-11-06,choice_set_4,TRUE,FALSE,NA
synth0006,la-ciotat,4,6x58spb32eflpa78ibad7kgj2p1ac6-6,O,FALSE,NA,25,47,61,75,43,19,3,4367,3073.4370000362396,Femme,54,Non étudiant,J'habite en couple,1,3,1,0,0,"un lit de deux place avec un matelas confortable et propre ,  une ventilation , une baignoir, un mini frigo , la television , un petit balcon ,","Mes critères de confort, un appartement avec une superficie moyenne ou grande et très proche de la plage.",Bonnes expériences des dernièeres visites,NON JE NE L AI PAS REMARQUEE,expérience intéressante,1,0,0,NA,NA,9,10,124.6854304058943,FALSE,85.59857466933317,TRUE,FALSE,TRUE,5,NA,3,FALSE,2026-11-06,choice_set_4,FALSE,FALSE,NA
synth0006,la-ciotat,4,bpopn80nidceitaxqw0seihotx68emrkkh64f1ewspl,O,FALSE,NA,25,47,61,75,43,19,3,4367,3073.4370000362396,Femme,54,Non étudiant,J'habite en couple,1,3,1,0,0,"un lit de deux place avec un matelas confortable et propre ,  une ventilation , une baignoir, un mini frigo , la television , un petit balcon ,","Mes critères de confort, un appartement avec une superficie moyenne ou grande et très proche de la plage.",Bonnes expériences des dernièeres visites,NON JE NE L AI PAS REMARQUEE,expérience intéressante,1,0,0,NA,NA,9,10,124.6854304058943,FALSE,85.59857466933317,TRUE,FALSE,FALSE,0,NA,2,FALSE,2026-11-06,choice_set_4,FALSE,FALSE,NA
synth0006,la-ciotat,4,clsianha0przm9kgrqzsjtrh3xsgyg,O,FALSE,NA,25,47,61,75,43,19,3,4367,3073.4370000362396,Femme,54,Non étudiant,J'habite en couple,1,3,1,0,0,"un lit de deux place avec un matelas confortable et propre ,  une ventilation , une baignoir, un mini frigo , la television , un petit balcon ,","Mes critères de confort, un appartement avec une superficie moyenne ou grande et très proche de la plage.",Bonnes expériences des dernièeres visites,NON JE NE L AI PAS REMARQUEE,expérience intéressante,1,0,0,NA,NA,9,10,124.6854304058943,FALSE,85.59857466933317,TRUE,FALSE,FALSE,0,NA,1,FALSE,2026-11-06,choice_set_4,TRUE,FALSE,NA
synth0006,la-ciotat,4,rcz6yd-795w7lorjx35qc69pbyatk,O,FALSE,NA,25,47,61,75,43,19,3,4367,3073.4370000362396,Femme,54,Non étudiant,J'habite en couple,1,3,1,0,0,"un lit de deux place avec un matelas confortable et propre ,  une ventilation , une baignoir, un mini frigo , la television , un petit balcon ,","Mes critères de confort, un appartement avec une superficie moyenne ou grande et très proche de la plage.",Bonnes expériences des dernièeres visites,NON JE NE L AI PAS REMARQUEE,expérience intéressante,1,0,0,NA,NA,9,10,124.6854304058943,FALSE,85.59857466933317,TRUE,FALSE,FALSE,0,NA,2,FALSE,2026-11-06,choice_set_4,FALSE,FALSE,NA
synth0006,la-ciotat,4,10y3auu600ltcwwdi4lbmw,O,FALSE,NA,25,47,61,75,43,19,3,4367,3073.4370000362396,Femme,54,Non étudiant,J'habite en couple,1,3,1,0,0,"un lit de deux place avec un matelas confortable et propre ,  une ventilation , une baignoir, un mini frigo , la television , un petit balcon ,","Mes critères de confort, un appartement avec une superficie moyenne ou grande et très proche de la plage.",Bonnes expériences des dernièeres visites,NON JE NE L AI PAS REMARQUEE,expérience intéressante,1,0,0,NA,NA,9,10,124.6854304058943,FALSE,85.59857466933317,TRUE,FALSE,FALSE,0,NA,3,TRUE,2026-11-06,choice_set_4,FALSE,FALSE,NA
synth0006,la-ciotat,4,wiuya7tmkqe2onn-yv4bavj1o2yzgsyt0ujbsd0b3k67uvtn4qgv1,O,FALSE,NA,25,47,61,75,43,19,3,4367,3073.4370000362396,Femme,54,Non étudiant,J'habite en couple,1,3,1,0,0,"un lit de deux place avec un matelas confortable et propre ,  une ventilation , une baignoir, un mini frigo , la television , un petit balcon ,","Mes critères de confort, un appartement avec une superficie moyenne ou grande et très proche de la plage.",Bonnes expériences des dernièeres visites,NON JE NE L AI PAS REMARQUEE,expérience intéressante,1,0,0,NA,NA,9,10,124.6854304058943,FALSE,85.59857466933317,TRUE,FALSE,FALSE,0,NA,1,FALSE,2026-11-06,choice_set_4,FALSE,FALSE,NA
synth0006,la-ciotat,4,sld1vwtn2eg3aix-um,O,FALSE,NA,25,47,61,75,43,19,3,4367,3073.4370000362396,Femme,54,Non étudiant,J'habite en couple,1,3,1,0,0,"un lit de deux place avec un matelas confortable et propre ,  une ventilation , une baignoir, un mini frigo , la television , un petit balcon ,","Mes critères de confort, un appartement avec une superficie moyenne ou grande et très proche de la plage.",Bonnes expériences des dernièeres visites,NON JE NE L AI PAS REMARQUEE,expérience intéressante,1,0,0,NA,NA,9,10,124.6854304058943,FALSE,85.59857466933317,TRUE,TRUE,TRUE,8,NA,3,FALSE,2026-11-06,choice_set_4,TRUE,FALSE,NA
synth0006,sete,5,fb7gmvroy9p,O,FALSE,NA,25,47,61,75,43,19,3,4367,3073.4370000362396,Femme,54,Non étudiant,J'habite en couple,1,3,1,0,0,"un lit de deux place avec un matelas confortable et propre ,  une ventilation , une baignoir, un mini frigo , la television , un petit balcon ,","Mes critères de confort, un appartement avec une superficie moyenne ou grande et très proche de la plage.",Bonnes expériences des dernièeres visites,NON JE NE L AI PAS REMARQUEE,expérience intéressante,1,0,0,NA,NA,9,2,233.39390483591706,FALSE,156.5255157498177,FALSE,FALSE,FALSE,0,NA,1,FALSE,2026-10-23,choice_set_1,FALSE,FALSE,NA
synth0006,sete,5,7tt3vnfh3uccl0q2d,O,FALSE,NA,25,47,61,75,43,19,3,4367,3073.4370000362396,Femme,54,Non étudiant,J'habite en couple,1,3,1,0,0,"un lit de deux place avec un matelas confortable et propre ,  une ventilation , une baignoir, un mini frigo , la television , un petit balcon ,","Mes critères de confort, un appartement avec une superficie moyenne ou grande et très proche de la plage.",Bonnes expériences des dernièeres visites,NON JE NE L AI PAS REMARQUEE,expérience intéressante,1,0,0,NA,NA,9,2,233.39390483591706,FALSE,156.5255157498177,FALSE,TRUE,TRUE,7,121.2976012157742,2,FALSE,2026-10-23,choice_set_1,FALSE,FALSE,NA
synth0006,sete,5,-svutws3oqs-pfx8tmhvcwl1hwyu1hn04-8oxxieh-advyh-18cjc,O,FALSE,NA,25,47,61,75,43,19,3,4367,3073.4370000362396,Femme,54,Non étudiant,J'habite en couple,1,3,1,0,0,"un lit de deux place avec un matelas confortable et propre ,  une ventilation , une baignoir, un mini frigo , la television , un petit balcon ,","Mes critères de confort, un appartement avec une superficie moyenne ou grande et très proche de la plage.",Bonnes expériences des dernièeres visites,NON JE NE L AI PAS REMARQUEE,expérience intéressante,1,0,0,NA,NA,9,2,233.39390483591706,FALSE,156.5255157498177,FALSE,FALSE,FALSE,0,NA,3,FALSE,2026-10-23,choice_set_1,TRUE,FALSE,NA
synth0006,sete,5,fzf5ks5u88h-95aqllx8,O,FALSE,NA,25,47,61,75,43,19,3,4367,3073.4370000362396,Femme,54,Non étudiant,J'habite en couple,1,3,1,0,0,"un lit de deux place avec un matelas confortable et propre ,  une ventilation , une baignoir, un mini frigo , la television , un petit balcon ,","Mes critères de confort, un appartement avec une superficie moyenne ou grande et très proche de la plage.",Bonnes expériences des dernièeres visites,NON JE NE L AI PAS REMARQUEE,expérience intéressante,1,0,0,NA,NA,9,2,233.39390483591706,FALSE,156.5255157498177,FALSE,FALSE,FALSE,0,NA,3,FALSE,2026-10-23,choice_set_1,FALSE,FALSE,NA
synth0006,sete,5,3oxfm6cafcni5vbm-bob270rv6u088-9xuwew775mi3n454,O,FALSE,NA,25,47,61,75,43,19,3,4367,3073.4370000362396,Femme,54,Non étudiant,J'habite en couple,1,3,1,0,0,"un lit de deux place avec un matelas confortable et propre ,  une ventilation , une baignoir, un mini frigo , la television , un petit balcon ,","Mes critères de confort, un appartement avec une superficie moyenne ou grande et très proche de la plage.",Bonnes expériences des dernièeres visites,NON JE NE L AI PAS REMARQUEE,expérience intéressante,1,0,0,NA,NA,9,2,233.39390483591706,FALSE,156.5255157498177,FALSE,FALSE,FALSE,0,NA,2,FALSE,2026-10-23,choice_set_1,FALSE,FALSE,NA
synth0006,sete,5,7hfdgwswqwvi1gb-w819u8v0wjus,O,FALSE,NA,25,47,61,75,43,19,3,4367,3073.4370000362396,Femme,54,Non étudiant,J'habite en couple,1,3,1,0,0,"un lit de deux place avec un matelas confortable et propre ,  une ventilation , une baignoir, un mini frigo , la television , un petit balcon ,","Mes critères de confort, un appartement avec une superficie moyenne ou grande et très proche de la plage.",Bonnes expériences des dernièeres visites,NON JE NE L AI PAS REMARQUEE,expérience intéressante,1,0,0,NA,NA,9,2,233.39390483591706,FALSE,156.5255157498177,FALSE,FALSE,FALSE,0,NA,1,FALSE,2026-10-23,choice_set_1,TRUE,FALSE,NA
synth0006,sete,5,o7abj45hdvs-jsn93fd-s-3x67d-qt9kg2f6tj0xf41d728xq4p7fpakzb06,O,FALSE,NA,25,47,61,75,43,19,3,4367,3073.4370000362396,Femme,54,Non étudiant,J'habite en couple,1,3,1,0,0,"un lit de deux place avec un matelas confortable et propre ,  une ventilation , une baignoir, un mini frigo , la television , un petit balcon ,","Mes critères de confort, un appartement avec une superficie moyenne ou grande et très proche de la plage.",Bonnes expériences des dernièeres visites,NON JE NE L AI PAS REMARQUEE,expérience intéressante,1,0,0,NA,NA,9,2,233.39390483591706,FALSE,156.5255157498177,FALSE,FALSE,FALSE,0,NA,3,FALSE,2026-10-23,choice_set_1,FALSE,FALSE,NA
synth0006,sete,5,a6-h-3nbw6yxwztmngpx79q4v2ngdkorryi,O,FALSE,NA,25,47,61,75,43,19,3,4367,3073.4370000362396,Femme,54,Non étudiant,J'habite en couple,1,3,1,0,0,"un lit de deux place avec un matelas confortable et propre ,  une ventilation , une baignoir, un mini frigo , la television , un petit balcon ,","Mes critères de confort, un appartement avec une superficie moyenne ou grande et très proche de la plage.",Bonnes expériences des dernièeres visites,NON JE NE L AI PAS REMARQUEE,expérience intéressante,1,0,0,NA,NA,9,2,233.39390483591706,FALSE,156.5255157498177,FALSE,FALSE,FALSE,0,NA,1,FALSE,2026-10-23,choice_set_1,FALSE,FALSE,NA
synth0006,sete,5,qc4bje0y5t8ii9,O,FALSE,NA,25,47,61,75,43,19,3,4367,3073.4370000362396,Femme,54,Non étudiant,J'habite en couple,1,3,1,0,0,"un lit de deux place avec un matelas confortable et propre ,  une ventilation , une baignoir, un mini frigo , la television , un petit balcon ,","Mes critères de confort, un appartement avec une superficie moyenne ou grande et très proche de la plage.",Bonnes expériences des dernièeres visites,NON JE NE L AI PAS REMARQUEE,expérience intéressante,1,0,0,NA,NA,9,2,233.39390483591706,FALSE,156.5255157498177,FALSE,FALSE,TRUE,13,9.704427265096456,2,FALSE,2026-10-23,choice_set_1,TRUE,FALSE,NA
synth0006,sete,6,yl8fesooup2h7uaa365ozxdcwcvejyjvk5dwyp35a-itjktj0mckjs01swq,O,FALSE,NA,25,47,61,75,43,19,3,4367,3073.4370000362396,Femme,54,Non étudiant,J'habite en couple,1,3,1,0,0,"un lit de deux place avec un matelas confortable et propre ,  une ventilation , une baignoir, un mini frigo , la television , un petit balcon ,","Mes critères de confort, un appartement avec une superficie moyenne ou grande et très proche de la plage.",Bonnes expériences des dernièeres visites,NON JE NE L AI PAS REMARQUEE,expérience intéressante,1,0,0,NA,NA,9,8,216.1498966398649,FALSE,196.0460613644682,TRUE,FALSE,FALSE,0,NA,3,FALSE,2026-10-23,choice_set_2,FALSE,FALSE,NA
synth0006,sete,6,h2ny5i90o9zcz35z4kb0edk9-806j84n-3zp4884zi,O,FALSE,NA,25,47,61,75,43,19,3,4367,3073.4370000362396,Femme,54,Non étudiant,J'habite en couple,1,3,1,0,0,"un lit de deux place avec un matelas confortable et propre ,  une ventilation , une baignoir, un mini frigo , la television , un petit balcon ,","Mes critères de confort, un appartement avec une superficie moyenne ou grande et très proche de la plage.",Bonnes expériences des dernièeres visites,NON JE NE L AI PAS REMARQUEE,expérience intéressante,1,0,0,NA,NA,9,8,216.1498966398649,FALSE,196.0460613644682,TRUE,FALSE,FALSE,0,NA,2,FALSE,2026-10-23,choice_set_2,FALSE,FALSE,NA
synth0006,sete,6,jswtq-t-dca20m6txv9ko,O,FALSE,NA,25,47,61,75,43,19,3,4367,3073.4370000362396,Femme,54,Non étudiant,J'habite en couple,1,3,1,0,0,"un lit de deux place avec un matelas confortable et propre ,  une ventilation , une baignoir, un mini frigo , la television , un petit balcon ,","Mes critères de confort, un appartement avec une superficie moyenne ou grande et très proche de la plage.",Bonnes expériences des dernièeres visites,NON JE NE L AI PAS REMARQUEE,expérience intéressante,1,0,0,NA,NA,9,8,216.1498966398649,FALSE,196.0460613644682,TRUE,FALSE,FALSE,0,NA,1,FALSE,2026-10-23,choice_set_2,FALSE,FALSE,NA
synth0006,sete,6,x6bqsbfcibrcr7n1ztwu5uqkgz9yfr6-rmbzolfcsoummecuyx9qms0v0,O,FALSE,NA,25,47,61,75,43,19,3,4367,3073.4370000362396,Femme,54,Non étudiant,J'habite en couple,1,3,1,0,0,"un lit de deux place avec un matelas confortable et propre ,  une ventilation , une baignoir, un mini frigo , la television , un petit balcon ,","Mes critères de confort, un appartement avec une superficie moyenne ou grande et très proche de la plage.",Bonnes expériences des dernièeres visites,NON JE NE L AI PAS REMARQUEE,expérience intéressante,1,0,0,NA,NA,9,8,216.1498966398649,FALSE,196.0460613644682,TRUE,FALSE,FALSE,0,NA,3,TRUE,2026-10-23,choice_set_2,TRUE,FALSE,NA
synth0006,sete,6,diwydp9lsn9dpr8a19-9zx2h-pudku6n7ye76i73s8-afz83r0hxeeozlda6,O,FALSE,NA,25,47,61,75,43,19,3,4367,3073.4370000362396,Femme,54,Non étudiant,J'habite en couple,1,3,1,0,0,"un lit de deux place avec un matelas confortable et propre ,  une ventilation , une baignoir, un mini frigo , la television , un petit balcon ,","Mes critères de confort, un appartement avec une superficie moyenne ou grande et très proche de la plage.",Bonnes expériences des dernièeres visites,NON JE NE L AI PAS REMARQUEE,expérience intéressante,1,0,0,NA,NA,9,8,216.1498966398649,FALSE,196.0460613644682,TRUE,TRUE,TRUE,14,NA,1,FALSE,2026-10-23,choice_set_2,TRUE,FALSE,NA
synth0006,sete,6,jjx7m8i79kbtofe,O,FALSE,NA,25,47,61,75,43,19,3,4367,3073.4370000362396,Femme,54,Non étudiant,J'habite en couple,1,3,1,0,0,"un lit de deux place avec un matelas confortable et propre ,  une ventilation , une baignoir, un mini frigo , la television , un petit balcon ,","Mes critères de confort, un appartement avec une superficie moyenne ou grande et très proche de la plage.",Bonnes expériences des dernièeres visites,NON JE NE L AI PAS REMARQUEE,expérience intéressante,1,0,0,NA,NA,9,8,216.1498966398649,FALSE,196.0460613644682,TRUE,FALSE,FALSE,0,NA,2,FALSE,2026-10-23,choice_set_2,FALSE,FALSE,NA
synth0006,sete,6,hu0vmbrmxdqjf4v6mmwber7o1da38w50zrufi4lg-a63a1sfc74ew95ebqx,O,FALSE,NA,25,47,61,75,43,19,3,4367,3073.4370000362396,Femme,54,Non étudiant,J'habite en couple,1,3,1,0,0,"un lit de deux place avec un matelas confortable et propre ,  une ventilation , une baignoir, un mini frigo , la television , un petit balcon ,","Mes critères de confort, un appartement avec une superficie moyenne ou grande et très proche de la plage.",Bonnes expériences des dernièeres visites,NON JE NE L AI PAS REMARQUEE,expérience intéressante,1,0,0,NA,NA,9,8,216.1498966398649,FALSE,196.0460613644682,TRUE,FALSE,FALSE,0,NA,1,FALSE,2026-10-23,choice_set_2,FALSE,FALSE,NA
synth0006,sete,6,qe5hx70xfznjyf7p1-iv7ouh8d2vi6ic,O,FALSE,NA,25,47,61,75,43,19,3,4367,3073.4370000362396,Femme,54,Non étudiant,J'habite en couple,1,3,1,0,0,"un lit de deux place avec un matelas confortable et propre ,  une ventilation , une baignoir, un mini frigo , la television , un petit balcon ,","Mes critères de confort, un appartement avec une superficie moyenne ou grande et très proche de la plage.",Bonnes expériences des dernièeres visites,NON JE NE L AI PAS REMARQUEE,expérience intéressante,1,0,0,NA,NA,9,8,216.1498966398649,FALSE,196.0460613644682,TRUE,FALSE,FALSE,0,NA,2,FALSE,2026-10-23,choice_set_2,TRUE,FALSE,NA
synth0006,sete,6,14-d69ebokpdh97lntgz7tur0b41afm2,O,FALSE,NA,25,47,61,75,43,19,3,4367,3073.4370000362396,Femme,54,Non étudiant,J'habite en couple,1,3,1,0,0,"un lit de deux place avec un matelas confortable et propre ,  une ventilation , une baignoir, un mini frigo , la television , un petit balcon ,","Mes critères de confort, un appartement avec une superficie moyenne ou grande et très proche de la plage.",Bonnes expériences des dernièeres visites,NON JE NE L AI PAS REMARQUEE,expérience intéressante,1,0,0,NA,NA,9,8,216.1498966398649,FALSE,196.0460613644682,TRUE,FALSE,TRUE,8,152.76144768111408,3,FALSE,2026-10-23,choice_set_2,FALSE,FALSE,NA
synth0006,sete,7,45-z8t2yjhifuy1b-vz3-x2mahnzzr7dservg35zwlh1mm30nrgwsr8ul2sq,O,FALSE,NA,25,47,61,75,43,19,3,4367,3073.4370000362396,Femme,54,Non étudiant,J'habite en couple,1,3,1,0,0,"un lit de deux place avec un matelas confortable et propre ,  une ventilation , une baignoir, un mini frigo , la television , un petit balcon ,","Mes critères de confort, un appartement avec une superficie moyenne ou grande et très proche de la plage.",Bonnes expériences des dernièeres visites,NON JE NE L AI PAS REMARQUEE,expérience intéressante,1,0,0,NA,NA,9,6,210.95043691480532,FALSE,NA,TRUE,FALSE,FALSE,0,NA,1,FALSE,2026-11-20,choice_set_3,FALSE,FALSE,NA
synth0006,sete,7,42na91ess3,O,FALSE,NA,25,47,61,75,43,19,3,4367,3073.4370000362396,Femme,54,Non étudiant,J'habite en couple,1,3,1,0,0,"un lit de deux place avec un matelas confortable et propre ,  une ventilation , une baignoir, un mini frigo , la television , un petit balcon ,","Mes critères de confort, un appartement avec une superficie moyenne ou grande et très proche de la plage.",Bonnes expériences des dernièeres visites,NON JE NE L AI PAS REMARQUEE,expérience intéressante,1,0,0,NA,NA,9,6,210.95043691480532,FALSE,NA,TRUE,FALSE,FALSE,0,NA,3,FALSE,2026-11-20,choice_set_3,TRUE,FALSE,NA
synth0006,sete,7,z4iqpvqoi5,O,FALSE,NA,25,47,61,75,43,19,3,4367,3073.4370000362396,Femme,54,Non étudiant,J'habite en couple,1,3,1,0,0,"un lit de deux place avec un matelas confortable et propre ,  une ventilation , une baignoir, un mini frigo , la television , un petit balcon ,","Mes critères de confort, un appartement avec une superficie moyenne ou grande et très proche de la plage.",Bonnes expériences des dernièeres visites,NON JE NE L AI PAS REMARQUEE,expérience intéressante,1,0,0,NA,NA,9,6,210.95043691480532,FALSE,NA,TRUE,FALSE,FALSE,0,NA,3,FALSE,2026-11-20,choice_set_3,FALSE,FALSE,NA
synth0006,sete,7,58ea0bb-colpd2wc8469cy3-tgbeuogmb65lq7s44g2sy0yyxu70r8,O,FALSE,NA,25,47,61,75,43,19,3,4367,3073.4370000362396,Femme,54,Non étudiant,J'habite en couple,1,3,1,0,0,"un lit de deux place avec un matelas confortable et propre ,  une ventilation , une baignoir, un mini frigo , la television , un petit balcon ,","Mes critères de confort, un appartement avec une superficie moyenne ou grande et très proche de la plage.",Bonnes expériences des dernièeres visites,NON JE NE L AI PAS REMARQUEE,expérience intéressante,1,0,0,NA,NA,9,6,210.95043691480532,FALSE,NA,TRUE,FALSE,FALSE,0,NA,2,TRUE,2026-11-20,choice_set_3,FALSE,FALSE,NA
synth0006,sete,7,q5w4xo60ijmo6-v1b6,O,FALSE,NA,25,47,61,75,43,19,3,4367,3073.4370000362396,Femme,54,Non étudiant,J'habite en couple,1,3,1,0,0,"un lit de deux place avec un matelas confortable et propre ,  une ventilation , une baignoir, un mini frigo , la television , un petit balcon ,","Mes critères de confort, un appartement avec une superficie moyenne ou grande et très proche de la plage.",Bonnes expériences des dernièeres visites,NON JE NE L AI PAS REMARQUEE,expérience intéressante,1,0,0,NA,NA,9,6,210.95043691480532,FALSE,NA,TRUE,FALSE,TRUE,12,58.113287719897926,1,FALSE,2026-11-20,choice_set_3,FALSE,FALSE,NA
synth0006,sete,7,9tqbhxl524pbyr40o27oqsgrg62ijsz2dzk5-odpijtlq8o,O,FALSE,NA,25,47,61,75,43,19,3,4367,3073.4370000362396,Femme,54,Non étudiant,J'habite en couple,1,3,1,0,0,"un lit de deux place avec un matelas confortable et propre ,  une ventilation , une baignoir, un mini frigo , la television , un petit balcon ,","Mes critères de confort, un appartement avec une superficie moyenne ou grande et très proche de la plage.",Bonnes expériences des dernièeres visites,NON JE NE L AI PAS REMARQUEE,expérience intéressante,1,0,0,NA,NA,9,6,210.95043691480532,FALSE,NA,TRUE,TRUE,TRUE,7,NA,2,FALSE,2026-11-20,choice_set_3,TRUE,FALSE,NA
synth0006,sete,7,56a4og-ma8t7xd312pb9c708itrzye792zk2nyoywkh1oy-9xy-i,O,FALSE,NA,25,47,61,75,43,19,3,4367,3073.4370000362396,Femme,54,Non étudiant,J'habite en couple,1,3,1,0,0,"un lit de deux place avec un matelas confortable et propre ,  une ventilation , une baignoir, un mini frigo , la television , un petit balcon ,","Mes critères de confort, un appartement avec une superficie moyenne ou grande et très proche de la plage.",Bonnes expériences des dernièeres visites,NON JE NE L AI PAS REMARQUEE,expérience intéressante,1,0,0,NA,NA,9,6,210.95043691480532,FALSE,NA,TRUE,FALSE,FALSE,0,NA,1,FALSE,2026-11-20,choice_set_3,TRUE,FALSE,NA
synth0006,sete,7,-1pjuuv4-z5he3lpx5,O,FALSE,NA,25,47,61,75,43,19,3,4367,3073.4370000362396,Femme,54,Non étudiant,J'habite en couple,1,3,1,0,0,"un lit de deux place avec un matelas confortable et propre ,  une ventilation , une baignoir, un mini frigo , la television , un petit balcon ,","Mes critères de confort, un appartement avec une superficie moyenne ou grande et très proche de la plage.",Bonnes expériences des dernièeres visites,NON JE NE L AI PAS REMARQUEE,expérience intéressante,1,0,0,NA,NA,9,6,210.95043691480532,FALSE,NA,TRUE,FALSE,FALSE,0,NA,2,FALSE,2026-11-20,choice_set_3,FALSE,FALSE,NA
synth0006,sete,7,m1dnyecotw-sxlq0h9pgxtjyimnacn0ab6fwqs8v-lz,O,FALSE,NA,25,47,61,75,43,19,3,4367,3073.4370000362396,Femme,54,Non étudiant,J'habite en couple,1,3,1,0,0,"un lit de deux place avec un matelas confortable et propre ,  une ventilation , une baignoir, un mini frigo , la television , un petit balcon ,","Mes critères de confort, un appartement avec une superficie moyenne ou grande et très proche de la plage.",Bonnes expériences des dernièeres visites,NON JE NE L AI PAS REMARQUEE,expérience intéressante,1,0,0,NA,NA,9,6,210.95043691480532,FALSE,NA,TRUE,FALSE,FALSE,0,NA,3,FALSE,2026-11-20,choice_set_3,FALSE,FALSE,NA
synth0006,sete,8,dn24exnycjfgl3wsccdf4i4rlib6ix8nmuqz,O,FALSE,NA,25,47,61,75,43,19,3,4367,3073.4370000362396,Femme,54,Non étudiant,J'habite en couple,1,3,1,0,0,"un lit de deux place avec un matelas confortable et propre ,  une ventilation , une baignoir, un mini frigo , la television , un petit balcon ,","Mes critères de confort, un appartement avec une superficie moyenne ou grande et très proche de la plage.",Bonnes expériences des dernièeres visites,NON JE NE L AI PAS REMARQUEE,expérience intéressante,1,0,0,NA,NA,9,9,451.4890646894928,FALSE,77.30673029902391,TRUE,FALSE,FALSE,0,NA,1,FALSE,2026-11-13,choice_set_4,FALSE,FALSE,NA
synth0006,sete,8,hq33sfpl83429fnz4qrv,O,FALSE,NA,25,47,61,75,43,19,3,4367,3073.4370000362396,Femme,54,Non étudiant,J'habite en couple,1,3,1,0,0,"un lit de deux place avec un matelas confortable et propre ,  une ventilation , une baignoir, un mini frigo , la television , un petit balcon ,","Mes critères de confort, un appartement avec une superficie moyenne ou grande et très proche de la plage.",Bonnes expériences des dernièeres visites,NON JE NE L AI PAS REMARQUEE,expérience intéressante,1,0,0,NA,NA,9,9,451.4890646894928,FALSE,77.30673029902391,TRUE,FALSE,TRUE,6,185.76723730075173,2,FALSE,2026-11-13,choice_set_4,FALSE,FALSE,NA
synth0006,sete,8,v92y81ymcm8jl2nnc6c5hcp9o2viefpzsn0cgxbcn3240w7snshwunbok,O,FALSE,NA,25,47,61,75,43,19,3,4367,3073.4370000362396,Femme,54,Non étudiant,J'habite en couple,1,3,1,0,0,"un lit de deux place avec un matelas confortable et propre ,  une ventilation , une baignoir, un mini frigo , la television , un petit balcon ,","Mes critères de confort, un appartement avec une superficie moyenne ou grande et très proche de la plage.",Bonnes expériences des dernièeres visites,NON JE NE L AI PAS REMARQUEE,expérience intéressante,1,0,0,NA,NA,9,9,451.4890646894928,FALSE,77.30673029902391,TRUE,FALSE,FALSE,0,NA,1,TRUE,2026-11-13,choice_set_4,FALSE,FALSE,NA
synth0006,sete,8,dafjnq1bthx13g2cqwvbr5u925jrov2vfd2z95nz7fu1lc0rrwf0k,O,FALSE,NA,25,47,61,75,43,19,3,4367,3073.4370000362396,Femme,54,Non étudiant,J'habite en couple,1,3,1,0,0,"un lit de deux place avec un matelas confortable et propre ,  une ventilation , une baignoir, un mini frigo , la television , un petit balcon ,","Mes critères de confort, un appartement avec une superficie moyenne ou grande et très proche de la plage.",Bonnes expériences des dernièeres visites,NON JE NE L AI PAS REMARQUEE,expérience intéressante,1,0,0,NA,NA,9,9,451.4890646894928,FALSE,77.30673029902391,TRUE,FALSE,FALSE,0,NA,2,FALSE,2026-11-13,choice_set_4,TRUE,FALSE,NA
synth0006,sete,8,-nky7uk25uw210xo14u,O,FALSE,NA,25,47,61,75,43,19,3,4367,3073.4370000362396,Femme,54,Non étudiant,J'habite en couple,1,3,1,0,0,"un lit de deux place avec un matelas confortable et propre ,  une ventilation , une baignoir, un mini frigo , la television , un petit balcon ,","Mes critères de confort, un appartement avec une superficie moyenne ou grande et très proche de la plage.",Bonnes expériences des dernièeres visites,NON JE NE L AI PAS REMARQUEE,expérience intéressante,1,0,0,NA,NA,9,9,451.4890646894928,FALSE,77.30673029902391,TRUE,FALSE,FALSE,0,NA,1,FALSE,2026-11-13,choice_set_4,TRUE,FALSE,NA
synth0006,sete,8,8agupr6ydbv4u5ruwsxbl33lxn3rkjnlwlf7ss-dj6jichco17i,O,FALSE,NA,25,47,61,75,43,19,3,4367,3073.4370000362396,Femme,54,Non étudiant,J'habite en couple,1,3,1,0,0,"un lit de deux place avec un matelas confortable et propre ,  une ventilation , une baignoir, un mini frigo , la television , un petit balcon ,","Mes critères de confort, un appartement avec une superficie moyenne ou grande et très proche de la plage.",Bonnes expériences des dernièeres visites,NON JE NE L AI PAS REMARQUEE,expérience intéressante,1,0,0,NA,NA,9,9,451.4890646894928,FALSE,77.30673029902391,TRUE,FALSE,FALSE,0,NA,3,FALSE,2026-11-13,choice_set_4,TRUE,FALSE,NA
synth0006,sete,8,gw5ubzvah-3pmv038gzufu5p8vnaxhtdnz9bvlmc8k9zs5j4v,O,FALSE,NA,25,47,61,75,43,19,3,4367,3073.4370000362396,Femme,54,Non étudiant,J'habite en couple,1,3,1,0,0,"un lit de deux place avec un matelas confortable et propre ,  une ventilation , une baignoir, un mini frigo , la television , un petit balcon ,","Mes critères de confort, un appartement avec une superficie moyenne ou grande et très proche de la plage.",Bonnes expériences des dernièeres visites,NON JE NE L AI PAS REMARQUEE,expérience intéressante,1,0,0,NA,NA,9,9,451.4890646894928,FALSE,77.30673029902391,TRUE,TRUE,TRUE,3,27.19701680005528,3,FALSE,2026-11-13,choice_set_4,FALSE,FALSE,NA
synth0006,sete,8,ne8f-i-4z7hejoemdw4dy0rsj7kxjlqqv9niked,O,FALSE,NA,25,47,61,75,43,19,3,4367,3073.4370000362396,Femme,54,Non étudiant,J'habite en couple,1,3,1,0,0,"un lit de deux place avec un matelas confortable et propre ,  une ventilation , une baignoir, un mini frigo , la television , un petit balcon ,","Mes critères de confort, un appartement avec une superficie moyenne ou grande et très proche de la plage.",Bonnes expériences des dernièeres visites,NON JE NE L AI PAS REMARQUEE,expérience intéressante,1,0,0,NA,NA,9,9,451.4890646894928,FALSE,77.30673029902391,TRUE,FALSE,FALSE,0,NA,2,FALSE,2026-11-13,choice_set_4,FALSE,FALSE,NA
synth0006,sete,8,ce195b5vi5apei78optxvt2lg6y1b8ws1roaw4r,O,FALSE,NA,25,47,61,75,43,19,3,4367,3073.4370000362396,Femme,54,Non étudiant,J'habite en couple,1,3,1,0,0,"un lit de deux place avec un matelas confortable et propre ,  une ventilation , une baignoir, un mini frigo , la television , un petit balcon ,","Mes critères de confort, un appartement avec une superficie moyenne ou grande et très proche de la plage.",Bonnes expériences des dernièeres visites,NON JE NE L AI PAS REMARQUEE,expérience intéressante,1,0,0,NA,NA,9,9,451.4890646894928,FALSE,77.30673029902391,TRUE,FALSE,FALSE,0,NA,3,FALSE,2026-11-13,choice_set_4,FALSE,FALSE,NA
synth0006,le-treport,9,dj2wsy7-0a0p4uo-6a4fwzc3fiy6ev1qwrc2wkvv2d8-eeudzgls8,O,FALSE,NA,25,47,61,75,43,19,3,4367,3073.4370000362396,Femme,54,Non étudiant,J'habite en couple,1,3,1,0,0,"un lit de deux place avec un matelas confortable et propre ,  une ventilation , une baignoir, un mini frigo , la television , un petit balcon ,","Mes critères de confort, un appartement avec une superficie moyenne ou grande et très proche de la plage.",Bonnes expériences des dernièeres visites,NON JE NE L AI PAS REMARQUEE,expérience intéressante,1,0,0,TRUE,TRUE,9,4,442.29239515191875,FALSE,103.17845475580543,FALSE,FALSE,FALSE,0,NA,3,FALSE,2026-10-09,choice_set_1,FALSE,FALSE,NA
synth0006,le-treport,9,y4jzzayxuosu16mt7qsw76ajsgub9dosah0azuki8rge9a,O,FALSE,NA,25,47,61,75,43,19,3,4367,3073.4370000362396,Femme,54,Non étudiant,J'habite en couple,1,3,1,0,0,"un lit de deux place avec un matelas confortable et propre ,  une ventilation , une baignoir, un mini frigo , la television , un petit balcon ,","Mes critères de confort, un appartement avec une superficie moyenne ou grande et très proche de la plage.",Bonnes expériences des dernièeres visites,NON JE NE L AI PAS REMARQUEE,expérience intéressante,1,0,0,TRUE,TRUE,9,4,442.29239515191875,FALSE,103.17845475580543,FALSE,FALSE,FALSE,0,NA,1,FALSE,2026-10-09,choice_set_1,TRUE,FALSE,NA
synth0006,le-treport,9,dfj4koqv0ay4y34ovkpawmtvk8uww9qlmlz4rop3,O,FALSE,NA,25,47,61,75,43,19,3,4367,3073.4370000362396,Femme,54,Non étudiant,J'habite en couple,1,3,1,0,0,"un lit de deux place avec un matelas confortable et propre ,  une ventilation , une baignoir, un mini frigo , la television , un petit balcon ,","Mes critères de confort, un appartement avec une superficie moyenne ou grande et très proche de la plage.",Bonnes expériences des dernièeres visites,NON JE NE L AI PAS REMARQUEE,expérience intéressante,1,0,0,TRUE,TRUE,9,4,442.29239515191875,FALSE,103.17845475580543,FALSE,TRUE,TRUE,10,189.4595497730188,1,FALSE,2026-10-09,choice_set_1,FALSE,FALSE,NA
synth0006,le-treport,9,84hbxu3ewnmzwy98rlcbrkj1wpvjz,O,FALSE,NA,25,47,61,75,43,19,3,4367,3073.4370000362396,Femme,54,Non étudiant,J'habite en couple,1,3,1,0,0,"un lit de deux place avec un matelas confortable et propre ,  une ventilation , une baignoir, un mini frigo , la television , un petit balcon ,","Mes critères de confort, un appartement avec une superficie moyenne ou grande et très proche de la plage.",Bonnes expériences des dernièeres visites,NON JE NE L AI PAS REMARQUEE,expérience intéressante,1,0,0,TRUE,TRUE,9,4,442.29239515191875,FALSE,103.17845475580543,FALSE,FALSE,FALSE,0,NA,1,FALSE,2026-10-09,choice_set_1,FALSE,FALSE,NA
synth0006,le-treport,9,2enalp2tnqpyof5tukjkduw3tc1zw772yci2sz1nvg8ebe5y6otexcb,O,FALSE,NA,25,47,61,75,43,19,3,4367,3073.4370000362396,Femme,54,Non étudiant,J'habite en couple,1,3,1,0,0,"un lit de deux place avec un matelas confortable et propre ,  une ventilation , une baignoir, un mini frigo , la television , un petit balcon ,","Mes critères de confort, un appartement avec une superficie moyenne ou grande et très proche de la plage.",Bonnes expériences des dernièeres visites,NON JE NE L AI PAS REMARQUEE,expérience intéressante,1,0,0,TRUE,TRUE,9,4,442.29239515191875,FALSE,103.17845475580543,FALSE,FALSE,FALSE,0,NA,2,FALSE,2026-10-09,choice_set_1,FALSE,FALSE,NA
synth0006,le-treport,9,woakwlsjdj-tl4wm-qymraanwxvv-ef-d1vscv,O,FALSE,NA,25,47,61,75,43,19,3,4367,3073.4370000362396,Femme,54,Non étudiant,J'habite en couple,1,3,1,0,0,"un lit de deux place avec un matelas confortable et propre ,  une ventilation , une baignoir, un mini frigo , la television , un petit balcon ,","Mes critères de confort, un appartement avec une superficie moyenne ou grande et très proche de la plage.",Bonnes expériences des dernièeres visites,NON JE NE L AI PAS REMARQUEE,expérience intéressante,1,0,0,TRUE,TRUE,9,4,442.29239515191875,FALSE,103.17845475580543,FALSE,FALSE,TRUE,9,NA,2,FALSE,2026-10-09,choice_set_1,TRUE,FALSE,NA
synth0006,le-treport,9,17b-to1rhy3ex5z4b59vmzo2ooj6g-ys-xfsiops9pb67vcg1mjiva--pdv2,O,FALSE,NA,25,47,61,75,43,19,3,4367,3073.4370000362396,Femme,54,Non étudiant,J'habite en couple,1,3,1,0,0,"un lit de deux place avec un matelas confortable et propre ,  une ventilation , une baignoir, un mini frigo , la television , un petit balcon ,","Mes critères de confort, un appartement avec une superficie moyenne ou grande et très proche de la plage.",Bonnes expériences des dernièeres visites,NON JE NE L AI PAS REMARQUEE,expérience intéressante,1,0,0,TRUE,TRUE,9,4,442.29239515191875,FALSE,103.17845475580543,FALSE,FALSE,TRUE,1,182.6131978095509,2,FALSE,2026-10-09,choice_set_1,FALSE,FALSE,NA
synth0006,le-treport,9,ycyy28b01km8f7xjg1izadto,O,FALSE,NA,25,47,61,75,43,19,3,4367,3073.4370000362396,Femme,54,Non étudiant,J'habite en couple,1,3,1,0,0,"un lit de deux place avec un matelas confortable et propre ,  une ventilation , une baignoir, un mini frigo , la television , un petit balcon ,","Mes critères de confort, un appartement avec une superficie moyenne ou grande et très proche de la plage.",Bonnes expériences des dernièeres visites,NON JE NE L AI PAS REMARQUEE,expérience intéressante,1,0,0,TRUE,TRUE,9,4,442.29239515191875,FALSE,103.17845475580543,FALSE,FALSE,FALSE,0,NA,3,FALSE,2026-10-09,choice_set_1,TRUE,FALSE,NA
synth0006,le-treport,9,5zdkh-lnzh67v5pj5ule47g7ggx1cjimq-2txg0bo2qdim,O,FALSE,NA,25,47,61,75,43,19,3,4367,3073.4370000362396,Femme,54,Non étudiant,J'habite en couple,1,3,1,0,0,"un lit de deux place avec un matelas confortable et propre ,  une ventilation , une baignoir, un mini frigo , la television , un petit balcon ,","Mes critères de confort, un appartement avec une superficie moyenne ou grande et très proche de la plage.",Bonnes expériences des dernièeres visites,NON JE NE L AI PAS REMARQUEE,expérience intéressante,1,0,0,TRUE,TRUE,9,4,442.29239515191875,FALSE,103.17845475580543,FALSE,FALSE,FALSE,0,NA,3,FALSE,2026-10-09,choice_set_1,FALSE,FALSE,NA
synth0006,le-treport,10,1sng1f0lp6mmgu6oc2ekdqe6vtbqiastj7lakj8sombuwm-5r4y46-tot,O,FALSE,NA,25,47,61,75,43,19,3,4367,3073.4370000362396,Femme,54,Non étudiant,J'habite en couple,1,3,1,0,0,"un lit de deux place avec un matelas confortable et propre ,  une ventilation , une baignoir, un mini frigo , la television , un petit balcon ,","Mes critères de confort, un appartement avec une superficie moyenne ou grande et très proche de la plage.",Bonnes expériences des dernièeres visites,NON JE NE L AI PAS REMARQUEE,expérience intéressante,1,0,0,TRUE,TRUE,9,8,142.7406410209369,FALSE,169.9318112358451,FALSE,FALSE,FALSE,0,NA,1,FALSE,2026-11-13,choice_set_2,FALSE,FALSE,NA
synth0006,le-treport,10,n56p276,O,FALSE,NA,25,47,61,75,43,19,3,4367,3073.4370000362396,Femme,54,Non étudiant,J'habite en couple,1,3,1,0,0,"un lit de deux place avec un matelas confortable et propre ,  une ventilation , une baignoir, un mini frigo , la television , un petit balcon ,","Mes critères de confort, un appartement avec une superficie moyenne ou grande et très proche de la plage.",Bonnes expériences des dernièeres visites,NON JE NE L AI PAS REMARQUEE,expérience intéressante,1,0,0,TRUE,TRUE,9,8,142.7406410209369,FALSE,169.9318112358451,FALSE,FALSE,FALSE,0,NA,2,FALSE,2026-11-13,choice_set_2,FALSE,FALSE,NA
synth0006,le-treport,10,cv10fp8bsf6jscz4nh,O,FALSE,NA,25,47,61,75,43,19,3,4367,3073.4370000362396,Femme,54,Non étudiant,J'habite en couple,1,3,1,0,0,"un lit de deux place avec un matelas confortable et propre ,  une ventilation , une baignoir, un mini frigo , la television , un petit balcon ,","Mes critères de confort, un appartement avec une superficie moyenne ou grande et très proche de la plage.",Bonnes expériences des dernièeres visites,NON JE NE L AI PAS REMARQUEE,expérience intéressante,1,0,0,TRUE,TRUE,9,8,142.7406410209369,FALSE,169.9318112358451,FALSE,FALSE,TRUE,7,33.84117209468968,3,FALSE,2026-11-13,choice_set_2,FALSE,FALSE,NA
synth0006,le-treport,10,-5qa6jrazyg,O,FALSE,NA,25,47,61,75,43,19,3,4367,3073.4370000362396,Femme,54,Non étudiant,J'habite en couple,1,3,1,0,0,"un lit de deux place avec un matelas confortable et propre ,  une ventilation , une baignoir, un mini frigo , la television , un petit balcon ,","Mes critères de confort, un appartement avec une superficie moyenne ou grande et très proche de la plage.",Bonnes expériences des dernièeres visites,NON JE NE L AI PAS REMARQUEE,expérience intéressante,1,0,0,TRUE,TRUE,9,8,142.7406410209369,FALSE,169.9318112358451,FALSE,FALSE,FALSE,0,NA,2,FALSE,2026-11-13,choice_set_2,FALSE,FALSE,NA
synth0006,le-treport,10,ldx5x45-3qbj-xk1-tkn6035v3zr13w3729dwtc9mloz4p7og67,O,FALSE,NA,25,47,61,75,43,19,3,4367,3073.4370000362396,Femme,54,Non étudiant,J'habite en couple,1,3,1,0,0,"un lit de deux place avec un matelas confortable et propre ,  une ventilation , une baignoir, un mini frigo , la television , un petit balcon ,","Mes critères de confort, un appartement avec une superficie moyenne ou grande et très proche de la plage.",Bonnes expériences des dernièeres visites,NON JE NE L AI PAS REMARQUEE,expérience intéressante,1,0,0,TRUE,TRUE,9,8,142.7406410209369,FALSE,169.9318112358451,FALSE,FALSE,TRUE,7,NA,1,FALSE,2026-11-13,choice_set_2,TRUE,FALSE,NA
synth0006,le-treport,10,35o8xswcnqpybhkd3uar1py0v690fnso5u3zrwdmpniwbe,O,FALSE,NA,25,47,61,75,43,19,3,4367,3073.4370000362396,Femme,54,Non étudiant,J'habite en couple,1,3,1,0,0,"un lit de deux place avec un matelas confortable et propre ,  une ventilation , une baignoir, un mini frigo , la television , un petit balcon ,","Mes critères de confort, un appartement avec une superficie moyenne ou grande et très proche de la plage.",Bonnes expériences des dernièeres visites,NON JE NE L AI PAS REMARQUEE,expérience intéressante,1,0,0,TRUE,TRUE,9,8,142.7406410209369,FALSE,169.9318112358451,FALSE,TRUE,TRUE,6,270.6051772367209,1,FALSE,2026-11-13,choice_set_2,FALSE,FALSE,NA
synth0006,le-treport,10,h331169f446dvg79b,O,FALSE,NA,25,47,61,75,43,19,3,4367,3073.4370000362396,Femme,54,Non étudiant,J'habite en couple,1,3,1,0,0,"un lit de deux place avec un matelas confortable et propre ,  une ventilation , une baignoir, un mini frigo , la television , un petit balcon ,","Mes critères de confort, un appartement avec une superficie moyenne ou grande et très proche de la plage.",Bonnes expériences des dernièeres visites,NON JE NE L AI PAS REMARQUEE,expérience intéressante,1,0,0,TRUE,TRUE,9,8,142.7406410209369,FALSE,169.9318112358451,FALSE,FALSE,FALSE,0,NA,3,FALSE,2026-11-13,choice_set_2,FALSE,FALSE,NA
synth0006,le-treport,10,dsh2xiy-ceav67-mskywgkszgj2aaafn83s0dkxfbjn,O,FALSE,NA,25,47,61,75,43,19,3,4367,3073.4370000362396,Femme,54,Non étudiant,J'habite en couple,1,3,1,0,0,"un lit de deux place avec un matelas confortable et propre ,  une ventilation , une baignoir, un mini frigo , la television , un petit balcon ,","Mes critères de confort, un appartement avec une superficie moyenne ou grande et très proche de la plage.",Bonnes expériences des dernièeres visites,NON JE NE L AI PAS REMARQUEE,expérience intéressante,1,0,0,TRUE,TRUE,9,8,142.7406410209369,FALSE,169.9318112358451,FALSE,FALSE,FALSE,0,NA,2,FALSE,2026-11-13,choice_set_2,TRUE,FALSE,NA
synth0006,le-treport,10,u38lbl,O,FALSE,NA,25,47,61,75,43,19,3,4367,3073.4370000362396,Femme,54,Non étudiant,J'habite en couple,1,3,1,0,0,"un lit de deux place avec un matelas confortable et propre ,  une ventilation , une baignoir, un mini frigo , la television , un petit balcon ,","Mes critères de confort, un appartement avec une superficie moyenne ou grande et très proche de la plage.",Bonnes expériences des dernièeres visites,NON JE NE L AI PAS REMARQUEE,expérience intéressante,1,0,0,TRUE,TRUE,9,8,142.7406410209369,FALSE,169.9318112358451,FALSE,FALSE,FALSE,0,NA,3,FALSE,2026-11-13,choice_set_2,TRUE,FALSE,NA
synth0006,le-treport,11,l6xm3y0jc81wv9irzpfji-7ywrnscmmzptq6auj,O,FALSE,NA,25,47,61,75,43,19,3,4367,3073.4370000362396,Femme,54,Non étudiant,J'habite en couple,1,3,1,0,0,"un lit de deux place avec un matelas confortable et propre ,  une ventilation , une baignoir, un mini frigo , la television , un petit balcon ,","Mes critères de confort, un appartement avec une superficie moyenne ou grande et très proche de la plage.",Bonnes expériences des dernièeres visites,NON JE NE L AI PAS REMARQUEE,expérience intéressante,1,0,0,TRUE,TRUE,9,6,112.14043886656873,FALSE,83.42222279123962,TRUE,FALSE,FALSE,0,NA,3,TRUE,2026-10-23,choice_set_3,FALSE,FALSE,NA
synth0006,le-treport,11,zc85cmcb8nd32al6,O,FALSE,NA,25,47,61,75,43,19,3,4367,3073.4370000362396,Femme,54,Non étudiant,J'habite en couple,1,3,1,0,0,"un lit de deux place avec un matelas confortable et propre ,  une ventilation , une baignoir, un mini frigo , la television , un petit balcon ,","Mes critères de confort, un appartement avec une superficie moyenne ou grande et très proche de la plage.",Bonnes expériences des dernièeres visites,NON JE NE L AI PAS REMARQUEE,expérience intéressante,1,0,0,TRUE,TRUE,9,6,112.14043886656873,FALSE,83.42222279123962,TRUE,FALSE,FALSE,0,NA,2,FALSE,2026-10-23,choice_set_3,FALSE,FALSE,NA
synth0006,le-treport,11,95d4g3rwosmzhijp4jk1plz1tyqp9wujnhpmk-vvibt--j7tnb26bdjh,O,FALSE,NA,25,47,61,75,43,19,3,4367,3073.4370000362396,Femme,54,Non étudiant,J'habite en couple,1,3,1,0,0,"un lit de deux place avec un matelas confortable et propre ,  une ventilation , une baignoir, un mini frigo , la television , un petit balcon ,","Mes critères de confort, un appartement avec une superficie moyenne ou grande et très proche de la plage.",Bonnes expériences des dernièeres visites,NON JE NE L AI PAS REMARQUEE,expérience intéressante,1,0,0,TRUE,TRUE,9,6,112.14043886656873,FALSE,83.42222279123962,TRUE,FALSE,FALSE,0,NA,3,FALSE,2026-10-23,choice_set_3,FALSE,FALSE,NA
synth0006,le-treport,11,hb3wksonl8ntqyfse8aip,O,FALSE,NA,25,47,61,75,43,19,3,4367,3073.4370000362396,Femme,54,Non étudiant,J'habite en couple,1,3,1,0,0,"un lit de deux place avec un matelas confortable et propre ,  une ventilation , une baignoir, un mini frigo , la television , un petit balcon ,","Mes critères de confort, un appartement avec une superficie moyenne ou grande et très proche de la plage.",Bonnes expériences des dernièeres visites,NON JE NE L AI PAS REMARQUEE,expérience intéressante,1,0,0,TRUE,TRUE,9,6,112.14043886656873,FALSE,83.42222279123962,TRUE,FALSE,FALSE,0,NA,2,FALSE,2026-10-23,choice_set_3,TRUE,FALSE,NA
synth0006,le-treport,11,dofa7-x,O,FALSE,NA,25,47,61,75,43,19,3,4367,3073.4370000362396,Femme,54,Non étudiant,J'habite en couple,1,3,1,0,0,"un lit de deux place avec un matelas confortable et propre ,  une ventilation , une baignoir, un mini frigo , la television , un petit balcon ,","Mes critères de confort, un appartement avec une superficie moyenne ou grande et très proche de la plage.",Bonnes expériences des dernièeres visites,NON JE NE L AI PAS REMARQUEE,expérience intéressante,1,0,0,TRUE,TRUE,9,6,112.14043886656873,FALSE,83.42222279123962,TRUE,FALSE,TRUE,11,NA,3,FALSE,2026-10-23,choice_set_3,TRUE,FALSE,NA
synth0006,le-treport,11,i6zk6a2ultb27h,O,FALSE,NA,25,47,61,75,43,19,3,4367,3073.4370000362396,Femme,54,Non étudiant,J'habite en couple,1,3,1,0,0,"un lit de deux place avec un matelas confortable et propre ,  une ventilation , une baignoir, un mini frigo , la television , un petit balcon ,","Mes critères de confort, un appartement avec une superficie moyenne ou grande et très proche de la plage.",Bonnes expériences des dernièeres visites,NON JE NE L AI PAS REMARQUEE,expérience intéressante,1,0,0,TRUE,TRUE,9,6,112.14043886656873,FALSE,83.42222279123962,TRUE,FALSE,FALSE,0,NA,2,FALSE,2026-10-23,choice_set_3,FALSE,FALSE,NA
synth0006,le-treport,11,fsllrc99tk96yk08nyitxf6pd97bh342dhv4rxtrfje,O,FALSE,NA,25,47,61,75,43,19,3,4367,3073.4370000362396,Femme,54,Non étudiant,J'habite en couple,1,3,1,0,0,"un lit de deux place avec un matelas confortable et propre ,  une ventilation , une baignoir, un mini frigo , la television , un petit balcon ,","Mes critères de confort, un appartement avec une superficie moyenne ou grande et très proche de la plage.",Bonnes expériences des dernièeres visites,NON JE NE L AI PAS REMARQUEE,expérience intéressante,1,0,0,TRUE,TRUE,9,6,112.14043886656873,FALSE,83.42222279123962,TRUE,FALSE,FALSE,0,NA,1,FALSE,2026-10-23,choice_set_3,FALSE,FALSE,NA
synth0006,le-treport,11,0f3esltdyb0gn6vt-dkfhy9ny4,O,FALSE,NA,25,47,61,75,43,19,3,4367,3073.4370000362396,Femme,54,Non étudiant,J'habite en couple,1,3,1,0,0,"un lit de deux place avec un matelas confortable et propre ,  une ventilation , une baignoir, un mini frigo , la television , un petit balcon ,","Mes critères de confort, un appartement avec une superficie moyenne ou grande et très proche de la plage.",Bonnes expériences des dernièeres visites,NON JE NE L AI PAS REMARQUEE,expérience intéressante,1,0,0,TRUE,TRUE,9,6,112.14043886656873,FALSE,83.42222279123962,TRUE,TRUE,TRUE,3,296.79927933961153,1,FALSE,2026-10-23,choice_set_3,TRUE,FALSE,NA
synth0006,le-treport,11,awrsmdswjxk57vh3yp983ek,O,FALSE,NA,25,47,61,75,43,19,3,4367,3073.4370000362396,Femme,54,Non étudiant,J'habite en couple,1,3,1,0,0,"un lit de deux place avec un matelas confortable et propre ,  une ventilation , une baignoir, un mini frigo , la television , un petit balcon ,","Mes critères de confort, un appartement avec une superficie moyenne ou grande et très proche de la plage.",Bonnes expériences des dernièeres visites,NON JE NE L AI PAS REMARQUEE,expérience intéressante,1,0,0,TRUE,TRUE,9,6,112.14043886656873,FALSE,83.42222279123962,TRUE,FALSE,FALSE,0,NA,1,FALSE,2026-10-23,choice_set_3,FALSE,FALSE,NA
synth0006,le-treport,12,y9e11tjwmf5haqvwtnrrtr71xvxlg8v03f17c-yxuzra9phzf,O,FALSE,NA,25,47,61,75,43,19,3,4367,3073.4370000362396,Femme,54,Non étudiant,J'habite en couple,1,3,1,0,0,"un lit de deux place avec un matelas confortable et propre ,  une ventilation , une baignoir, un mini frigo , la television , un petit balcon ,","Mes critères de confort, un appartement avec une superficie moyenne ou grande et très proche de la plage.",Bonnes expériences des dernièeres visites,NON JE NE L AI PAS REMARQUEE,expérience intéressante,1,0,0,TRUE,TRUE,9,4,446.56962963123806,FALSE,6.462048382963985,FALSE,FALSE,FALSE,0,NA,2,FALSE,2026-10-23,choice_set_4,TRUE,FALSE,NA
synth0006,le-treport,12,e1c1ciycsdhgqw6okqse2lrt6qcdsfztftz28jqpem348p1ug9w72os2rgls,O,FALSE,NA,25,47,61,75,43,19,3,4367,3073.4370000362396,Femme,54,Non étudiant,J'habite en couple,1,3,1,0,0,"un lit de deux place avec un matelas confortable et propre ,  une ventilation , une baignoir, un mini frigo , la television , un petit balcon ,","Mes critères de confort, un appartement avec une superficie moyenne ou grande et très proche de la plage.",Bonnes expériences des dernièeres visites,NON JE NE L AI PAS REMARQUEE,expérience intéressante,1,0,0,TRUE,TRUE,9,4,446.56962963123806,FALSE,6.462048382963985,FALSE,FALSE,FALSE,0,NA,3,FALSE,2026-10-23,choice_set_4,FALSE,FALSE,NA
synth0006,le-treport,12,7jazrn90x0rq51kmuqfy4roth0x,O,FALSE,NA,25,47,61,75,43,19,3,4367,3073.4370000362396,Femme,54,Non étudiant,J'habite en couple,1,3,1,0,0,"un lit de deux place avec un matelas confortable et propre ,  une ventilation , une baignoir, un mini frigo , la television , un petit balcon ,","Mes critères de confort, un appartement avec une superficie moyenne ou grande et très proche de la plage.",Bonnes expériences des dernièeres visites,NON JE NE L AI PAS REMARQUEE,expérience intéressante,1,0,0,TRUE,TRUE,9,4,446.56962963123806,FALSE,6.462048382963985,FALSE,FALSE,TRUE,5,NA,2,FALSE,2026-10-23,choice_set_4,FALSE,FALSE,NA
synth0006,le-treport,12,v0nwm3n9butldafubw0-fo4rwiapdn5e2,O,FALSE,NA,25,47,61,75,43,19,3,4367,3073.4370000362396,Femme,54,Non étudiant,J'habite en couple,1,3,1,0,0,"un lit de deux place avec un matelas confortable et propre ,  une ventilation , une baignoir, un mini frigo , la television , un petit balcon ,","Mes critères de confort, un appartement avec une superficie moyenne ou grande et très proche de la plage.",Bonnes expériences des dernièeres visites,NON JE NE L AI PAS REMARQUEE,expérience intéressante,1,0,0,TRUE,TRUE,9,4,446.56962963123806,FALSE,6.462048382963985,FALSE,FALSE,FALSE,0,NA,3,FALSE,2026-10-23,choice_set_4,TRUE,FALSE,NA
synth0006,le-treport,12,lu1xu4x9sh-s2kju4tf7ufv8xa7rwiudkeghueu6h61bvd2nx5kf9hklm,O,FALSE,NA,25,47,61,75,43,19,3,4367,3073.4370000362396,Femme,54,Non étudiant,J'habite en couple,1,3,1,0,0,"un lit de deux place avec un matelas confortable et propre ,  une ventilation , une baignoir, un mini frigo , la television , un petit balcon ,","Mes critères de confort, un appartement avec une superficie moyenne ou grande et très proche de la plage.",Bonnes expériences des dernièeres visites,NON JE NE L AI PAS REMARQUEE,expérience intéressante,1,0,0,TRUE,TRUE,9,4,446.56962963123806,FALSE,6.462048382963985,FALSE,FALSE,FALSE,0,NA,1,FALSE,2026-10-23,choice_set_4,TRUE,FALSE,NA
synth0006,le-treport,12,wbw740vfrjp65pmjaci22zgglz5hj51,O,FALSE,NA,25,47,61,75,43,19,3,4367,3073.4370000362396,Femme,54,Non étudiant,J'habite en couple,1,3,1,0,0,"un lit de deux place avec un matelas confortable et propre ,  une ventilation , une baignoir, un mini frigo , la television , un petit balcon ,","Mes critères de confort, un appartement avec une superficie moyenne ou grande et très proche de la plage.",Bonnes expériences des dernièeres visites,NON JE NE L AI PAS REMARQUEE,expérience intéressante,1,0,0,TRUE,TRUE,9,4,446.56962963123806,FALSE,6.462048382963985,FALSE,FALSE,FALSE,0,NA,1,FALSE,2026-10-23,choice_set_4,FALSE,FALSE,NA
synth0006,le-treport,12,o9xh-bf0najn3j9mjefcgyaqxermzhm91tfggmbnby,O,FALSE,NA,25,47,61,75,43,19,3,4367,3073.4370000362396,Femme,54,Non étudiant,J'habite en couple,1,3,1,0,0,"un lit de deux place avec un matelas confortable et propre ,  une ventilation , une baignoir, un mini frigo , la television , un petit balcon ,","Mes critères de confort, un appartement avec une superficie moyenne ou grande et très proche de la plage.",Bonnes expériences des dernièeres visites,NON JE NE L AI PAS REMARQUEE,expérience intéressante,1,0,0,TRUE,TRUE,9,4,446.56962963123806,FALSE,6.462048382963985,FALSE,FALSE,TRUE,11,NA,2,FALSE,2026-10-23,choice_set_4,FALSE,FALSE,NA
synth0006,le-treport,12,mp3t2x9xfwzgugxeik80f-z06,O,FALSE,NA,25,47,61,75,43,19,3,4367,3073.4370000362396,Femme,54,Non étudiant,J'habite en couple,1,3,1,0,0,"un lit de deux place avec un matelas confortable et propre ,  une ventilation , une baignoir, un mini frigo , la television , un petit balcon ,","Mes critères de confort, un appartement avec une superficie moyenne ou grande et très proche de la plage.",Bonnes expériences des dernièeres visites,NON JE NE L AI PAS REMARQUEE,expérience intéressante,1,0,0,TRUE,TRUE,9,4,446.56962963123806,FALSE,6.462048382963985,FALSE,FALSE,FALSE,0,NA,3,FALSE,2026-10-23,choice_set_4,FALSE,FALSE,NA
synth0006,le-treport,12,uuznyg8mxloeiwxsjs35ibp66g-2tqmpy3q5j03hv4fe81ph9iq1ps,O,FALSE,NA,25,47,61,75,43,19,3,4367,3073.4370000362396,Femme,54,Non étudiant,J'habite en couple,1,3,1,0,0,"un lit de deux place avec un matelas confortable et propre ,  une ventilation , une baignoir, un mini frigo , la television , un petit balcon ,","Mes critères de confort, un appartement avec une superficie moyenne ou grande et très proche de la plage.",Bonnes expériences des dernièeres visites,NON JE NE L AI PAS REMARQUEE,expérience intéressante,1,0,0,TRUE,TRUE,9,4,446.56962963123806,FALSE,6.462048382963985,FALSE,TRUE,TRUE,1,42.39299811888486,1,FALSE,2026-10-23,choice_set_4,FALSE,FALSE,NA
synth0001,arcachon,1,4aq61b4hpc-mla34-f,N,FALSE,0,25,28,76,80,0,25,4,3603,3130.786999940872,Femme,66,Étudiant,J'habite seul,1,3,4,0,0,distance depuis la mer ou le centre-ville ou une grande ville; distance depuis la gare/aéroport; le prix.,"Pour choisir les logements sur le site, j'ai procédé en sélectionnant d'abord par ordre de priorité. Pour les villes dont le centre ville ne m'intéressait pas, j'ai choisi de prioriser mes choix en fonction de la distance de la plage, des équipements du logement et de l'accessibilité des transports. Pour le cas général, j'ai d'abord priorisé les options possibles dans le logement et j'ai privilégié les hôtels : pas de ménage, restauration possible et équipements de type climatisation disponibles.",que c est ok j aime ou je prefere,je n'ai pas fait attention,expérience intéressante,0,0,0,NA,NA,9,9,321.23101392760873,FALSE,147.58107461361215,TRUE,TRUE,TRUE,7,101.84085052809678,1,TRUE,2026-10-02,choice_set_1,FALSE,FALSE,NA
